idx,t_s,drive_g,phase,x,y,yaw_body_deg,turn_phase,probe_id,probe_offset_deg,pose_id
0,0.0,0,drive,1.2,-0.45,39.495770213250545,False,-1,0.0,0
1,0.2,1,drive,1.2308668615574476,-0.4245591498256572,39.606870156471125,False,-1,0.0,1
2,0.4,2,drive,1.2616843337868,-0.3990584948263618,39.675165612692275,False,-1,0.0,2
3,0.6000000000000001,3,drive,1.2924713878449339,-0.37352112412337934,39.69990832260388,False,-1,0.0,3
4,0.8,4,drive,1.3232474109297607,-0.3479704606665882,39.68082719989841,False,-1,0.0,4
5,1.0,5,drive,1.3540319414047615,-0.32243004791671764,39.6181313013492,False,-1,0.0,5
6,1.2000000000000002,6,drive,1.3848444010367578,-0.2969233364190235,39.51250753634073,False,-1,0.0,6
7,1.4000000000000001,7,drive,1.415703829460635,-0.2714734704596202,39.36511314094562,False,-1,0.0,7
8,1.6,8,drive,1.4466286259263983,-0.24610307504387788,39.17756299900407,False,-1,0.0,8
9,1.8,9,drive,1.477636303192964,-0.2208340435916733,38.95191194911859,False,-1,0.0,9
10,2.0,10,drive,1.508743258113827,-0.1956873269958351,38.69063227141224,False,-1,0.0,10
11,2.2,11,drive,1.5399645630197327,-0.1706827250199496,38.396586600710265,False,-1,0.0,11
12,2.4000000000000004,12,drive,1.571313781453695,-0.1458386813961809,38.072996562913886,False,-1,0.0,12
13,2.6,13,drive,1.6028028111686319,-0.12117208439513862,37.72340747819276,False,-1,0.0,13
14,2.8000000000000003,14,drive,1.6344417565757647,-0.09669807504798705,37.35164951771532,False,-1,0.0,14
15,3.0,15,drive,1.666238832054457,-0.07242986557546212,36.96179573949192,False,-1,0.0,15
16,3.2,16,drive,1.6982002967263485,-0.04837857089040551,36.5581174630989,False,-1,0.0,16
17,3.4000000000000004,17,drive,1.7303304204859946,-0.024553056264487724,36.14503747220755,False,-1,0.0,17
18,3.6,18,drive,1.7626314802958698,-0.0009598043657167536,35.72708155764061,False,-1,0.0,18
19,3.8000000000000003,19,drive,1.7951037850250557,0.02239719513282516,35.30882893186099,False,-1,0.0,19
20,4.0,20,drive,1.8277457264665913,0.04551653030768196,34.8948620581617,False,-1,0.0,20
21,4.2,21,drive,1.8605538536340402,0.06839942330145565,34.48971644423914,False,-1,0.0,21
22,4.4,22,drive,1.893522967034793,0.0910497557839669,34.09783095022161,False,-1,0.0,22
23,4.6000000000000005,23,drive,1.9266462293617261,0.11347406163322732,33.72349915558888,False,-1,0.0,23
24,4.800000000000001,24,drive,1.9599152889450095,0.13568148549201697,33.370822317816916,False,-1,0.0,24
25,5.0,25,drive,1.9933204123633028,0.15768370650282856,33.04366443814271,False,-1,0.0,25
26,5.2,26,drive,2.0268506228215646,0.17949482721279375,32.74560992675817,False,-1,0.0,26
27,5.4,27,drive,2.0604938412466165,0.20113122834616756,32.479924331261934,False,-1,0.0,27
28,5.6000000000000005,28,drive,2.09423702750968,0.22261139084127451,32.24951855863655,False,-1,0.0,28
29,5.800000000000001,29,drive,2.128066319729541,0.24395568722000885,32.0569169827424,False,-1,0.0,29
30,6.0,30,drive,2.1619671702084235,0.26518614498258286,31.90422978674946,False,-1,0.0,30
31,6.2,31,drive,2.1959244771700153,0.28632618528330694,31.793129843528877,False,-1,0.0,31
32,6.4,32,drive,2.229922712069487,0.30740034063341126,31.72483438730773,False,-1,0.0,32
33,6.6000000000000005,33,drive,2.2639460427941827,0.32843395578625584,31.700091677396127,False,-1,0.0,33
34,6.800000000000001,34,drive,2.2979784535393932,0.34945287628349503,31.719172800101596,False,-1,0.0,34
35,7.0,35,drive,2.332003862499698,0.3704831293747918,31.7818686986508,False,-1,0.0,35
36,7.2,36,drive,2.366006238742437,0.3915506021669237,31.887492463659274,False,-1,0.0,36
37,7.4,37,drive,2.399969719713151,0.41268072190988675,32.03488685905439,False,-1,0.0,37
38,7.6000000000000005,38,drive,2.4338787307585465,0.4338981432876891,32.22243700099594,False,-1,0.0,38
39,7.800000000000001,39,drive,2.467718107844366,0.45522644745008606,32.44808805088142,False,-1,0.0,39
40,8.0,39,turn,2.467718107844366,0.45522644745008606,27.688088050881415,True,-1,0.0,40
41,8.200000000000001,39,turn,2.467718107844366,0.45522644745008606,22.928088050881414,True,-1,0.0,41
42,8.4,39,turn,2.467718107844366,0.45522644745008606,18.168088050881416,True,-1,0.0,42
43,8.6,39,turn,2.467718107844366,0.45522644745008606,13.408088050881414,True,-1,0.0,43
44,8.8,39,turn,2.467718107844366,0.45522644745008606,8.648088050881416,True,-1,0.0,44
45,9.0,39,turn,2.467718107844366,0.45522644745008606,3.8880880508814144,True,-1,0.0,45
46,9.200000000000001,39,turn,2.467718107844366,0.45522644745008606,-0.8719119491185907,True,-1,0.0,46
47,9.4,39,turn,2.467718107844366,0.45522644745008606,-5.631911949118589,True,-1,0.0,47
48,9.600000000000001,39,turn,2.467718107844366,0.45522644745008606,-10.391911949118587,True,-1,0.0,48
49,9.8,39,turn,2.467718107844366,0.45522644745008606,-15.151911949118585,True,-1,0.0,49
50,10.0,39,turn,2.467718107844366,0.45522644745008606,-19.91191194911859,True,-1,0.0,50
51,10.200000000000001,39,turn,2.467718107844366,0.45522644745008606,-24.671911949118588,True,-1,0.0,51
52,10.4,39,turn,2.467718107844366,0.45522644745008606,-29.431911949118586,True,-1,0.0,52
53,10.600000000000001,39,turn,2.467718107844366,0.45522644745008606,-34.1919119491186,True,-1,0.0,53
54,10.8,39,turn,2.467718107844366,0.45522644745008606,-38.95191194911859,True,-1,0.0,54
55,11.0,40,drive,2.4988250627652286,0.4300797308542479,-38.69063227141224,False,-1,0.0,55
56,11.200000000000001,41,drive,2.5300463676711344,0.4050751288783624,-38.396586600710265,False,-1,0.0,56
57,11.4,42,drive,2.5613955861050965,0.38023108525459365,-38.072996562913886,False,-1,0.0,57
58,11.600000000000001,43,drive,2.5928846158200334,0.35556448825355136,-37.72340747819276,False,-1,0.0,58
59,11.8,44,drive,2.6245235612271665,0.3310904789063998,-37.35164951771532,False,-1,0.0,59
60,12.0,45,drive,2.6563206367058587,0.30682226943387486,-36.96179573949192,False,-1,0.0,60
61,12.200000000000001,46,drive,2.6882821013777503,0.28277097474881824,-36.558117463098895,False,-1,0.0,61
62,12.4,47,drive,2.7204122251373963,0.25894546012290043,-36.14503747220755,False,-1,0.0,62
63,12.600000000000001,48,drive,2.7527132849472715,0.23535220822412944,-35.72708155764061,False,-1,0.0,63
64,12.8,49,drive,2.7851855896764577,0.21199520872558753,-35.30882893186099,False,-1,0.0,64
65,13.0,50,drive,2.817827531117993,0.1888758735507307,-34.8948620581617,False,-1,0.0,65
66,13.200000000000001,51,drive,2.8506356582854417,0.16599298055695702,-34.489716444239136,False,-1,0.0,66
67,13.4,52,drive,2.8836047716861946,0.1433426480744458,-34.09783095022161,False,-1,0.0,67
68,13.600000000000001,53,drive,2.916728034013128,0.12091834222518538,-33.72349915558888,False,-1,0.0,68
69,13.8,54,drive,2.9499970935964113,0.09871091836639573,-33.370822317816916,False,-1,0.0,69
70,14.0,55,drive,2.9834022170147043,0.07670869735558414,-33.04366443814271,False,-1,0.0,70
71,14.200000000000001,56,drive,3.016932427472966,0.05489757664561894,-32.74560992675817,False,-1,0.0,71
72,14.4,57,drive,3.050575645898018,0.033261175512245125,-32.479924331261934,False,-1,0.0,72
73,14.600000000000001,58,drive,3.0843188321610815,0.011781013017138159,-32.249518558636545,False,-1,0.0,73
74,14.8,59,drive,3.1181481243809426,-0.009563283361596175,-32.0569169827424,False,-1,0.0,74
75,15.0,60,drive,3.152048974859825,-0.0307937411241702,-31.90422978674946,False,-1,0.0,75
76,15.200000000000001,61,drive,3.1860062818214168,-0.051933781424894285,-31.793129843528877,False,-1,0.0,76
77,15.4,62,drive,3.2200045167208886,-0.0730079367749986,-31.72483438730773,False,-1,0.0,77
78,15.600000000000001,63,drive,3.254027847445584,-0.09404155192784319,-31.700091677396127,False,-1,0.0,78
79,15.8,64,drive,3.2880602581907947,-0.11506047242508236,-31.719172800101596,False,-1,0.0,79
80,16.0,65,drive,3.3220856671510997,-0.1360907255163791,-31.7818686986508,False,-1,0.0,80
81,16.2,66,drive,3.3560880433938385,-0.15715819830851108,-31.887492463659274,False,-1,0.0,81
82,16.400000000000002,67,drive,3.3900515243645524,-0.17828831805147413,-32.03488685905439,False,-1,0.0,82
83,16.6,68,drive,3.423960535409948,-0.1995057394292765,-32.22243700099594,False,-1,0.0,83
84,16.8,69,drive,3.4577999124957675,-0.22083404359167347,-32.44808805088142,False,-1,0.0,84
85,17.0,70,drive,3.4915550289566912,-0.2422954534407367,-32.70936772858776,False,-1,0.0,85
86,17.2,71,drive,3.525211926662471,-0.26391056937433,-33.00341339928974,False,-1,0.0,86
87,17.400000000000002,72,drive,3.55875745144471,-0.28569812929012117,-33.32700343708612,False,-1,0.0,87
88,17.6,73,drive,3.592179392033078,-0.30767479617360516,-33.676592521807244,False,-1,0.0,88
89,17.8,74,drive,3.6254666211325657,-0.3298549760393817,-34.048350482284675,False,-1,0.0,89
90,18.0,75,drive,3.6586092366705025,-0.35225066837751917,-34.43820426050808,False,-1,0.0,90
91,18.2,76,drive,3.691598700688732,-0.3748713505907053,-34.8418825369011,False,-1,0.0,91
92,18.400000000000002,77,drive,3.724427972885436,-0.39772389721104257,-35.254962527792465,False,-1,0.0,92
93,18.6,78,drive,3.7570916354510433,-0.42081253397894525,-35.672918442359396,False,-1,0.0,93
94,18.8,78,turn,3.7570916354510433,-0.42081253397894525,-30.912918442359395,True,-1,0.0,94
95,19.0,78,turn,3.7570916354510433,-0.42081253397894525,-26.152918442359393,True,-1,0.0,95
96,19.200000000000003,78,turn,3.7570916354510433,-0.42081253397894525,-21.392918442359395,True,-1,0.0,96
97,19.400000000000002,78,turn,3.7570916354510433,-0.42081253397894525,-16.632918442359394,True,-1,0.0,97
98,19.6,78,turn,3.7570916354510433,-0.42081253397894525,-11.872918442359396,True,-1,0.0,98
99,19.8,78,turn,3.7570916354510433,-0.42081253397894525,-7.112918442359394,True,-1,0.0,99
100,20.0,78,turn,3.7570916354510433,-0.42081253397894525,-2.352918442359389,True,-1,0.0,100
101,20.200000000000003,78,turn,3.7570916354510433,-0.42081253397894525,2.407081557640609,True,-1,0.0,101
102,20.400000000000002,78,turn,3.7570916354510433,-0.42081253397894525,7.167081557640607,True,-1,0.0,102
103,20.6,78,turn,3.7570916354510433,-0.42081253397894525,11.927081557640605,True,-1,0.0,103
104,20.8,78,turn,3.7570916354510433,-0.42081253397894525,16.68708155764061,True,-1,0.0,104
105,21.0,78,turn,3.7570916354510433,-0.42081253397894525,21.447081557640608,True,-1,0.0,105
106,21.200000000000003,78,turn,3.7570916354510433,-0.42081253397894525,26.207081557640606,True,-1,0.0,106
107,21.400000000000002,78,turn,3.7570916354510433,-0.42081253397894525,30.96708155764062,True,-1,0.0,107
108,21.6,78,turn,3.7570916354510433,-0.42081253397894525,35.72708155764061,True,-1,0.0,108
109,21.8,79,drive,3.7895639401802295,-0.3974555344804033,35.30882893186099,False,-1,0.0,109
110,22.0,80,drive,3.822205881621765,-0.3743361993055465,34.894862058161706,False,-1,0.0,110
111,22.200000000000003,81,drive,3.8550140087892135,-0.3514533063117728,34.48971644423914,False,-1,0.0,111
112,22.400000000000002,82,drive,3.8879831221899663,-0.32880297382926155,34.09783095022161,False,-1,0.0,112
113,22.6,83,drive,3.9211063845168996,-0.30637866798000113,33.72349915558888,False,-1,0.0,113
114,22.8,84,drive,3.954375444100183,-0.2841712441212115,33.370822317816916,False,-1,0.0,114
115,23.0,85,drive,3.987780567518476,-0.2621690231103999,33.04366443814271,False,-1,0.0,115
116,23.200000000000003,86,drive,4.021310777976738,-0.2403579024004347,32.74560992675818,False,-1,0.0,116
117,23.400000000000002,87,drive,4.05495399640179,-0.21872150126706089,32.479924331261934,False,-1,0.0,117
118,23.6,88,drive,4.088697182664854,-0.19724133877195393,32.249518558636545,False,-1,0.0,118
119,23.8,89,drive,4.122526474884714,-0.1758970423932196,32.0569169827424,False,-1,0.0,119
120,24.0,90,drive,4.156427325363597,-0.1546665846306456,31.90422978674946,False,-1,0.0,120
121,24.200000000000003,91,drive,4.1903846323251885,-0.1335265443299215,31.793129843528877,False,-1,0.0,121
122,24.400000000000002,92,drive,4.22438286722466,-0.11245238897981719,31.72483438730773,False,-1,0.0,122
123,24.6,93,drive,4.258406197949356,-0.0914187738269726,31.700091677396127,False,-1,0.0,123
124,24.8,94,drive,4.292438608694567,-0.07039985332973342,31.719172800101596,False,-1,0.0,124
125,25.0,95,drive,4.326464017654873,-0.04936960023843666,31.7818686986508,False,-1,0.0,125
126,25.200000000000003,96,drive,4.360466393897612,-0.028302127446304698,31.887492463659278,False,-1,0.0,126
127,25.400000000000002,97,drive,4.394429874868326,-0.00717200770334165,32.03488685905439,False,-1,0.0,127
128,25.6,98,drive,4.428338885913722,0.014045413674460706,32.22243700099594,False,-1,0.0,128
129,25.8,99,drive,4.462178262999542,0.03537371783685767,32.44808805088142,False,-1,0.0,129
130,26.0,100,drive,4.495933379460466,0.0568351276859209,32.709367728587765,False,-1,0.0,130
131,26.200000000000003,101,drive,4.529590277166245,0.0784502436195142,33.00341339928974,False,-1,0.0,131
132,26.400000000000002,102,drive,4.5631358019484844,0.1002378035353054,33.32700343708613,False,-1,0.0,132
133,26.6,103,drive,4.596557742536852,0.12221447041878936,33.67659252180725,False,-1,0.0,133
134,26.8,104,drive,4.629844971636341,0.14439465028456586,34.048350482284675,False,-1,0.0,134
135,27.0,105,drive,4.662987587174277,0.16679034262270334,34.43820426050809,False,-1,0.0,135
136,27.200000000000003,106,drive,4.695977051192506,0.18941102483588948,34.84188253690111,False,-1,0.0,136
137,27.400000000000002,107,drive,4.728806323389211,0.21226357145622674,35.25496252779246,False,-1,0.0,137
138,27.6,108,drive,4.761469985954818,0.2353522082241294,35.67291844235939,False,-1,0.0,138
139,27.8,109,drive,4.793964356119884,0.25867850041932644,36.09117106813902,False,-1,0.0,139
140,28.0,110,drive,4.826287582755376,0.28224137418019357,36.5051379418383,False,-1,0.0,140
141,28.200000000000003,111,drive,4.858439723445198,0.30603716895704325,36.91028355576087,False,-1,0.0,141
142,28.400000000000002,112,drive,4.89042279868681,0.33005971874030704,37.30216904977839,False,-1,0.0,142
143,28.6,113,drive,4.92224082026063,0.35430045930506604,37.67650084441112,False,-1,0.0,143
144,28.8,114,drive,4.953899791327364,0.37874855843353966,38.02917768218309,False,-1,0.0,144
145,29.0,115,drive,4.985407676443977,0.40339106592523744,38.356335561857286,False,-1,0.0,145
146,29.200000000000003,116,drive,5.0167743404081735,0.42821308018188364,38.65439007324184,False,-1,0.0,146
147,29.400000000000002,117,drive,5.0480114556201,0.45319792825500327,38.92007566873807,False,-1,0.0,147
148,29.6,117,turn,5.0480114556201,0.45319792825500327,34.160075668738074,True,-1,0.0,148
149,29.8,117,turn,5.0480114556201,0.45319792825500327,29.40007566873807,True,-1,0.0,149
150,30.0,117,turn,5.0480114556201,0.45319792825500327,24.64007566873807,True,-1,0.0,150
151,30.200000000000003,117,turn,5.0480114556201,0.45319792825500327,19.88007566873807,True,-1,0.0,151
152,30.400000000000002,117,turn,5.0480114556201,0.45319792825500327,15.120075668738071,True,-1,0.0,152
153,30.6,117,turn,5.0480114556201,0.45319792825500327,10.36007566873807,True,-1,0.0,153
154,30.8,117,turn,5.0480114556201,0.45319792825500327,5.600075668738064,True,-1,0.0,154
155,31.0,117,turn,5.0480114556201,0.45319792825500327,0.8400756687380664,True,-1,0.0,155
156,31.200000000000003,117,turn,5.0480114556201,0.45319792825500327,-3.9199243312619316,True,-1,0.0,156
157,31.400000000000002,117,turn,5.0480114556201,0.45319792825500327,-8.67992433126193,True,-1,0.0,157
158,31.6,117,turn,5.0480114556201,0.45319792825500327,-13.439924331261935,True,-1,0.0,158
159,31.8,117,turn,5.0480114556201,0.45319792825500327,-18.199924331261933,True,-1,0.0,159
160,32.0,117,turn,5.0480114556201,0.45319792825500327,-22.95992433126193,True,-1,0.0,160
161,32.2,117,turn,5.0480114556201,0.45319792825500327,-27.719924331261943,True,-1,0.0,161
162,32.4,117,turn,5.0480114556201,0.45319792825500327,-32.479924331261934,True,-1,0.0,162
163,32.6,118,drive,5.081754641883164,0.4317177657598963,-32.249518558636545,False,-1,0.0,163
164,32.800000000000004,119,drive,5.115583934103024,0.4103734693811619,-32.0569169827424,False,-1,0.0,164
165,33.0,120,drive,5.149484784581907,0.3891430116185879,-31.90422978674946,False,-1,0.0,165
166,33.2,121,drive,5.183442091543498,0.3680029713178638,-31.793129843528877,False,-1,0.0,166
167,33.4,122,drive,5.21744032644297,0.3469288159677595,-31.72483438730773,False,-1,0.0,167
168,33.6,123,drive,5.251463657167666,0.3258952008149149,-31.700091677396127,False,-1,0.0,168
169,33.800000000000004,124,drive,5.285496067912877,0.3048762803176757,-31.719172800101596,False,-1,0.0,169
170,34.0,125,drive,5.319521476873183,0.28384602722637897,-31.781868698650804,False,-1,0.0,170
171,34.2,126,drive,5.353523853115922,0.262778554434247,-31.887492463659278,False,-1,0.0,171
172,34.4,127,drive,5.387487334086636,0.24164843469128397,-32.034886859054396,False,-1,0.0,172
173,34.6,128,drive,5.421396345132032,0.2204310133134816,-32.22243700099594,False,-1,0.0,173
174,34.800000000000004,129,drive,5.455235722217852,0.19910270915108463,-32.44808805088142,False,-1,0.0,174
175,35.0,130,drive,5.488990838678776,0.1776412993020214,-32.709367728587765,False,-1,0.0,175
176,35.2,131,drive,5.522647736384555,0.1560261833684281,-33.00341339928974,False,-1,0.0,176
177,35.4,132,drive,5.556193261166794,0.13423862345263693,-33.32700343708612,False,-1,0.0,177
178,35.6,133,drive,5.589615201755162,0.11226195656915297,-33.676592521807244,False,-1,0.0,178
179,35.800000000000004,134,drive,5.6229024308546505,0.09008177670337647,-34.04835048228468,False,-1,0.0,179
180,36.0,135,drive,5.656045046392587,0.06768608436523897,-34.43820426050809,False,-1,0.0,180
181,36.2,136,drive,5.689034510410816,0.04506540215205282,-34.84188253690111,False,-1,0.0,181
182,36.4,137,drive,5.721863782607521,0.022212855531715574,-35.25496252779246,False,-1,0.0,182
183,36.6,138,drive,5.754527445173128,-0.0008757812361870863,-35.672918442359396,False,-1,0.0,183
184,36.800000000000004,139,drive,5.787021815338194,-0.024202073431384117,-36.09117106813901,False,-1,0.0,184
185,37.0,140,drive,5.819345041973686,-0.04776494719225127,-36.5051379418383,False,-1,0.0,185
186,37.2,141,drive,5.851497182663508,-0.07156074196910096,-36.910283555760856,False,-1,0.0,186
187,37.4,142,drive,5.88348025790512,-0.09558329175236471,-37.302169049778385,False,-1,0.0,187
188,37.6,143,drive,5.9152982794789395,-0.11982403231712373,-37.676500844411116,False,-1,0.0,188
189,37.800000000000004,144,drive,5.946957250545674,-0.14427213144559736,-38.02917768218309,False,-1,0.0,189
190,38.0,145,drive,5.978465135662287,-0.16891463893729516,-38.35633556185729,False,-1,0.0,190
191,38.2,146,drive,6.009831799626483,-0.19373665319394137,-38.654390073241835,False,-1,0.0,191
192,38.400000000000006,147,drive,6.04106891483841,-0.21872150126706097,-38.92007566873807,False,-1,0.0,192
193,38.6,148,drive,6.0721898376771275,-0.24385092946721237,-39.15048144136345,False,-1,0.0,193
194,38.800000000000004,149,drive,6.103209455199264,-0.2691053019357653,-39.343083017257605,False,-1,0.0,194
195,39.0,150,drive,6.134144004250036,-0.2944638049480762,-39.49577021325054,False,-1,0.0,195
196,39.2,151,drive,6.165010865807483,-0.31990465512241906,-39.60687015647113,False,-1,0.0,196
197,39.400000000000006,152,drive,6.1958283380368355,-0.34540531012171444,-39.675165612692275,False,-1,0.0,197
198,39.6,153,drive,6.22661539209497,-0.3709426808246969,-39.69990832260388,False,-1,0.0,198
199,39.800000000000004,154,drive,6.2573914151797965,-0.396493344281488,-39.68082719989841,False,-1,0.0,199
200,40.0,155,drive,6.288175945654797,-0.4220337570313586,-39.6181313013492,False,-1,0.0,200
201,40.2,156,drive,6.3189884052867935,-0.4475404685290527,-39.51250753634073,False,-1,0.0,201
202,40.400000000000006,156,turn,6.3189884052867935,-0.4475404685290527,-34.75250753634073,True,-1,0.0,202
203,40.6,156,turn,6.3189884052867935,-0.4475404685290527,-29.992507536340725,True,-1,0.0,203
204,40.800000000000004,156,turn,6.3189884052867935,-0.4475404685290527,-25.232507536340727,True,-1,0.0,204
205,41.0,156,turn,6.3189884052867935,-0.4475404685290527,-20.472507536340725,True,-1,0.0,205
206,41.2,156,turn,6.3189884052867935,-0.4475404685290527,-15.712507536340727,True,-1,0.0,206
207,41.400000000000006,156,turn,6.3189884052867935,-0.4475404685290527,-10.952507536340725,True,-1,0.0,207
208,41.6,156,turn,6.3189884052867935,-0.4475404685290527,-6.19250753634072,True,-1,0.0,208
209,41.800000000000004,156,turn,6.3189884052867935,-0.4475404685290527,-1.4325075363407223,True,-1,0.0,209
210,42.0,156,turn,6.3189884052867935,-0.4475404685290527,3.3274924636592758,True,-1,0.0,210
211,42.2,156,turn,6.3189884052867935,-0.4475404685290527,8.087492463659274,True,-1,0.0,211
212,42.400000000000006,156,turn,6.3189884052867935,-0.4475404685290527,12.847492463659279,True,-1,0.0,212
213,42.6,156,turn,6.3189884052867935,-0.4475404685290527,17.607492463659277,True,-1,0.0,213
214,42.800000000000004,156,turn,6.3189884052867935,-0.4475404685290527,22.367492463659275,True,-1,0.0,214
215,43.0,156,turn,6.3189884052867935,-0.4475404685290527,27.127492463659287,True,-1,0.0,215
216,43.2,156,turn,6.3189884052867935,-0.4475404685290527,31.887492463659278,True,-1,0.0,216
217,43.400000000000006,157,drive,6.352951886257507,-0.4264103487860897,32.03488685905439,False,-1,0.0,217
218,43.6,158,drive,6.3868608973029035,-0.40519292740828733,32.22243700099594,False,-1,0.0,218
219,43.800000000000004,159,drive,6.420700274388723,-0.3838646232458904,32.44808805088141,False,-1,0.0,219
220,44.0,160,drive,6.454455390849647,-0.36240321339682713,32.70936772858776,False,-1,0.0,220
221,44.2,161,drive,6.488112288555427,-0.34078809746323385,33.003413399289734,False,-1,0.0,221
222,44.400000000000006,162,drive,6.521657813337666,-0.3190005375474427,33.32700343708612,False,-1,0.0,222
223,44.6,163,drive,6.555079753926034,-0.29702387066395874,33.676592521807244,False,-1,0.0,223
224,44.800000000000004,164,drive,6.588366983025522,-0.2748436907981822,34.04835048228468,False,-1,0.0,224
225,45.0,165,drive,6.621509598563459,-0.25244799846004473,34.438204260508094,False,-1,0.0,225
226,45.2,166,drive,6.654499062581688,-0.2298273162468586,34.84188253690111,False,-1,0.0,226
227,45.400000000000006,167,drive,6.6873283347783925,-0.20697476962652134,35.25496252779245,False,-1,0.0,227
228,45.6,168,drive,6.719991997344,-0.18388613285861868,35.67291844235939,False,-1,0.0,228
229,45.800000000000004,169,drive,6.752486367509065,-0.16055984066342166,36.09117106813903,False,-1,0.0,229
230,46.0,170,drive,6.784809594144558,-0.1369969669025545,36.505137941838306,False,-1,0.0,230
231,46.2,171,drive,6.816961734834379,-0.1132011721257048,36.91028355576087,False,-1,0.0,231
232,46.400000000000006,172,drive,6.8489448100759915,-0.08917862234244103,37.302169049778385,False,-1,0.0,232
233,46.6,173,drive,6.880762831649811,-0.06493788177768202,37.676500844411116,False,-1,0.0,233
234,46.800000000000004,174,drive,6.912421802716546,-0.04048978264920838,38.02917768218308,False,-1,0.0,234
235,47.0,175,drive,6.943929687833158,-0.0158472751575106,38.35633556185729,False,-1,0.0,235
236,47.2,176,drive,6.975296351797355,0.008974739099135619,38.654390073241835,False,-1,0.0,236
237,47.400000000000006,177,drive,7.006533467009281,0.033959587172255216,38.920075668738065,False,-1,0.0,237
238,47.6,178,drive,7.037654389847999,0.059089015372406614,39.15048144136346,False,-1,0.0,238
239,47.800000000000004,179,drive,7.068674007370135,0.08434338784095953,39.343083017257605,False,-1,0.0,239
240,48.0,180,drive,7.0996085564209075,0.10970189085327042,39.495770213250545,False,-1,0.0,240
241,48.2,181,drive,7.130475417978355,0.13514274102761326,39.606870156471125,False,-1,0.0,241
242,48.400000000000006,182,drive,7.161292890207707,0.16064339602690866,39.675165612692275,False,-1,0.0,242
243,48.6,183,drive,7.192079944265841,0.18618076672989112,39.69990832260388,False,-1,0.0,243
244,48.800000000000004,184,drive,7.222855967350668,0.21173143018668225,39.68082719989841,False,-1,0.0,244
245,49.0,185,drive,7.2536404978256686,0.23727184293655282,39.6181313013492,False,-1,0.0,245
246,49.2,186,drive,7.284452957457665,0.26277855443424697,39.512507536340735,False,-1,0.0,246
247,49.400000000000006,187,drive,7.315312385881542,0.28822842039365026,39.36511314094562,False,-1,0.0,247
248,49.6,188,drive,7.346237182347306,0.3135988158093926,39.17756299900407,False,-1,0.0,248
249,49.800000000000004,189,drive,7.377244859613871,0.3388678472615972,38.95191194911858,False,-1,0.0,249
250,50.0,190,drive,7.408351814534734,0.36401456385743536,38.69063227141225,False,-1,0.0,250
251,50.2,191,drive,7.43957311944064,0.38901916583332086,38.39658660071026,False,-1,0.0,251
252,50.400000000000006,192,drive,7.470922337874602,0.41386320945708954,38.07299656291387,False,-1,0.0,252
253,50.6,193,drive,7.502411367589539,0.43852980645813183,37.72340747819276,False,-1,0.0,253
254,50.800000000000004,194,drive,7.534050312996672,0.4630038158052834,37.35164951771532,False,-1,0.0,254
255,51.0,195,drive,7.565847388475364,0.48727202527780833,36.961795739491926,False,-1,0.0,255
256,51.2,195,turn,7.565847388475364,0.48727202527780833,32.20179573949193,True,-1,0.0,256
257,51.400000000000006,195,turn,7.565847388475364,0.48727202527780833,27.441795739491923,True,-1,0.0,257
258,51.6,195,turn,7.565847388475364,0.48727202527780833,22.681795739491925,True,-1,0.0,258
259,51.800000000000004,195,turn,7.565847388475364,0.48727202527780833,17.921795739491923,True,-1,0.0,259
260,52.0,195,turn,7.565847388475364,0.48727202527780833,13.161795739491925,True,-1,0.0,260
261,52.2,195,turn,7.565847388475364,0.48727202527780833,8.401795739491924,True,-1,0.0,261
262,52.400000000000006,195,turn,7.565847388475364,0.48727202527780833,3.6417957394919185,True,-1,0.0,262
263,52.6,195,turn,7.565847388475364,0.48727202527780833,-1.1182042605080795,True,-1,0.0,263
264,52.800000000000004,195,turn,7.565847388475364,0.48727202527780833,-5.8782042605080775,True,-1,0.0,264
265,53.0,195,turn,7.565847388475364,0.48727202527780833,-10.638204260508076,True,-1,0.0,265
266,53.2,195,turn,7.565847388475364,0.48727202527780833,-15.39820426050808,True,-1,0.0,266
267,53.400000000000006,195,turn,7.565847388475364,0.48727202527780833,-20.15820426050808,True,-1,0.0,267
268,53.6,195,turn,7.565847388475364,0.48727202527780833,-24.918204260508077,True,-1,0.0,268
269,53.800000000000004,195,turn,7.565847388475364,0.48727202527780833,-29.67820426050809,True,-1,0.0,269
270,54.0,195,turn,7.565847388475364,0.48727202527780833,-34.43820426050808,True,-1,0.0,270
271,54.2,196,drive,7.5988368524935925,0.4646513430646222,-34.84188253690111,False,-1,0.0,271
272,54.400000000000006,197,drive,7.631666124690297,0.44179879644428494,-35.254962527792465,False,-1,0.0,272
273,54.6,198,drive,7.664329787255904,0.41871015967638225,-35.67291844235939,False,-1,0.0,273
274,54.800000000000004,199,drive,7.69682415742097,0.3953838674811852,-36.09117106813902,False,-1,0.0,274
275,55.0,200,drive,7.729147384056462,0.37182099372031807,-36.505137941838306,False,-1,0.0,275
276,55.2,201,drive,7.761299524746284,0.3480251989434684,-36.91028355576087,False,-1,0.0,276
277,55.400000000000006,202,drive,7.793282599987896,0.3240026491602046,-37.3021690497784,False,-1,0.0,277
278,55.6,203,drive,7.825100621561716,0.2997619085954456,-37.67650084441113,False,-1,0.0,278
279,55.800000000000004,204,drive,7.856759592628451,0.275313809466972,-38.0291776821831,False,-1,0.0,279
280,56.0,205,drive,7.888267477745063,0.2506713019752742,-38.35633556185728,False,-1,0.0,280
281,56.2,206,drive,7.91963414170926,0.225849287718628,-38.65439007324184,False,-1,0.0,281
282,56.400000000000006,207,drive,7.950871256921186,0.2008644396455084,-38.92007566873808,False,-1,0.0,282
283,56.6,208,drive,7.981992179759904,0.175735011445357,-39.15048144136345,False,-1,0.0,283
284,56.800000000000004,209,drive,8.01301179728204,0.15048063897680408,-39.3430830172576,False,-1,0.0,284
285,57.0,210,drive,8.043946346332811,0.1251221359644932,-39.495770213250545,False,-1,0.0,285
286,57.2,211,drive,8.074813207890259,0.09968128579015036,-39.606870156471125,False,-1,0.0,286
287,57.400000000000006,212,drive,8.105630680119612,0.07418063079085496,-39.675165612692275,False,-1,0.0,287
288,57.6,213,drive,8.136417734177746,0.048643260087872495,-39.69990832260388,False,-1,0.0,288
289,57.800000000000004,214,drive,8.167193757262574,0.023092596631081364,-39.68082719989841,False,-1,0.0,289
290,58.0,215,drive,8.197978287737575,-0.0024478161187891957,-39.6181313013492,False,-1,0.0,290
291,58.2,216,drive,8.22879074736957,-0.027954527616483333,-39.512507536340735,False,-1,0.0,291
292,58.400000000000006,217,drive,8.259650175793448,-0.05340439357588664,-39.36511314094561,False,-1,0.0,292
293,58.6,218,drive,8.290574972259211,-0.07877478899162897,-39.17756299900407,False,-1,0.0,293
294,58.800000000000004,219,drive,8.321582649525777,-0.10404382044383356,-38.95191194911858,False,-1,0.0,294
295,59.0,220,drive,8.35268960444664,-0.12919053703967173,-38.69063227141225,False,-1,0.0,295
296,59.2,221,drive,8.383910909352545,-0.15419513901555723,-38.39658660071026,False,-1,0.0,296
297,59.400000000000006,222,drive,8.415260127786508,-0.17903918263932594,-38.07299656291387,False,-1,0.0,297
298,59.6,223,drive,8.446749157501445,-0.2037057796403682,-37.72340747819276,False,-1,0.0,298
299,59.800000000000004,224,drive,8.478388102908578,-0.22817978898751975,-37.35164951771532,False,-1,0.0,299
300,60.0,225,drive,8.510185178387271,-0.2524479984600447,-36.96179573949191,False,-1,0.0,300
301,60.2,226,drive,8.542146643059162,-0.2764992931451013,-36.558117463098895,False,-1,0.0,301
302,60.400000000000006,227,drive,8.574276766818809,-0.3003248077710191,-36.14503747220754,False,-1,0.0,302
303,60.6,228,drive,8.606577826628683,-0.3239180596697901,-35.7270815576406,False,-1,0.0,303
304,60.800000000000004,229,drive,8.63905013135787,-0.347275059168332,-35.30882893186097,False,-1,0.0,304
305,61.0,230,drive,8.671692072799406,-0.3703943943431888,-34.89486205816171,False,-1,0.0,305
306,61.2,231,drive,8.704500199966855,-0.39327728733696254,-34.48971644423915,False,-1,0.0,306
307,61.400000000000006,232,drive,8.737469313367608,-0.4159276198194738,-34.09783095022159,False,-1,0.0,307
308,61.6,233,drive,8.770592575694542,-0.4383519256687342,-33.72349915558889,False,-1,0.0,308
309,61.800000000000004,234,drive,8.803861635277825,-0.46055934952752386,-33.37082231781692,False,-1,0.0,309
310,62.0,234,turn,8.803861635277825,-0.46055934952752386,-28.610822317816922,True,-1,0.0,310
311,62.2,234,turn,8.803861635277825,-0.46055934952752386,-23.85082231781692,True,-1,0.0,311
312,62.400000000000006,234,turn,8.803861635277825,-0.46055934952752386,-19.090822317816922,True,-1,0.0,312
313,62.6,234,turn,8.803861635277825,-0.46055934952752386,-14.33082231781692,True,-1,0.0,313
314,62.800000000000004,234,turn,8.803861635277825,-0.46055934952752386,-9.570822317816923,True,-1,0.0,314
315,63.0,234,turn,8.803861635277825,-0.46055934952752386,-4.810822317816921,True,-1,0.0,315
316,63.2,234,turn,8.803861635277825,-0.46055934952752386,-0.05082231781691604,True,-1,0.0,316
317,63.400000000000006,234,turn,8.803861635277825,-0.46055934952752386,4.709177682183082,True,-1,0.0,317
318,63.6,234,turn,8.803861635277825,-0.46055934952752386,9.46917768218308,True,-1,0.0,318
319,63.800000000000004,234,turn,8.803861635277825,-0.46055934952752386,14.229177682183078,True,-1,0.0,319
320,64.0,234,turn,8.803861635277825,-0.46055934952752386,18.989177682183083,True,-1,0.0,320
321,64.2,234,turn,8.803861635277825,-0.46055934952752386,23.74917768218308,True,-1,0.0,321
322,64.4,234,turn,8.803861635277825,-0.46055934952752386,28.50917768218308,True,-1,0.0,322
323,64.60000000000001,234,turn,8.803861635277825,-0.46055934952752386,33.26917768218309,True,-1,0.0,323
324,64.8,234,turn,8.803861635277825,-0.46055934952752386,38.02917768218308,True,-1,0.0,324
325,65.0,235,drive,8.835369520394437,-0.4359168420358261,38.35633556185729,False,-1,0.0,325
326,65.2,236,drive,8.866736184358635,-0.4110948277791799,38.654390073241835,False,-1,0.0,326
327,65.4,237,drive,8.89797329957056,-0.3861099797060603,38.92007566873807,False,-1,0.0,327
328,65.60000000000001,238,drive,8.92909422240928,-0.3609805515059089,39.15048144136345,False,-1,0.0,328
329,65.8,239,drive,8.960113839931415,-0.335726179037356,39.343083017257605,False,-1,0.0,329
330,66.0,240,drive,8.991048388982186,-0.3103676760250451,39.495770213250545,False,-1,0.0,330
331,66.2,241,drive,9.021915250539633,-0.2849268258507023,39.606870156471125,False,-1,0.0,331
332,66.4,242,drive,9.052732722768987,-0.2594261708514069,39.675165612692275,False,-1,0.0,332
333,66.60000000000001,243,drive,9.08351977682712,-0.23388880014842445,39.69990832260388,False,-1,0.0,333
334,66.8,244,drive,9.114295799911948,-0.2083381366916333,39.68082719989841,False,-1,0.0,334
335,67.0,245,drive,9.14508033038695,-0.18279772394176275,39.6181313013492,False,-1,0.0,335
336,67.2,246,drive,9.175892790018946,-0.15729101244406862,39.51250753634073,False,-1,0.0,336
337,67.4,247,drive,9.206752218442823,-0.13184114648466533,39.36511314094561,False,-1,0.0,337
338,67.60000000000001,248,drive,9.237677014908586,-0.106470751068923,39.17756299900407,False,-1,0.0,338
339,67.8,249,drive,9.268684692175151,-0.0812017196167184,38.95191194911859,False,-1,0.0,339
340,68.0,250,drive,9.299791647096015,-0.05605500302088022,38.69063227141224,False,-1,0.0,340
341,68.2,251,drive,9.33101295200192,-0.03105040104499471,38.39658660071026,False,-1,0.0,341
342,68.4,252,drive,9.362362170435883,-0.006206357421225998,38.07299656291387,False,-1,0.0,342
343,68.60000000000001,253,drive,9.39385120015082,0.018460239579816268,37.723407478192755,False,-1,0.0,343
344,68.8,254,drive,9.425490145557953,0.042934248926967816,37.35164951771531,False,-1,0.0,344
345,69.0,255,drive,9.457287221036646,0.06720245839949274,36.961795739491926,False,-1,0.0,345
346,69.2,256,drive,9.489248685708537,0.09125375308454936,36.55811746309891,False,-1,0.0,346
347,69.4,257,drive,9.521378809468183,0.11507926771046714,36.14503747220753,False,-1,0.0,347
348,69.60000000000001,258,drive,9.553679869278058,0.1386725196092381,35.727081557640616,False,-1,0.0,348
349,69.8,259,drive,9.586152174007244,0.16202951910778002,35.30882893186099,False,-1,0.0,349
350,70.0,260,drive,9.61879411544878,0.18514885428263683,34.8948620581617,False,-1,0.0,350
351,70.2,261,drive,9.65160224261623,0.20803174727641052,34.489716444239136,False,-1,0.0,351
352,70.4,262,drive,9.684571356016983,0.23068207975892174,34.097830950221606,False,-1,0.0,352
353,70.60000000000001,263,drive,9.717694618343916,0.25310638560818216,33.72349915558889,False,-1,0.0,353
354,70.8,264,drive,9.7509636779272,0.2753138094669718,33.37082231781692,False,-1,0.0,354
355,71.0,265,drive,9.784368801345492,0.2973160304777834,33.04366443814271,False,-1,0.0,355
356,71.2,266,drive,9.817899011803753,0.3191271511877486,32.74560992675817,False,-1,0.0,356
357,71.4,267,drive,9.851542230228805,0.3407635523211224,32.479924331261934,False,-1,0.0,357
358,71.60000000000001,268,drive,9.885285416491868,0.36224371481622936,32.249518558636545,False,-1,0.0,358
359,71.8,269,drive,9.91911470871173,0.38358801119496366,32.0569169827424,False,-1,0.0,359
360,72.0,270,drive,9.953015559190613,0.4048184689575377,31.90422978674946,False,-1,0.0,360
361,72.2,271,drive,9.986972866152204,0.4259585092582618,31.793129843528877,False,-1,0.0,361
362,72.4,272,drive,10.020971101051677,0.4470326646083661,31.72483438730773,False,-1,0.0,362
363,72.60000000000001,273,drive,10.054994431776372,0.4680662797612107,31.700091677396127,False,-1,0.0,363
364,72.8,273,turn,10.054994431776372,0.4680662797612107,26.940091677396126,True,-1,0.0,364
365,73.0,273,turn,10.054994431776372,0.4680662797612107,22.180091677396128,True,-1,0.0,365
366,73.2,273,turn,10.054994431776372,0.4680662797612107,17.420091677396126,True,-1,0.0,366
367,73.4,273,turn,10.054994431776372,0.4680662797612107,12.660091677396125,True,-1,0.0,367
368,73.60000000000001,273,turn,10.054994431776372,0.4680662797612107,7.9000916773961265,True,-1,0.0,368
369,73.8,273,turn,10.054994431776372,0.4680662797612107,3.140091677396125,True,-1,0.0,369
370,74.0,273,turn,10.054994431776372,0.4680662797612107,-1.6199083226038802,True,-1,0.0,370
371,74.2,273,turn,10.054994431776372,0.4680662797612107,-6.379908322603878,True,-1,0.0,371
372,74.4,273,turn,10.054994431776372,0.4680662797612107,-11.139908322603876,True,-1,0.0,372
373,74.60000000000001,273,turn,10.054994431776372,0.4680662797612107,-15.899908322603874,True,-1,0.0,373
374,74.8,273,turn,10.054994431776372,0.4680662797612107,-20.65990832260388,True,-1,0.0,374
375,75.0,273,turn,10.054994431776372,0.4680662797612107,-25.419908322603877,True,-1,0.0,375
376,75.2,273,turn,10.054994431776372,0.4680662797612107,-30.179908322603875,True,-1,0.0,376
377,75.4,273,turn,10.054994431776372,0.4680662797612107,-34.939908322603884,True,-1,0.0,377
378,75.60000000000001,273,turn,10.054994431776372,0.4680662797612107,-39.699908322603875,True,-1,0.0,378
379,75.8,274,drive,10.0857704548612,0.44251561630441955,-39.68082719989841,False,-1,0.0,379
380,76.0,275,drive,10.116554985336201,0.416975203554549,-39.6181313013492,False,-1,0.0,380
381,76.2,276,drive,10.147367444968197,0.39146849205685486,-39.51250753634073,False,-1,0.0,381
382,76.4,277,drive,10.178226873392074,0.36601862609745156,-39.36511314094561,False,-1,0.0,382
383,76.60000000000001,278,drive,10.209151669857837,0.34064823068170924,-39.177562999004074,False,-1,0.0,383
384,76.80000000000001,279,drive,10.240159347124402,0.31537919922950464,-38.951911949118575,False,-1,0.0,384
385,77.0,280,drive,10.271266302045266,0.29023248263366647,-38.69063227141225,False,-1,0.0,385
386,77.2,281,drive,10.302487606951171,0.26522788065778097,-38.39658660071027,False,-1,0.0,386
387,77.4,282,drive,10.333836825385134,0.24038383703401225,-38.072996562913886,False,-1,0.0,387
388,77.60000000000001,283,drive,10.365325855100071,0.21571724003297,-37.72340747819276,False,-1,0.0,388
389,77.80000000000001,284,drive,10.396964800507204,0.19124323068581844,-37.35164951771532,False,-1,0.0,389
390,78.0,285,drive,10.428761875985897,0.16697502121329352,-36.961795739491926,False,-1,0.0,390
391,78.2,286,drive,10.460723340657788,0.1429237265282369,-36.558117463098895,False,-1,0.0,391
392,78.4,287,drive,10.492853464417434,0.11909821190231912,-36.14503747220754,False,-1,0.0,392
393,78.60000000000001,288,drive,10.52515452422731,0.09550496000354816,-35.727081557640616,False,-1,0.0,393
394,78.80000000000001,289,drive,10.557626828956495,0.07214796050500624,-35.30882893186099,False,-1,0.0,394
395,79.0,290,drive,10.590268770398032,0.04902862533014944,-34.8948620581617,False,-1,0.0,395
396,79.2,291,drive,10.62307689756548,0.026145732336375748,-34.489716444239136,False,-1,0.0,396
397,79.4,292,drive,10.656046010966234,0.0034953998538645135,-34.097830950221606,False,-1,0.0,397
398,79.60000000000001,293,drive,10.689169273293167,-0.018928905995395894,-33.723499155588875,False,-1,0.0,398
399,79.80000000000001,294,drive,10.72243833287645,-0.04113632985418554,-33.37082231781691,False,-1,0.0,399
400,80.0,295,drive,10.755843456294743,-0.06313855086499712,-33.04366443814273,False,-1,0.0,400
401,80.2,296,drive,10.789373666753004,-0.08494967157496233,-32.74560992675818,False,-1,0.0,401
402,80.4,297,drive,10.823016885178056,-0.10658607270833614,-32.47992433126193,False,-1,0.0,402
403,80.60000000000001,298,drive,10.85676007144112,-0.1280662352034431,-32.24951855863655,False,-1,0.0,403
404,80.80000000000001,299,drive,10.89058936366098,-0.14941053158217743,-32.05691698274241,False,-1,0.0,404
405,81.0,300,drive,10.924490214139864,-0.17064098934475147,-31.90422978674947,False,-1,0.0,405
406,81.2,300,probe,10.924490214139864,-0.17064098934475147,-36.90422978674947,False,0,-5.0,832
407,81.4,300,probe,10.924490214139864,-0.17064098934475147,-41.90422978674947,False,0,-10.0,833
408,81.60000000000001,300,probe,10.924490214139864,-0.17064098934475147,-46.90422978674947,False,0,-15.0,834
409,81.80000000000001,300,probe,10.924490214139864,-0.17064098934475147,-51.90422978674947,False,0,-20.0,835
410,82.0,300,probe,10.924490214139864,-0.17064098934475147,-56.90422978674947,False,0,-25.0,836
411,82.2,300,probe,10.924490214139864,-0.17064098934475147,-61.90422978674947,False,0,-30.0,837
412,82.4,300,probe,10.924490214139864,-0.17064098934475147,-66.90422978674947,False,0,-35.0,838
413,82.60000000000001,300,probe,10.924490214139864,-0.17064098934475147,-71.90422978674947,False,0,-40.0,839
414,82.80000000000001,300,probe,10.924490214139864,-0.17064098934475147,-76.90422978674947,False,0,-45.0,840
415,83.0,300,probe,10.924490214139864,-0.17064098934475147,-71.90422978674947,False,0,-40.0,839
416,83.2,300,probe,10.924490214139864,-0.17064098934475147,-66.90422978674947,False,0,-35.0,838
417,83.4,300,probe,10.924490214139864,-0.17064098934475147,-61.90422978674947,False,0,-30.0,837
418,83.60000000000001,300,probe,10.924490214139864,-0.17064098934475147,-56.90422978674947,False,0,-25.0,836
419,83.80000000000001,300,probe,10.924490214139864,-0.17064098934475147,-51.90422978674947,False,0,-20.0,835
420,84.0,300,probe,10.924490214139864,-0.17064098934475147,-46.90422978674947,False,0,-15.0,834
421,84.2,300,probe,10.924490214139864,-0.17064098934475147,-41.90422978674947,False,0,-10.0,833
422,84.4,300,probe,10.924490214139864,-0.17064098934475147,-36.90422978674947,False,0,-5.0,832
423,84.60000000000001,300,probe,10.924490214139864,-0.17064098934475147,-31.90422978674947,False,0,0.0,405
424,84.80000000000001,300,probe,10.924490214139864,-0.17064098934475147,-26.90422978674947,False,0,5.0,841
425,85.0,300,probe,10.924490214139864,-0.17064098934475147,-21.90422978674947,False,0,10.0,842
426,85.2,300,probe,10.924490214139864,-0.17064098934475147,-16.90422978674947,False,0,15.0,843
427,85.4,300,probe,10.924490214139864,-0.17064098934475147,-11.904229786749472,False,0,20.0,844
428,85.60000000000001,300,probe,10.924490214139864,-0.17064098934475147,-6.904229786749472,False,0,25.0,845
429,85.80000000000001,300,probe,10.924490214139864,-0.17064098934475147,-1.9042297867494717,False,0,30.0,846
430,86.0,300,probe,10.924490214139864,-0.17064098934475147,3.0957702132505283,False,0,35.0,847
431,86.2,300,probe,10.924490214139864,-0.17064098934475147,8.095770213250528,False,0,40.0,848
432,86.4,300,probe,10.924490214139864,-0.17064098934475147,13.095770213250528,False,0,45.0,849
433,86.60000000000001,300,probe,10.924490214139864,-0.17064098934475147,8.095770213250528,False,0,40.0,848
434,86.80000000000001,300,probe,10.924490214139864,-0.17064098934475147,3.0957702132505283,False,0,35.0,847
435,87.0,300,probe,10.924490214139864,-0.17064098934475147,-1.9042297867494717,False,0,30.0,846
436,87.2,300,probe,10.924490214139864,-0.17064098934475147,-6.904229786749472,False,0,25.0,845
437,87.4,300,probe,10.924490214139864,-0.17064098934475147,-11.904229786749472,False,0,20.0,844
438,87.60000000000001,300,probe,10.924490214139864,-0.17064098934475147,-16.90422978674947,False,0,15.0,843
439,87.80000000000001,300,probe,10.924490214139864,-0.17064098934475147,-21.90422978674947,False,0,10.0,842
440,88.0,300,probe,10.924490214139864,-0.17064098934475147,-26.90422978674947,False,0,5.0,841
441,88.2,300,probe,10.924490214139864,-0.17064098934475147,-31.90422978674947,False,0,0.0,405
442,88.4,301,drive,10.958447521101455,-0.19178102964547555,-31.793129843528877,False,-1,0.0,406
443,88.60000000000001,302,drive,10.992445756000928,-0.21285518499557987,-31.72483438730773,False,-1,0.0,407
444,88.80000000000001,303,drive,11.026469086725623,-0.23388880014842445,-31.700091677396127,False,-1,0.0,408
445,89.0,304,drive,11.060501497470833,-0.25490772064566364,-31.719172800101596,False,-1,0.0,409
446,89.2,305,drive,11.094526906431138,-0.2759379737369604,-31.781868698650797,False,-1,0.0,410
447,89.4,306,drive,11.128529282673878,-0.29700544652909233,-31.887492463659278,False,-1,0.0,411
448,89.60000000000001,307,drive,11.162492763644591,-0.31813556627205536,-32.034886859054396,False,-1,0.0,412
449,89.80000000000001,308,drive,11.196401774689987,-0.3393529876498577,-32.222437000995946,False,-1,0.0,413
450,90.0,309,drive,11.230241151775806,-0.36068129181225467,-32.44808805088143,False,-1,0.0,414
451,90.2,310,drive,11.26399626823673,-0.3821427016613179,-32.70936772858776,False,-1,0.0,415
452,90.4,311,drive,11.29765316594251,-0.4037578175949112,-33.003413399289734,False,-1,0.0,416
453,90.60000000000001,312,drive,11.331198690724749,-0.42554537751070237,-33.32700343708614,False,-1,0.0,417
454,90.80000000000001,312,turn,11.331198690724749,-0.42554537751070237,-28.56700343708614,True,-1,0.0,418
455,91.0,312,turn,11.331198690724749,-0.42554537751070237,-23.807003437086138,True,-1,0.0,419
456,91.2,312,turn,11.331198690724749,-0.42554537751070237,-19.04700343708614,True,-1,0.0,420
457,91.4,312,turn,11.331198690724749,-0.42554537751070237,-14.287003437086138,True,-1,0.0,421
458,91.60000000000001,312,turn,11.331198690724749,-0.42554537751070237,-9.52700343708614,True,-1,0.0,422
459,91.80000000000001,312,turn,11.331198690724749,-0.42554537751070237,-4.767003437086139,True,-1,0.0,423
460,92.0,312,turn,11.331198690724749,-0.42554537751070237,-0.0070034370861336015,True,-1,0.0,424
461,92.2,312,turn,11.331198690724749,-0.42554537751070237,4.752996562913864,True,-1,0.0,425
462,92.4,312,turn,11.331198690724749,-0.42554537751070237,9.512996562913862,True,-1,0.0,426
463,92.60000000000001,312,turn,11.331198690724749,-0.42554537751070237,14.27299656291386,True,-1,0.0,427
464,92.80000000000001,312,turn,11.331198690724749,-0.42554537751070237,19.032996562913866,True,-1,0.0,428
465,93.0,312,turn,11.331198690724749,-0.42554537751070237,23.792996562913864,True,-1,0.0,429
466,93.2,312,turn,11.331198690724749,-0.42554537751070237,28.55299656291386,True,-1,0.0,430
467,93.4,312,turn,11.331198690724749,-0.42554537751070237,33.312996562913874,True,-1,0.0,431
468,93.60000000000001,312,turn,11.331198690724749,-0.42554537751070237,38.072996562913865,True,-1,0.0,432
469,93.80000000000001,313,drive,11.362687720439686,-0.4008787805096601,37.72340747819276,False,-1,0.0,433
470,94.0,314,drive,11.394326665846819,-0.37640477116250853,37.35164951771532,False,-1,0.0,434
471,94.2,315,drive,11.426123741325512,-0.3521365616899836,36.96179573949191,False,-1,0.0,435
472,94.4,316,drive,11.458085205997403,-0.32808526700492696,36.558117463098895,False,-1,0.0,436
473,94.60000000000001,317,drive,11.49021532975705,-0.30425975237900915,36.14503747220754,False,-1,0.0,437
474,94.80000000000001,318,drive,11.522516389566924,-0.28066650048023817,35.72708155764063,False,-1,0.0,438
475,95.0,319,drive,11.55498869429611,-0.25730950098169625,35.30882893186097,False,-1,0.0,439
476,95.2,320,drive,11.587630635737646,-0.23419016580683946,34.89486205816171,False,-1,0.0,440
477,95.4,321,drive,11.620438762905096,-0.21130727281306577,34.48971644423915,False,-1,0.0,441
478,95.60000000000001,322,drive,11.653407876305849,-0.18865694033055452,34.09783095022162,False,-1,0.0,442
479,95.80000000000001,323,drive,11.686531138632782,-0.1662326344812941,33.72349915558887,False,-1,0.0,443
480,96.0,324,drive,11.719800198216065,-0.14402521062250445,33.37082231781692,False,-1,0.0,444
481,96.2,325,drive,11.753205321634358,-0.12202298961169286,33.04366443814271,False,-1,0.0,445
482,96.4,326,drive,11.786735532092619,-0.10021186890172766,32.74560992675817,False,-1,0.0,446
483,96.60000000000001,327,drive,11.820378750517671,-0.07857546776835385,32.479924331261934,False,-1,0.0,447
484,96.80000000000001,328,drive,11.854121936780734,-0.05709530527324688,32.249518558636545,False,-1,0.0,448
485,97.0,329,drive,11.887951229000596,-0.03575100889451255,32.0569169827424,False,-1,0.0,449
486,97.2,330,drive,11.921852079479478,-0.014520551131938522,31.904229786749458,False,-1,0.0,450
487,97.4,331,drive,11.95580938644107,0.006619489168785565,31.793129843528874,False,-1,0.0,451
488,97.60000000000001,332,drive,11.989807621340542,0.02769364451888988,31.72483438730773,False,-1,0.0,452
489,97.80000000000001,333,drive,12.023830952065238,0.04872725967173447,31.700091677396127,False,-1,0.0,453
490,98.0,334,drive,12.057863362810448,0.06974618016897363,31.719172800101596,False,-1,0.0,454
491,98.2,335,drive,12.091888771770753,0.09077643326027039,31.7818686986508,False,-1,0.0,455
492,98.4,336,drive,12.125891148013492,0.11184390605240235,31.887492463659274,False,-1,0.0,456
493,98.60000000000001,337,drive,12.159854628984206,0.1329740257953654,32.0348868590544,False,-1,0.0,457
494,98.80000000000001,338,drive,12.193763640029601,0.15419144717316777,32.22243700099595,False,-1,0.0,458
495,99.0,339,drive,12.22760301711542,0.17551975133556474,32.4480880508814,False,-1,0.0,459
496,99.2,340,drive,12.261358133576344,0.19698116118462797,32.709367728587765,False,-1,0.0,460
497,99.4,341,drive,12.295015031282125,0.21859627711822127,33.00341339928975,False,-1,0.0,461
498,99.60000000000001,342,drive,12.328560556064364,0.24038383703401245,33.32700343708613,False,-1,0.0,462
499,99.80000000000001,343,drive,12.36198249665273,0.26236050391749643,33.67659252180725,False,-1,0.0,463
500,100.0,344,drive,12.395269725752218,0.28454068378327296,34.04835048228467,False,-1,0.0,464
501,100.2,345,drive,12.428412341290155,0.30693637612141045,34.43820426050808,False,-1,0.0,465
502,100.4,346,drive,12.461401805308384,0.3295570583345966,34.841882536901096,False,-1,0.0,466
503,100.60000000000001,347,drive,12.494231077505088,0.35240960495493384,35.25496252779245,False,-1,0.0,467
504,100.80000000000001,348,drive,12.526894740070695,0.3754982417228365,35.67291844235939,False,-1,0.0,468
505,101.0,349,drive,12.55938911023576,0.3988245339180336,36.09117106813902,False,-1,0.0,469
506,101.2,350,drive,12.591712336871252,0.4223874076789007,36.505137941838306,False,-1,0.0,470
507,101.4,351,drive,12.623864477561073,0.4461832024557504,36.91028355576087,False,-1,0.0,471
508,101.60000000000001,351,turn,12.623864477561073,0.4461832024557504,32.15028355576087,True,-1,0.0,472
509,101.80000000000001,351,turn,12.623864477561073,0.4461832024557504,27.390283555760867,True,-1,0.0,473
510,102.0,351,turn,12.623864477561073,0.4461832024557504,22.63028355576087,True,-1,0.0,474
511,102.2,351,turn,12.623864477561073,0.4461832024557504,17.870283555760867,True,-1,0.0,475
512,102.4,351,turn,12.623864477561073,0.4461832024557504,13.11028355576087,True,-1,0.0,476
513,102.60000000000001,351,turn,12.623864477561073,0.4461832024557504,8.350283555760868,True,-1,0.0,477
514,102.80000000000001,351,turn,12.623864477561073,0.4461832024557504,3.5902835557608626,True,-1,0.0,478
515,103.0,351,turn,12.623864477561073,0.4461832024557504,-1.1697164442391355,True,-1,0.0,479
516,103.2,351,turn,12.623864477561073,0.4461832024557504,-5.9297164442391335,True,-1,0.0,480
517,103.4,351,turn,12.623864477561073,0.4461832024557504,-10.689716444239131,True,-1,0.0,481
518,103.60000000000001,351,turn,12.623864477561073,0.4461832024557504,-15.449716444239137,True,-1,0.0,482
519,103.80000000000001,351,turn,12.623864477561073,0.4461832024557504,-20.209716444239135,True,-1,0.0,483
520,104.0,351,turn,12.623864477561073,0.4461832024557504,-24.969716444239133,True,-1,0.0,484
521,104.2,351,turn,12.623864477561073,0.4461832024557504,-29.729716444239145,True,-1,0.0,485
522,104.4,351,turn,12.623864477561073,0.4461832024557504,-34.489716444239136,True,-1,0.0,486
523,104.60000000000001,352,drive,12.656833590961826,0.42353286997323913,-34.097830950221606,False,-1,0.0,487
524,104.80000000000001,353,drive,12.68995685328876,0.4011085641239787,-33.72349915558888,False,-1,0.0,488
525,105.0,354,drive,12.723225912872042,0.37890114026518906,-33.37082231781693,False,-1,0.0,489
526,105.2,355,drive,12.756631036290335,0.3568989192543775,-33.043664438142706,False,-1,0.0,490
527,105.4,356,drive,12.790161246748596,0.3350877985444123,-32.74560992675816,False,-1,0.0,491
528,105.60000000000001,357,drive,12.823804465173648,0.3134513974110385,-32.47992433126193,False,-1,0.0,492
529,105.80000000000001,358,drive,12.857547651436711,0.2919712349159315,-32.24951855863654,False,-1,0.0,493
530,106.0,359,drive,12.891376943656573,0.2706269385371972,-32.05691698274241,False,-1,0.0,494
531,106.2,360,drive,12.925277794135456,0.24939648077462317,-31.904229786749465,False,-1,0.0,495
532,106.4,361,drive,12.959235101097047,0.2282564404738991,-31.793129843528877,False,-1,0.0,496
533,106.60000000000001,362,drive,12.99323333599652,0.20718228512379477,-31.72483438730773,False,-1,0.0,497
534,106.80000000000001,363,drive,13.027256666721215,0.1861486699709502,-31.700091677396127,False,-1,0.0,498
535,107.0,364,drive,13.061289077466425,0.16512974947371103,-31.719172800101596,False,-1,0.0,499
536,107.2,365,drive,13.09531448642673,0.1440994963824143,-31.781868698650797,False,-1,0.0,500
537,107.4,366,drive,13.12931686266947,0.12303202359028233,-31.887492463659278,False,-1,0.0,501
538,107.60000000000001,367,drive,13.163280343640183,0.10190190384731929,-32.034886859054396,False,-1,0.0,502
539,107.80000000000001,368,drive,13.197189354685579,0.08068448246951693,-32.222437000995946,False,-1,0.0,503
540,108.0,369,drive,13.231028731771397,0.05935617830711995,-32.44808805088141,False,-1,0.0,504
541,108.2,370,drive,13.264783848232321,0.03789476845805673,-32.70936772858776,False,-1,0.0,505
542,108.4,371,drive,13.298440745938102,0.01627965252446343,-33.003413399289734,False,-1,0.0,506
543,108.60000000000001,372,drive,13.331986270720341,-0.005507907391327751,-33.32700343708612,False,-1,0.0,507
544,108.80000000000001,373,drive,13.365408211308708,-0.02748457427481171,-33.676592521807244,False,-1,0.0,508
545,109.0,374,drive,13.398695440408195,-0.04966475414058821,-34.04835048228468,False,-1,0.0,509
546,109.2,375,drive,13.431838055946132,-0.07206044647872571,-34.438204260508094,False,-1,0.0,510
547,109.4,376,drive,13.464827519964361,-0.09468112869191186,-34.84188253690111,False,-1,0.0,511
548,109.60000000000001,377,drive,13.497656792161065,-0.1175336753122491,-35.254962527792465,False,-1,0.0,512
549,109.80000000000001,378,drive,13.530320454726672,-0.14062231208015177,-35.6729184423594,False,-1,0.0,513
550,110.0,379,drive,13.562814824891737,-0.1639486042753488,-36.091171068139005,False,-1,0.0,514
551,110.2,380,drive,13.595138051527229,-0.18751147803621596,-36.50513794183829,False,-1,0.0,515
552,110.4,381,drive,13.62729019221705,-0.21130727281306566,-36.91028355576088,False,-1,0.0,516
553,110.60000000000001,382,drive,13.659273267458662,-0.23532982259632942,-37.302169049778406,False,-1,0.0,517
554,110.80000000000001,383,drive,13.691091289032482,-0.25957056316108845,-37.67650084441114,False,-1,0.0,518
555,111.0,384,drive,13.722750260099216,-0.2840186622895621,-38.029177682183104,False,-1,0.0,519
556,111.2,385,drive,13.754258145215829,-0.30866116978125985,-38.356335561857286,False,-1,0.0,520
557,111.4,386,drive,13.785624809180026,-0.33348318403790606,-38.654390073241835,False,-1,0.0,521
558,111.60000000000001,387,drive,13.816861924391953,-0.3584680321110256,-38.92007566873807,False,-1,0.0,522
559,111.80000000000001,388,drive,13.847982847230671,-0.38359746031117703,-39.15048144136346,False,-1,0.0,523
560,112.0,389,drive,13.879002464752807,-0.4088518327797299,-39.34308301725762,False,-1,0.0,524
561,112.2,390,drive,13.909937013803578,-0.4342103357920408,-39.49577021325054,False,-1,0.0,525
562,112.4,390,turn,13.909937013803578,-0.4342103357920408,-34.73577021325054,True,-1,0.0,526
563,112.60000000000001,390,turn,13.909937013803578,-0.4342103357920408,-29.975770213250534,True,-1,0.0,527
564,112.80000000000001,390,turn,13.909937013803578,-0.4342103357920408,-25.215770213250536,True,-1,0.0,528
565,113.0,390,turn,13.909937013803578,-0.4342103357920408,-20.455770213250535,True,-1,0.0,529
566,113.2,390,turn,13.909937013803578,-0.4342103357920408,-15.695770213250537,True,-1,0.0,530
567,113.4,390,turn,13.909937013803578,-0.4342103357920408,-10.935770213250535,True,-1,0.0,531
568,113.60000000000001,390,turn,13.909937013803578,-0.4342103357920408,-6.17577021325053,True,-1,0.0,532
569,113.80000000000001,390,turn,13.909937013803578,-0.4342103357920408,-1.415770213250532,True,-1,0.0,533
570,114.0,390,turn,13.909937013803578,-0.4342103357920408,3.344229786749466,True,-1,0.0,534
571,114.2,390,turn,13.909937013803578,-0.4342103357920408,8.104229786749464,True,-1,0.0,535
572,114.4,390,turn,13.909937013803578,-0.4342103357920408,12.864229786749469,True,-1,0.0,536
573,114.60000000000001,390,turn,13.909937013803578,-0.4342103357920408,17.624229786749467,True,-1,0.0,537
574,114.80000000000001,390,turn,13.909937013803578,-0.4342103357920408,22.384229786749465,True,-1,0.0,538
575,115.0,390,turn,13.909937013803578,-0.4342103357920408,27.144229786749477,True,-1,0.0,539
576,115.2,390,turn,13.909937013803578,-0.4342103357920408,31.904229786749468,True,-1,0.0,540
577,115.4,391,drive,13.94389432076517,-0.41307029549131674,31.79312984352888,False,-1,0.0,541
578,115.60000000000001,392,drive,13.977892555664642,-0.3919961401412124,31.72483438730773,False,-1,0.0,542
579,115.80000000000001,393,drive,14.011915886389337,-0.37096252498836785,31.700091677396127,False,-1,0.0,543
580,116.0,394,drive,14.045948297134547,-0.34994360449112866,31.7191728001016,False,-1,0.0,544
581,116.2,395,drive,14.079973706094853,-0.3289133513998319,31.7818686986508,False,-1,0.0,545
582,116.4,396,drive,14.113976082337592,-0.30784587860769996,31.887492463659274,False,-1,0.0,546
583,116.60000000000001,397,drive,14.147939563308306,-0.28671575886473694,32.03488685905439,False,-1,0.0,547
584,116.80000000000001,398,drive,14.181848574353701,-0.2654983374869346,32.22243700099594,False,-1,0.0,548
585,117.0,399,drive,14.21568795143952,-0.2441700333245376,32.44808805088142,False,-1,0.0,549
586,117.2,400,drive,14.249443067900444,-0.22270862347547438,32.709367728587765,False,-1,0.0,550
587,117.4,401,drive,14.283099965606224,-0.20109350754188107,33.00341339928974,False,-1,0.0,551
588,117.60000000000001,402,drive,14.316645490388463,-0.1793059476260899,33.32700343708613,False,-1,0.0,552
589,117.80000000000001,403,drive,14.35006743097683,-0.15732928074260594,33.67659252180725,False,-1,0.0,553
590,118.0,404,drive,14.383354660076318,-0.13514910087682944,34.04835048228469,False,-1,0.0,554
591,118.2,405,drive,14.416497275614255,-0.11275340853869192,34.43820426050808,False,-1,0.0,555
592,118.4,406,drive,14.449486739632484,-0.09013272632550579,34.841882536901124,False,-1,0.0,556
593,118.60000000000001,407,drive,14.482316011829187,-0.06728017970516853,35.25496252779248,False,-1,0.0,557
594,118.80000000000001,408,drive,14.514979674394795,-0.044191542937265856,35.67291844235942,False,-1,0.0,558
595,119.0,409,drive,14.54747404455986,-0.020865250742068808,36.09117106813904,False,-1,0.0,559
596,119.2,410,drive,14.579797271195352,0.0026976230187983584,36.50513794183828,False,-1,0.0,560
597,119.4,411,drive,14.611949411885172,0.02649341779564804,36.91028355576086,False,-1,0.0,561
598,119.60000000000001,412,drive,14.643932487126785,0.0505159675789118,37.30216904977842,False,-1,0.0,562
599,119.80000000000001,413,drive,14.675750508700604,0.07475670814367083,37.67650084441112,False,-1,0.0,563
600,120.0,414,drive,14.707409479767339,0.09920480727214447,38.02917768218312,False,-1,0.0,564
601,120.2,415,drive,14.738917364883951,0.12384731476384228,38.3563355618573,False,-1,0.0,565
602,120.4,416,drive,14.770284028848149,0.1486693290204885,38.65439007324182,False,-1,0.0,566
603,120.60000000000001,417,drive,14.801521144060075,0.1736541770936081,38.92007566873808,False,-1,0.0,567
604,120.80000000000001,418,drive,14.832642066898794,0.1987836052937595,39.15048144136345,False,-1,0.0,568
605,121.0,419,drive,14.86366168442093,0.2240379777623124,39.34308301725761,False,-1,0.0,569
606,121.2,420,drive,14.8945962334717,0.24939648077462329,39.495770213250545,False,-1,0.0,570
607,121.4,421,drive,14.925463095029148,0.2748373309489661,39.606870156471125,False,-1,0.0,571
608,121.60000000000001,422,drive,14.956280567258501,0.3003379859482615,39.675165612692275,False,-1,0.0,572
609,121.80000000000001,423,drive,14.987067621316635,0.32587535665124395,39.69990832260388,False,-1,0.0,573
610,122.0,424,drive,15.017843644401463,0.3514260201080351,39.68082719989841,False,-1,0.0,574
611,122.2,425,drive,15.048628174876464,0.37696643285790565,39.6181313013492,False,-1,0.0,575
612,122.4,426,drive,15.07944063450846,0.4024731443555998,39.51250753634073,False,-1,0.0,576
613,122.60000000000001,427,drive,15.110300062932337,0.42792301031500307,39.36511314094561,False,-1,0.0,577
614,122.80000000000001,428,drive,15.1412248593981,0.4532934057307454,39.17756299900406,False,-1,0.0,578
615,123.0,429,drive,15.172232536664666,0.47856243718295,38.95191194911858,False,-1,0.0,579
616,123.2,429,turn,15.172232536664666,0.47856243718295,34.191911949118584,True,-1,0.0,580
617,123.4,429,turn,15.172232536664666,0.47856243718295,29.43191194911858,True,-1,0.0,581
618,123.60000000000001,429,turn,15.172232536664666,0.47856243718295,24.67191194911858,True,-1,0.0,582
619,123.80000000000001,429,turn,15.172232536664666,0.47856243718295,19.91191194911858,True,-1,0.0,583
620,124.0,429,turn,15.172232536664666,0.47856243718295,15.151911949118581,True,-1,0.0,584
621,124.2,429,turn,15.172232536664666,0.47856243718295,10.39191194911858,True,-1,0.0,585
622,124.4,429,turn,15.172232536664666,0.47856243718295,5.6319119491185745,True,-1,0.0,586
623,124.60000000000001,429,turn,15.172232536664666,0.47856243718295,0.8719119491185765,True,-1,0.0,587
624,124.80000000000001,429,turn,15.172232536664666,0.47856243718295,-3.8880880508814215,True,-1,0.0,588
625,125.0,429,turn,15.172232536664666,0.47856243718295,-8.64808805088142,True,-1,0.0,589
626,125.2,429,turn,15.172232536664666,0.47856243718295,-13.408088050881425,True,-1,0.0,590
627,125.4,429,turn,15.172232536664666,0.47856243718295,-18.168088050881423,True,-1,0.0,591
628,125.60000000000001,429,turn,15.172232536664666,0.47856243718295,-22.92808805088142,True,-1,0.0,592
629,125.80000000000001,429,turn,15.172232536664666,0.47856243718295,-27.688088050881433,True,-1,0.0,593
630,126.0,429,turn,15.172232536664666,0.47856243718295,-32.448088050881424,True,-1,0.0,594
631,126.2,430,drive,15.20598765312559,0.45710102733388674,-32.70936772858776,False,-1,0.0,595
632,126.4,431,drive,15.23964455083137,0.43548591140029347,-33.003413399289755,False,-1,0.0,596
633,126.60000000000001,432,drive,15.27319007561361,0.4136983514845023,-33.32700343708612,False,-1,0.0,597
634,126.80000000000001,433,drive,15.306612016201976,0.3917216846010183,-33.676592521807265,False,-1,0.0,598
635,127.0,434,drive,15.339899245301464,0.3695415047352418,-34.048350482284704,False,-1,0.0,599
636,127.2,435,drive,15.3730418608394,0.3471458123971043,-34.438204260508066,False,-1,0.0,600
637,127.4,436,drive,15.40603132485763,0.32452513018391815,-34.84188253690111,False,-1,0.0,601
638,127.60000000000001,437,drive,15.438860597054333,0.3016725835635809,-35.25496252779249,False,-1,0.0,602
639,127.80000000000001,438,drive,15.47152425961994,0.2785839467956782,-35.6729184423594,False,-1,0.0,603
640,128.0,439,drive,15.504018629785005,0.25525765460048117,-36.091171068139055,False,-1,0.0,604
641,128.20000000000002,440,drive,15.536341856420497,0.23169478083961398,-36.50513794183829,False,-1,0.0,605
642,128.4,441,drive,15.568493997110318,0.2078989860627643,-36.910283555760856,False,-1,0.0,606
643,128.6,442,drive,15.60047707235193,0.18387643627950054,-37.302169049778406,False,-1,0.0,607
644,128.8,443,drive,15.63229509392575,0.1596356957147415,-37.67650084441111,False,-1,0.0,608
645,129.0,444,drive,15.663954064992485,0.1351875965862679,-38.029177682183104,False,-1,0.0,609
646,129.20000000000002,445,drive,15.695461950109097,0.11054508909457009,-38.356335561857286,False,-1,0.0,610
647,129.4,446,drive,15.726828614073295,0.08572307483792388,-38.654390073241835,False,-1,0.0,611
648,129.6,447,drive,15.75806572928522,0.06073822676480428,-38.92007566873807,False,-1,0.0,612
649,129.8,448,drive,15.78918665212394,0.03560879856465288,-39.15048144136346,False,-1,0.0,613
650,130.0,449,drive,15.820206269646075,0.010354426096099961,-39.343083017257605,False,-1,0.0,614
651,130.20000000000002,450,drive,15.851140818696846,-0.015004076916210925,-39.495770213250545,False,-1,0.0,615
652,130.4,451,drive,15.882007680254294,-0.04044492709055377,-39.606870156471125,False,-1,0.0,616
653,130.6,452,drive,15.912825152483647,-0.06594558208984917,-39.675165612692275,False,-1,0.0,617
654,130.8,453,drive,15.943612206541781,-0.09148295279283164,-39.69990832260388,False,-1,0.0,618
655,131.0,454,drive,15.974388229626609,-0.11703361624962277,-39.68082719989841,False,-1,0.0,619
656,131.20000000000002,455,drive,16.00517276010161,-0.14257402899949334,-39.61813130134921,False,-1,0.0,620
657,131.4,456,drive,16.035985219733604,-0.16808074049718746,-39.51250753634072,False,-1,0.0,621
658,131.6,457,drive,16.06684464815748,-0.19353060645659076,-39.36511314094562,False,-1,0.0,622
659,131.8,458,drive,16.097769444623243,-0.2189010018723331,-39.17756299900405,False,-1,0.0,623
660,132.0,459,drive,16.128777121889808,-0.24417003332453768,-38.95191194911859,False,-1,0.0,624
661,132.20000000000002,460,drive,16.15988407681067,-0.26931674992037585,-38.690632271412255,False,-1,0.0,625
662,132.4,461,drive,16.191105381716575,-0.29432135189626135,-38.396586600710265,False,-1,0.0,626
663,132.6,462,drive,16.222454600150538,-0.3191653955200301,-38.0729965629139,False,-1,0.0,627
664,132.8,463,drive,16.253943629865475,-0.3438319925210724,-37.723407478192755,False,-1,0.0,628
665,133.0,464,drive,16.285582575272606,-0.36830600186822393,-37.35164951771529,False,-1,0.0,629
666,133.20000000000002,465,drive,16.3173796507513,-0.3925742113407488,-36.961795739491926,False,-1,0.0,630
667,133.4,466,drive,16.34934111542319,-0.41662550602580545,-36.55811746309891,False,-1,0.0,631
668,133.6,467,drive,16.381471239182837,-0.44045102065172326,-36.14503747220753,False,-1,0.0,632
669,133.8,468,drive,16.41377229899271,-0.4640442725504942,-35.72708155764062,False,-1,0.0,633
670,134.0,468,turn,16.41377229899271,-0.4640442725504942,-30.967081557640622,True,-1,0.0,634
671,134.20000000000002,468,turn,16.41377229899271,-0.4640442725504942,-26.20708155764062,True,-1,0.0,635
672,134.4,468,turn,16.41377229899271,-0.4640442725504942,-21.447081557640622,True,-1,0.0,636
673,134.6,468,turn,16.41377229899271,-0.4640442725504942,-16.68708155764062,True,-1,0.0,637
674,134.8,468,turn,16.41377229899271,-0.4640442725504942,-11.927081557640623,True,-1,0.0,638
675,135.0,468,turn,16.41377229899271,-0.4640442725504942,-7.167081557640621,True,-1,0.0,639
676,135.20000000000002,468,turn,16.41377229899271,-0.4640442725504942,-2.407081557640616,True,-1,0.0,640
677,135.4,468,turn,16.41377229899271,-0.4640442725504942,2.352918442359382,True,-1,0.0,641
678,135.6,468,turn,16.41377229899271,-0.4640442725504942,7.11291844235938,True,-1,0.0,642
679,135.8,468,turn,16.41377229899271,-0.4640442725504942,11.872918442359378,True,-1,0.0,643
680,136.0,468,turn,16.41377229899271,-0.4640442725504942,16.632918442359383,True,-1,0.0,644
681,136.20000000000002,468,turn,16.41377229899271,-0.4640442725504942,21.39291844235938,True,-1,0.0,645
682,136.4,468,turn,16.41377229899271,-0.4640442725504942,26.15291844235938,True,-1,0.0,646
683,136.6,468,turn,16.41377229899271,-0.4640442725504942,30.91291844235939,True,-1,0.0,647
684,136.8,468,turn,16.41377229899271,-0.4640442725504942,35.67291844235938,True,-1,0.0,648
685,137.0,469,drive,16.446266669157776,-0.44071798035529713,36.09117106813904,False,-1,0.0,649
686,137.20000000000002,470,drive,16.47858989579327,-0.41715510659442995,36.505137941838306,False,-1,0.0,650
687,137.4,471,drive,16.51074203648309,-0.39335931181758027,36.91028355576086,False,-1,0.0,651
688,137.6,472,drive,16.542725111724703,-0.36933676203431653,37.30216904977839,False,-1,0.0,652
689,137.8,473,drive,16.574543133298523,-0.34509602146955753,37.67650084441112,False,-1,0.0,653
690,138.0,474,drive,16.606202104365256,-0.3206479223410839,38.02917768218309,False,-1,0.0,654
691,138.20000000000002,475,drive,16.637709989481866,-0.29600541484938614,38.3563355618573,False,-1,0.0,655
692,138.4,476,drive,16.669076653446062,-0.27118340059273993,38.65439007324182,False,-1,0.0,656
693,138.6,477,drive,16.70031376865799,-0.24619855251962033,38.92007566873808,False,-1,0.0,657
694,138.8,478,drive,16.731434691496705,-0.22106912431946893,39.15048144136347,False,-1,0.0,658
695,139.0,479,drive,16.762454309018842,-0.195814751850916,39.34308301725761,False,-1,0.0,659
696,139.20000000000002,480,drive,16.793388858069616,-0.17045624883860513,39.495770213250545,False,-1,0.0,660
697,139.4,481,drive,16.824255719627065,-0.14501539866426227,39.60687015647113,False,-1,0.0,661
698,139.6,482,drive,16.855073191856416,-0.11951474366496687,39.675165612692275,False,-1,0.0,662
699,139.8,483,drive,16.88586024591455,-0.0939773729619844,39.69990832260388,False,-1,0.0,663
700,140.0,484,drive,16.916636268999376,-0.06842670950519326,39.68082719989841,False,-1,0.0,664
701,140.20000000000002,485,drive,16.947420799474376,-0.042886296755322705,39.61813130134921,False,-1,0.0,665
702,140.4,486,drive,16.97823325910637,-0.017379585257628567,39.51250753634073,False,-1,0.0,666
703,140.6,487,drive,17.00909268753025,0.008070280701774738,39.365113140945624,False,-1,0.0,667
704,140.8,488,drive,17.04001748399601,0.03344067611751708,39.17756299900406,False,-1,0.0,668
705,141.0,489,drive,17.071025161262575,0.05870970756972167,38.95191194911856,False,-1,0.0,669
706,141.20000000000002,490,drive,17.102132116183437,0.08385642416555984,38.69063227141225,False,-1,0.0,670
707,141.4,491,drive,17.133353421089343,0.10886102614144536,38.39658660071027,False,-1,0.0,671
708,141.6,492,drive,17.164702639523306,0.13370506976521407,38.072996562913865,False,-1,0.0,672
709,141.8,493,drive,17.196191669238242,0.15837166676625633,37.72340747819277,False,-1,0.0,673
710,142.0,494,drive,17.227830614645374,0.18284567611340788,37.3516495177153,False,-1,0.0,674
711,142.20000000000002,495,drive,17.259627690124066,0.2071138855859328,36.96179573949192,False,-1,0.0,675
712,142.4,496,drive,17.291589154795957,0.23116518027098942,36.558117463098895,False,-1,0.0,676
713,142.6,497,drive,17.323719278555604,0.2549906948969072,36.14503747220754,False,-1,0.0,677
714,142.8,498,drive,17.35602033836548,0.27858394679567816,35.72708155764061,False,-1,0.0,678
715,143.0,499,drive,17.388492643094665,0.3019409462942201,35.30882893186098,False,-1,0.0,679
716,143.20000000000002,500,drive,17.4211345845362,0.3250602814690769,34.89486205816169,False,-1,0.0,680
717,143.4,501,drive,17.45394271170365,0.3479431744628506,34.48971644423916,False,-1,0.0,681
718,143.6,502,drive,17.486911825104404,0.37059350694536186,34.0978309502216,False,-1,0.0,682
719,143.8,503,drive,17.520035087431335,0.3930178127946223,33.72349915558887,False,-1,0.0,683
720,144.0,504,drive,17.553304147014618,0.41522523665341193,33.3708223178169,False,-1,0.0,684
721,144.20000000000002,505,drive,17.586709270432912,0.4372274576642235,33.04366443814272,False,-1,0.0,685
722,144.4,506,drive,17.620239480891176,0.4590385783741887,32.745609926758156,False,-1,0.0,686
723,144.6,507,drive,17.653882699316227,0.4806749795075625,32.479924331261934,False,-1,0.0,687
724,144.8,507,turn,17.653882699316227,0.4806749795075625,27.719924331261932,True,-1,0.0,688
725,145.0,507,turn,17.653882699316227,0.4806749795075625,22.95992433126193,True,-1,0.0,689
726,145.20000000000002,507,turn,17.653882699316227,0.4806749795075625,18.199924331261933,True,-1,0.0,690
727,145.4,507,turn,17.653882699316227,0.4806749795075625,13.439924331261931,True,-1,0.0,691
728,145.6,507,turn,17.653882699316227,0.4806749795075625,8.679924331261933,True,-1,0.0,692
729,145.8,507,turn,17.653882699316227,0.4806749795075625,3.9199243312619316,True,-1,0.0,693
730,146.0,507,turn,17.653882699316227,0.4806749795075625,-0.8400756687380735,True,-1,0.0,694
731,146.20000000000002,507,turn,17.653882699316227,0.4806749795075625,-5.6000756687380715,True,-1,0.0,695
732,146.4,507,turn,17.653882699316227,0.4806749795075625,-10.36007566873807,True,-1,0.0,696
733,146.6,507,turn,17.653882699316227,0.4806749795075625,-15.120075668738068,True,-1,0.0,697
734,146.8,507,turn,17.653882699316227,0.4806749795075625,-19.880075668738073,True,-1,0.0,698
735,147.0,507,turn,17.653882699316227,0.4806749795075625,-24.64007566873807,True,-1,0.0,699
736,147.20000000000002,507,turn,17.653882699316227,0.4806749795075625,-29.40007566873807,True,-1,0.0,700
737,147.4,507,turn,17.653882699316227,0.4806749795075625,-34.16007566873808,True,-1,0.0,701
738,147.6,507,turn,17.653882699316227,0.4806749795075625,-38.92007566873807,True,-1,0.0,702
739,147.8,508,drive,17.685003622154944,0.4555455513074111,-39.150481441363475,False,-1,0.0,703
740,148.0,509,drive,17.71602323967708,0.43029117883885815,-39.343083017257605,False,-1,0.0,704
741,148.20000000000002,510,drive,17.746957788727855,0.40493267582654724,-39.49577021325054,False,-1,0.0,705
742,148.4,511,drive,17.777824650285304,0.3794918256522044,-39.60687015647113,False,-1,0.0,706
743,148.6,512,drive,17.808642122514655,0.353991170652909,-39.67516561269227,False,-1,0.0,707
744,148.8,513,drive,17.83942917657279,0.3284537999499266,-39.69990832260388,False,-1,0.0,708
745,149.0,514,drive,17.870205199657615,0.30290313649313544,-39.6808271998984,False,-1,0.0,709
746,149.20000000000002,515,drive,17.900989730132615,0.27736272374326487,-39.61813130134921,False,-1,0.0,710
747,149.4,516,drive,17.93180218976461,0.25185601224557075,-39.512507536340735,False,-1,0.0,711
748,149.6,517,drive,17.962661618188488,0.22640614628616745,-39.3651131409456,False,-1,0.0,712
749,149.8,518,drive,17.99358641465425,0.20103575087042513,-39.17756299900407,False,-1,0.0,713
750,150.0,519,drive,18.024594091920815,0.17576671941822053,-38.951911949118575,False,-1,0.0,714
751,150.20000000000002,520,drive,18.055701046841676,0.15062000282238236,-38.69063227141224,False,-1,0.0,715
752,150.4,521,drive,18.08692235174758,0.12561540084649686,-38.396586600710265,False,-1,0.0,716
753,150.6,522,drive,18.118271570181545,0.10077135722272815,-38.07299656291388,False,-1,0.0,717
754,150.8,523,drive,18.14976059989648,0.07610476022168589,-37.723407478192755,False,-1,0.0,718
755,151.0,524,drive,18.181399545303613,0.05163075087453434,-37.351649517715316,False,-1,0.0,719
756,151.20000000000002,525,drive,18.213196620782306,0.02736254140200941,-36.961795739491905,False,-1,0.0,720
757,151.4,526,drive,18.245158085454197,0.0033112467169528065,-36.55811746309891,False,-1,0.0,721
758,151.6,527,drive,18.277288209213843,-0.020514267908964982,-36.145037472207534,False,-1,0.0,722
759,151.8,528,drive,18.309589269023718,-0.044107519807735945,-35.72708155764062,False,-1,0.0,723
760,152.0,529,drive,18.342061573752904,-0.06746451930627786,-35.308828931860965,False,-1,0.0,724
761,152.20000000000002,530,drive,18.37470351519444,-0.09058385448113465,-34.894862058161706,False,-1,0.0,725
762,152.4,531,drive,18.40751164236189,-0.11346674747490834,-34.48971644423917,False,-1,0.0,726
763,152.6,532,drive,18.440480755762643,-0.1361170799574196,-34.09783095022161,False,-1,0.0,727
764,152.8,533,drive,18.473604018089574,-0.15854138580668,-33.723499155588854,False,-1,0.0,728
765,153.0,534,drive,18.506873077672857,-0.18074880966546966,-33.370822317816916,False,-1,0.0,729
766,153.20000000000002,535,drive,18.54027820109115,-0.20275103067628125,-33.04366443814273,False,-1,0.0,730
767,153.4,536,drive,18.573808411549415,-0.22456215138624647,-32.74560992675816,False,-1,0.0,731
768,153.60000000000002,537,drive,18.607451629974467,-0.24619855251962028,-32.47992433126195,False,-1,0.0,732
769,153.8,538,drive,18.64119481623753,-0.26767871501472723,-32.24951855863654,False,-1,0.0,733
770,154.0,539,drive,18.67502410845739,-0.28902301139346154,-32.05691698274241,False,-1,0.0,734
771,154.20000000000002,540,drive,18.708924958936272,-0.3102534691560356,-31.904229786749465,False,-1,0.0,735
772,154.4,541,drive,18.742882265897865,-0.33139350945675966,-31.79312984352888,False,-1,0.0,736
773,154.60000000000002,542,drive,18.776880500797336,-0.352467664806864,-31.72483438730773,False,-1,0.0,737
774,154.8,543,drive,18.810903831522033,-0.37350127995970855,-31.700091677396127,False,-1,0.0,738
775,155.0,544,drive,18.844936242267245,-0.39452020045694774,-31.7191728001016,False,-1,0.0,739
776,155.20000000000002,545,drive,18.87896165122755,-0.4155504535482445,-31.781868698650797,False,-1,0.0,740
777,155.4,546,drive,18.912964027470288,-0.43661792634037644,-31.887492463659278,False,-1,0.0,741
