position,x_m,y_m,range_m,tx_port,channel,true_yaw_deg,ratio,ideal_ratio_at_true,candidates_deg,estimate_deg,error_deg
0,4.0,0.0,2.2,+45,full,0.0,0.9535,1.0,8.8 / 81.2 / 98.8 / 171.2,-8.77,-8.77
0,4.0,0.0,2.2,+45,full,10.0,0.8932,0.9397,13.4 / 76.6 / 103.4 / 166.6,13.36,3.36
0,4.0,0.0,2.2,+45,full,20.0,0.7232,0.766,21.8 / 68.2 / 111.8 / 158.2,21.84,1.84
0,4.0,0.0,2.2,+45,full,30.0,0.464,0.5,31.2 / 58.8 / 121.2 / 148.8,31.18,1.18
0,4.0,0.0,2.2,+45,full,40.0,0.1468,0.1736,40.8 / 49.2 / 130.8 / 139.2,40.78,0.78
0,4.0,0.0,2.2,+45,full,50.0,0.1909,0.1736,39.5 / 50.5 / 129.5 / 140.5,50.5,0.5
0,4.0,0.0,2.2,+45,full,60.0,0.5088,0.5,29.7 / 60.3 / 119.7 / 150.3,60.29,0.29
0,4.0,0.0,2.2,+45,full,70.0,0.7689,0.766,19.9 / 70.1 / 109.9 / 160.1,70.13,0.13
0,4.0,0.0,2.2,+45,full,80.0,0.9396,0.9397,10.0 / 80.0 / 100.0 / 170.0,80.0,-0.0
0,4.0,0.0,2.2,+45,full,90.0,1.0,1.0,0.1 / 89.9 / 90.1 / 179.9,89.88,-0.12
0,4.0,0.0,2.2,+45,full,100.0,0.9421,0.9397,9.8 / 80.2 / 99.8 / 170.2,99.8,-0.2
0,4.0,0.0,2.2,+45,full,110.0,0.7727,0.766,19.7 / 70.3 / 109.7 / 160.3,109.7,-0.3
0,4.0,0.0,2.2,+45,full,120.0,0.5121,0.5,29.6 / 60.4 / 119.6 / 150.4,119.6,-0.4
0,4.0,0.0,2.2,+45,full,130.0,0.192,0.1736,39.5 / 50.5 / 129.5 / 140.5,129.46,-0.54
0,4.0,0.0,2.2,+45,full,140.0,0.1485,0.1736,40.7 / 49.3 / 130.7 / 139.3,139.27,-0.73
0,4.0,0.0,2.2,+45,full,150.0,0.4679,0.5,31.1 / 58.9 / 121.1 / 148.9,148.95,-1.05
0,4.0,0.0,2.2,+45,full,160.0,0.7276,0.766,21.7 / 68.3 / 111.7 / 158.3,158.34,-1.66
0,4.0,0.0,2.2,+45,full,170.0,0.8961,0.9397,13.2 / 76.8 / 103.2 / 166.8,166.82,-3.18
0,4.0,0.0,2.2,+45,full,180.0,0.9534,1.0,8.8 / 81.2 / 98.8 / 171.2,188.78,8.78
0,4.0,0.0,2.2,+45,los_only,0.0,0.9536,1.0,8.8 / 81.2 / 98.8 / 171.2,-8.76,-8.76
0,4.0,0.0,2.2,+45,los_only,10.0,0.8928,0.9397,13.4 / 76.6 / 103.4 / 166.6,13.38,3.38
0,4.0,0.0,2.2,+45,los_only,20.0,0.7223,0.766,21.9 / 68.1 / 111.9 / 158.1,21.88,1.88
0,4.0,0.0,2.2,+45,los_only,30.0,0.4628,0.5,31.2 / 58.8 / 121.2 / 148.8,31.22,1.22
0,4.0,0.0,2.2,+45,los_only,40.0,0.1452,0.1736,40.8 / 49.2 / 130.8 / 139.2,40.83,0.83
0,4.0,0.0,2.2,+45,los_only,50.0,0.1926,0.1736,39.4 / 50.6 / 129.4 / 140.6,50.55,0.55
0,4.0,0.0,2.2,+45,los_only,60.0,0.5103,0.5,29.7 / 60.3 / 119.7 / 150.3,60.34,0.34
0,4.0,0.0,2.2,+45,los_only,70.0,0.77,0.766,19.8 / 70.2 / 109.8 / 160.2,70.18,0.18
0,4.0,0.0,2.2,+45,los_only,80.0,0.9402,0.9397,10.0 / 80.0 / 100.0 / 170.0,80.04,0.04
0,4.0,0.0,2.2,+45,los_only,90.0,1.0,1.0,0.1 / 89.9 / 90.1 / 179.9,89.91,-0.09
0,4.0,0.0,2.2,+45,los_only,100.0,0.9417,0.9397,9.8 / 80.2 / 99.8 / 170.2,99.83,-0.17
0,4.0,0.0,2.2,+45,los_only,110.0,0.7718,0.766,19.7 / 70.3 / 109.7 / 160.3,109.74,-0.26
0,4.0,0.0,2.2,+45,los_only,120.0,0.5108,0.5,29.6 / 60.4 / 119.6 / 150.4,119.64,-0.36
0,4.0,0.0,2.2,+45,los_only,130.0,0.1904,0.1736,39.5 / 50.5 / 129.5 / 140.5,129.51,-0.49
0,4.0,0.0,2.2,+45,los_only,140.0,0.1504,0.1736,40.7 / 49.3 / 130.7 / 139.3,139.32,-0.68
0,4.0,0.0,2.2,+45,los_only,150.0,0.4698,0.5,31.0 / 59.0 / 121.0 / 149.0,149.01,-0.99
0,4.0,0.0,2.2,+45,los_only,160.0,0.729,0.766,21.6 / 68.4 / 111.6 / 158.4,158.4,-1.6
0,4.0,0.0,2.2,+45,los_only,170.0,0.8969,0.9397,13.1 / 76.9 / 103.1 / 166.9,166.88,-3.12
0,4.0,0.0,2.2,+45,los_only,180.0,0.9536,1.0,8.8 / 81.2 / 98.8 / 171.2,188.76,8.76
0,4.0,0.0,2.2,-45,full,0.0,0.9519,1.0,8.9 / 81.1 / 98.9 / 171.1,8.92,8.92
0,4.0,0.0,2.2,-45,full,10.0,0.896,0.9397,13.2 / 76.8 / 103.2 / 166.8,13.18,3.18
0,4.0,0.0,2.2,-45,full,20.0,0.7284,0.766,21.6 / 68.4 / 111.6 / 158.4,21.62,1.62
0,4.0,0.0,2.2,-45,full,30.0,0.4692,0.5,31.0 / 59.0 / 121.0 / 149.0,31.01,1.01
0,4.0,0.0,2.2,-45,full,40.0,0.15,0.1736,40.7 / 49.3 / 130.7 / 139.3,40.69,0.69
0,4.0,0.0,2.2,-45,full,50.0,0.1902,0.1736,39.5 / 50.5 / 129.5 / 140.5,50.48,0.48
0,4.0,0.0,2.2,-45,full,60.0,0.5101,0.5,29.7 / 60.3 / 119.7 / 150.3,60.33,0.33
0,4.0,0.0,2.2,-45,full,70.0,0.7707,0.766,19.8 / 70.2 / 109.8 / 160.2,70.21,0.21
0,4.0,0.0,2.2,-45,full,80.0,0.9408,0.9397,9.9 / 80.1 / 99.9 / 170.1,80.09,0.09
0,4.0,0.0,2.2,-45,full,90.0,1.0,1.0,0.1 / 89.9 / 90.1 / 179.9,89.91,-0.09
0,4.0,0.0,2.2,-45,full,100.0,0.9417,0.9397,9.8 / 80.2 / 99.8 / 170.2,99.83,-0.17
0,4.0,0.0,2.2,-45,full,110.0,0.7733,0.766,19.7 / 70.3 / 109.7 / 160.3,109.67,-0.33
0,4.0,0.0,2.2,-45,full,120.0,0.5154,0.5,29.5 / 60.5 / 119.5 / 150.5,119.49,-0.51
0,4.0,0.0,2.2,-45,full,130.0,0.199,0.1736,39.3 / 50.7 / 129.3 / 140.7,129.26,-0.74
0,4.0,0.0,2.2,-45,full,140.0,0.1384,0.1736,41.0 / 49.0 / 131.0 / 139.0,138.98,-1.02
0,4.0,0.0,2.2,-45,full,150.0,0.4565,0.5,31.4 / 58.6 / 121.4 / 148.6,148.58,-1.42
0,4.0,0.0,2.2,-45,full,160.0,0.7174,0.766,22.1 / 67.9 / 112.1 / 157.9,157.92,-2.08
0,4.0,0.0,2.2,-45,full,170.0,0.8896,0.9397,13.6 / 76.4 / 103.6 / 166.4,166.41,-3.59
0,4.0,0.0,2.2,-45,full,180.0,0.9518,1.0,8.9 / 81.1 / 98.9 / 171.1,188.93,8.93
0,4.0,0.0,2.2,-45,los_only,0.0,0.9521,1.0,8.9 / 81.1 / 98.9 / 171.1,-8.9,-8.9
0,4.0,0.0,2.2,-45,los_only,10.0,0.8968,0.9397,13.1 / 76.9 / 103.1 / 166.9,13.13,3.13
0,4.0,0.0,2.2,-45,los_only,20.0,0.7298,0.766,21.6 / 68.4 / 111.6 / 158.4,21.57,1.57
0,4.0,0.0,2.2,-45,los_only,30.0,0.4709,0.5,31.0 / 59.0 / 121.0 / 149.0,30.95,0.95
0,4.0,0.0,2.2,-45,los_only,40.0,0.1518,0.1736,40.6 / 49.4 / 130.6 / 139.4,40.63,0.63
0,4.0,0.0,2.2,-45,los_only,50.0,0.1887,0.1736,39.6 / 50.4 / 129.6 / 140.4,50.44,0.44
0,4.0,0.0,2.2,-45,los_only,60.0,0.5089,0.5,29.7 / 60.3 / 119.7 / 150.3,60.3,0.3
0,4.0,0.0,2.2,-45,los_only,70.0,0.7699,0.766,19.8 / 70.2 / 109.8 / 160.2,70.17,0.17
0,4.0,0.0,2.2,-45,los_only,80.0,0.9403,0.9397,9.9 / 80.1 / 99.9 / 170.1,80.06,0.06
0,4.0,0.0,2.2,-45,los_only,90.0,1.0,1.0,0.1 / 89.9 / 90.1 / 179.9,89.91,-0.09
0,4.0,0.0,2.2,-45,los_only,100.0,0.9422,0.9397,9.8 / 80.2 / 99.8 / 170.2,99.79,-0.21
0,4.0,0.0,2.2,-45,los_only,110.0,0.7744,0.766,19.6 / 70.4 / 109.6 / 160.4,109.62,-0.38
0,4.0,0.0,2.2,-45,los_only,120.0,0.517,0.5,29.4 / 60.6 / 119.4 / 150.6,119.44,-0.56
0,4.0,0.0,2.2,-45,los_only,130.0,0.2006,0.1736,39.2 / 50.8 / 129.2 / 140.8,129.21,-0.79
0,4.0,0.0,2.2,-45,los_only,140.0,0.1369,0.1736,41.1 / 48.9 / 131.1 / 138.9,138.93,-1.07
0,4.0,0.0,2.2,-45,los_only,150.0,0.4553,0.5,31.5 / 58.5 / 121.5 / 148.5,148.54,-1.46
0,4.0,0.0,2.2,-45,los_only,160.0,0.7167,0.766,22.1 / 67.9 / 112.1 / 157.9,157.89,-2.11
0,4.0,0.0,2.2,-45,los_only,170.0,0.8894,0.9397,13.6 / 76.4 / 103.6 / 166.4,166.4,-3.6
0,4.0,0.0,2.2,-45,los_only,180.0,0.9521,1.0,8.9 / 81.1 / 98.9 / 171.1,188.9,8.9
1,7.0,0.35,3.74,+45,full,0.0,0.9429,1.0,9.7 / 80.3 / 99.7 / 170.3,9.73,9.73
1,7.0,0.35,3.74,+45,full,10.0,0.8128,0.9397,17.8 / 72.2 / 107.8 / 162.2,17.81,7.81
1,7.0,0.35,3.74,+45,full,20.0,0.6759,0.766,23.7 / 66.3 / 113.7 / 156.3,23.74,3.74
1,7.0,0.35,3.74,+45,full,30.0,0.5011,0.5,30.0 / 60.0 / 120.0 / 150.0,29.96,-0.04
1,7.0,0.35,3.74,+45,full,40.0,0.2557,0.1736,37.6 / 52.4 / 127.6 / 142.4,37.59,-2.41
1,7.0,0.35,3.74,+45,full,50.0,0.0941,0.1736,42.3 / 47.7 / 132.3 / 137.7,47.7,-2.3
1,7.0,0.35,3.74,+45,full,60.0,0.5157,0.5,29.5 / 60.5 / 119.5 / 150.5,60.52,0.52
1,7.0,0.35,3.74,+45,full,70.0,0.8558,0.766,15.6 / 74.4 / 105.6 / 164.4,74.43,4.43
1,7.0,0.35,3.74,+45,full,80.0,0.9912,0.9397,3.8 / 86.2 / 93.8 / 176.2,86.19,6.19
1,7.0,0.35,3.74,+45,full,90.0,0.9606,1.0,8.1 / 81.9 / 98.1 / 171.9,81.93,-8.07
1,7.0,0.35,3.74,+45,full,100.0,0.8857,0.9397,13.8 / 76.2 / 103.8 / 166.2,103.83,3.83
1,7.0,0.35,3.74,+45,full,110.0,0.7961,0.766,18.6 / 71.4 / 108.6 / 161.4,108.62,-1.38
1,7.0,0.35,3.74,+45,full,120.0,0.6837,0.5,23.4 / 66.6 / 113.4 / 156.6,113.43,-6.57
1,7.0,0.35,3.74,+45,full,130.0,0.5203,0.1736,29.3 / 60.7 / 119.3 / 150.7,119.32,-10.68
1,7.0,0.35,3.74,+45,full,140.0,0.2856,0.1736,36.7 / 53.3 / 126.7 / 143.3,143.3,3.3
1,7.0,0.35,3.74,+45,full,150.0,0.0189,0.5,44.5 / 45.5 / 134.5 / 135.5,135.54,-14.46
1,7.0,0.35,3.74,+45,full,160.0,0.3581,0.766,34.5 / 55.5 / 124.5 / 145.5,145.49,-14.51
1,7.0,0.35,3.74,+45,full,170.0,0.6558,0.9397,24.5 / 65.5 / 114.5 / 155.5,155.49,-14.51
1,7.0,0.35,3.74,+45,full,180.0,0.8323,1.0,16.8 / 73.2 / 106.8 / 163.2,196.83,16.83
1,7.0,0.35,3.74,+45,los_only,0.0,0.9456,1.0,9.5 / 80.5 / 99.5 / 170.5,9.5,9.5
1,7.0,0.35,3.74,+45,los_only,10.0,0.8423,0.9397,16.3 / 73.7 / 106.3 / 163.7,16.31,6.31
1,7.0,0.35,3.74,+45,los_only,20.0,0.7086,0.766,22.4 / 67.6 / 112.4 / 157.6,22.44,2.44
1,7.0,0.35,3.74,+45,los_only,30.0,0.5476,0.5,28.4 / 61.6 / 118.4 / 151.6,28.4,-1.6
1,7.0,0.35,3.74,+45,los_only,40.0,0.3202,0.1736,35.7 / 54.3 / 125.7 / 144.3,35.66,-4.34
1,7.0,0.35,3.74,+45,los_only,50.0,0.0131,0.1736,44.6 / 45.4 / 134.6 / 135.4,45.37,-4.63
1,7.0,0.35,3.74,+45,los_only,60.0,0.4371,0.5,32.0 / 58.0 / 122.0 / 148.0,57.96,-2.04
1,7.0,0.35,3.74,+45,los_only,70.0,0.8122,0.766,17.8 / 72.2 / 107.8 / 162.2,72.16,2.16
1,7.0,0.35,3.74,+45,los_only,80.0,0.985,0.9397,5.0 / 85.0 / 95.0 / 175.0,85.04,5.04
1,7.0,0.35,3.74,+45,los_only,90.0,0.9845,1.0,5.1 / 84.9 / 95.1 / 174.9,84.94,-5.06
1,7.0,0.35,3.74,+45,los_only,100.0,0.9182,0.9397,11.7 / 78.3 / 101.7 / 168.3,101.67,1.67
1,7.0,0.35,3.74,+45,los_only,110.0,0.8366,0.766,16.6 / 73.4 / 106.6 / 163.4,106.61,-3.39
1,7.0,0.35,3.74,+45,los_only,120.0,0.7355,0.5,21.3 / 68.7 / 111.3 / 158.7,111.32,-8.68
1,7.0,0.35,3.74,+45,los_only,130.0,0.5895,0.1736,26.9 / 63.1 / 116.9 / 153.1,116.94,-13.06
1,7.0,0.35,3.74,+45,los_only,140.0,0.3754,0.1736,34.0 / 56.0 / 124.0 / 146.0,146.03,6.03
1,7.0,0.35,3.74,+45,los_only,150.0,0.0866,0.5,42.5 / 47.5 / 132.5 / 137.5,137.49,-12.51
1,7.0,0.35,3.74,+45,los_only,160.0,0.2505,0.766,37.7 / 52.3 / 127.7 / 142.3,142.25,-17.75
1,7.0,0.35,3.74,+45,los_only,170.0,0.5629,0.9397,27.9 / 62.1 / 117.9 / 152.1,152.13,-17.87
1,7.0,0.35,3.74,+45,los_only,180.0,0.7648,1.0,20.1 / 69.9 / 110.1 / 159.9,200.05,20.05
1,7.0,0.35,3.74,-45,full,0.0,0.9586,1.0,8.3 / 81.7 / 98.3 / 171.7,8.27,8.27
1,7.0,0.35,3.74,-45,full,10.0,0.9939,0.9397,3.2 / 86.8 / 93.2 / 176.8,3.17,-6.83
1,7.0,0.35,3.74,-45,full,20.0,0.762,0.766,20.2 / 69.8 / 110.2 / 159.8,20.18,0.18
1,7.0,0.35,3.74,-45,full,30.0,0.2575,0.5,37.5 / 52.5 / 127.5 / 142.5,37.54,7.54
1,7.0,0.35,3.74,-45,full,40.0,0.2487,0.1736,37.8 / 52.2 / 127.8 / 142.2,37.8,-2.2
1,7.0,0.35,3.74,-45,full,50.0,0.5902,0.1736,26.9 / 63.1 / 116.9 / 153.1,63.09,13.09
1,7.0,0.35,3.74,-45,full,60.0,0.8003,0.5,18.4 / 71.6 / 108.4 / 161.6,71.58,11.58
1,7.0,0.35,3.74,-45,full,70.0,0.8991,0.766,13.0 / 77.0 / 103.0 / 167.0,77.02,7.02
1,7.0,0.35,3.74,-45,full,80.0,0.959,0.9397,8.2 / 81.8 / 98.2 / 171.8,81.77,1.77
1,7.0,0.35,3.74,-45,full,90.0,0.9157,1.0,11.8 / 78.2 / 101.8 / 168.2,78.15,-11.85
1,7.0,0.35,3.74,-45,full,100.0,0.6289,0.9397,25.5 / 64.5 / 115.5 / 154.5,115.51,15.51
1,7.0,0.35,3.74,-45,full,110.0,0.2675,0.766,37.2 / 52.8 / 127.2 / 142.8,127.24,17.24
1,7.0,0.35,3.74,-45,full,120.0,0.0783,0.5,42.8 / 47.2 / 132.8 / 137.2,132.75,12.75
1,7.0,0.35,3.74,-45,full,130.0,0.3412,0.1736,35.0 / 55.0 / 125.0 / 145.0,125.02,-4.98
1,7.0,0.35,3.74,-45,full,140.0,0.5397,0.1736,28.7 / 61.3 / 118.7 / 151.3,151.33,11.33
1,7.0,0.35,3.74,-45,full,150.0,0.6998,0.5,22.8 / 67.2 / 112.8 / 157.2,157.2,7.2
1,7.0,0.35,3.74,-45,full,160.0,0.8212,0.766,17.4 / 72.6 / 107.4 / 162.6,162.6,2.6
1,7.0,0.35,3.74,-45,full,170.0,0.8822,0.9397,14.0 / 76.0 / 104.0 / 166.0,165.95,-4.05
1,7.0,0.35,3.74,-45,full,180.0,0.8498,1.0,15.9 / 74.1 / 105.9 / 164.1,195.91,15.91
1,7.0,0.35,3.74,-45,los_only,0.0,0.9684,1.0,7.2 / 82.8 / 97.2 / 172.8,7.22,7.22
1,7.0,0.35,3.74,-45,los_only,10.0,0.9809,0.9397,5.6 / 84.4 / 95.6 / 174.4,5.61,-4.39
1,7.0,0.35,3.74,-45,los_only,20.0,0.7512,0.766,20.7 / 69.3 / 110.7 / 159.3,20.65,0.65
1,7.0,0.35,3.74,-45,los_only,30.0,0.235,0.5,38.2 / 51.8 / 128.2 / 141.8,38.2,8.2
1,7.0,0.35,3.74,-45,los_only,40.0,0.2706,0.1736,37.1 / 52.9 / 127.1 / 142.9,37.15,-2.85
1,7.0,0.35,3.74,-45,los_only,50.0,0.599,0.1736,26.6 / 63.4 / 116.6 / 153.4,63.4,13.4
1,7.0,0.35,3.74,-45,los_only,60.0,0.7943,0.5,18.7 / 71.3 / 108.7 / 161.3,71.29,11.29
1,7.0,0.35,3.74,-45,los_only,70.0,0.9051,0.766,12.6 / 77.4 / 102.6 / 167.4,77.42,7.42
1,7.0,0.35,3.74,-45,los_only,80.0,0.9361,0.9397,10.3 / 79.7 / 100.3 / 169.7,79.7,-0.3
1,7.0,0.35,3.74,-45,los_only,90.0,0.8519,1.0,15.8 / 74.2 / 105.8 / 164.2,74.21,-15.79
1,7.0,0.35,3.74,-45,los_only,100.0,0.6094,0.9397,26.2 / 63.8 / 116.2 / 153.8,116.23,16.23
1,7.0,0.35,3.74,-45,los_only,110.0,0.2486,0.766,37.8 / 52.2 / 127.8 / 142.2,127.8,17.8
1,7.0,0.35,3.74,-45,los_only,120.0,0.097,0.5,42.2 / 47.8 / 132.2 / 137.8,132.22,12.22
1,7.0,0.35,3.74,-45,los_only,130.0,0.3543,0.1736,34.6 / 55.4 / 124.6 / 145.4,124.62,-5.38
1,7.0,0.35,3.74,-45,los_only,140.0,0.542,0.1736,28.6 / 61.4 / 118.6 / 151.4,151.41,11.41
1,7.0,0.35,3.74,-45,los_only,150.0,0.689,0.5,23.2 / 66.8 / 113.2 / 156.8,156.78,6.78
1,7.0,0.35,3.74,-45,los_only,160.0,0.7985,0.766,18.5 / 71.5 / 108.5 / 161.5,161.49,1.49
1,7.0,0.35,3.74,-45,los_only,170.0,0.8518,0.9397,15.8 / 74.2 / 105.8 / 164.2,164.2,-5.8
1,7.0,0.35,3.74,-45,los_only,180.0,0.8173,1.0,17.6 / 72.4 / 107.6 / 162.4,197.59,17.59
2,11.0,-0.5,7.35,+45,full,0.0,0.8392,1.0,16.5 / 73.5 / 106.5 / 163.5,-16.47,-16.47
2,11.0,-0.5,7.35,+45,full,10.0,0.7712,0.9397,19.8 / 70.2 / 109.8 / 160.2,19.77,9.77
2,11.0,-0.5,7.35,+45,full,20.0,0.6394,0.766,25.1 / 64.9 / 115.1 / 154.9,25.13,5.13
2,11.0,-0.5,7.35,+45,full,30.0,0.3745,0.5,34.0 / 56.0 / 124.0 / 146.0,34.0,4.0
2,11.0,-0.5,7.35,+45,full,40.0,0.0048,0.1736,44.9 / 45.1 / 134.9 / 135.1,44.86,4.86
2,11.0,-0.5,7.35,+45,full,50.0,0.4567,0.1736,31.4 / 58.6 / 121.4 / 148.6,58.59,8.59
2,11.0,-0.5,7.35,+45,full,60.0,0.7854,0.5,19.1 / 70.9 / 109.1 / 160.9,70.88,10.88
2,11.0,-0.5,7.35,+45,full,70.0,0.8702,0.766,14.8 / 75.2 / 104.8 / 165.2,75.24,5.24
2,11.0,-0.5,7.35,+45,full,80.0,0.9253,0.9397,11.1 / 78.9 / 101.1 / 168.9,78.86,-1.14
2,11.0,-0.5,7.35,+45,full,90.0,0.9004,1.0,12.9 / 77.1 / 102.9 / 167.1,77.11,-12.89
2,11.0,-0.5,7.35,+45,full,100.0,0.7577,0.9397,20.4 / 69.6 / 110.4 / 159.6,110.37,10.37
2,11.0,-0.5,7.35,+45,full,110.0,0.7266,0.766,21.7 / 68.3 / 111.7 / 158.3,111.7,1.7
2,11.0,-0.5,7.35,+45,full,120.0,0.5887,0.5,27.0 / 63.0 / 117.0 / 153.0,116.97,-3.03
2,11.0,-0.5,7.35,+45,full,130.0,0.3437,0.1736,34.9 / 55.1 / 124.9 / 145.1,124.95,-5.05
2,11.0,-0.5,7.35,+45,full,140.0,0.0083,0.1736,44.8 / 45.2 / 134.8 / 135.2,135.24,-4.76
2,11.0,-0.5,7.35,+45,full,150.0,0.3087,0.5,36.0 / 54.0 / 126.0 / 144.0,143.99,-6.01
2,11.0,-0.5,7.35,+45,full,160.0,0.6767,0.766,23.7 / 66.3 / 113.7 / 156.3,156.29,-3.71
2,11.0,-0.5,7.35,+45,full,170.0,0.9127,0.9397,12.1 / 77.9 / 102.1 / 167.9,167.94,-2.06
2,11.0,-0.5,7.35,+45,full,180.0,0.9869,1.0,4.6 / 85.4 / 94.6 / 175.4,184.64,4.64
2,11.0,-0.5,7.35,+45,los_only,0.0,0.9905,1.0,4.0 / 86.0 / 94.0 / 176.0,-3.96,-3.96
2,11.0,-0.5,7.35,+45,los_only,10.0,0.921,0.9397,11.5 / 78.5 / 101.5 / 168.5,11.46,1.46
2,11.0,-0.5,7.35,+45,los_only,20.0,0.7986,0.766,18.5 / 71.5 / 108.5 / 161.5,18.5,-1.5
2,11.0,-0.5,7.35,+45,los_only,30.0,0.6068,0.5,26.3 / 63.7 / 116.3 / 153.7,26.32,-3.68
2,11.0,-0.5,7.35,+45,los_only,40.0,0.3188,0.1736,35.7 / 54.3 / 125.7 / 144.3,35.7,-4.3
2,11.0,-0.5,7.35,+45,los_only,50.0,0.0913,0.1736,42.4 / 47.6 / 132.4 / 137.6,47.62,-2.38
2,11.0,-0.5,7.35,+45,los_only,60.0,0.5413,0.5,28.6 / 61.4 / 118.6 / 151.4,61.39,1.39
2,11.0,-0.5,7.35,+45,los_only,70.0,0.8355,0.766,16.7 / 73.3 / 106.7 / 163.3,73.33,3.33
2,11.0,-0.5,7.35,+45,los_only,80.0,0.9521,0.9397,8.9 / 81.1 / 98.9 / 171.1,81.1,1.1
2,11.0,-0.5,7.35,+45,los_only,90.0,0.969,1.0,7.2 / 82.8 / 97.2 / 172.8,82.85,-7.15
2,11.0,-0.5,7.35,+45,los_only,100.0,0.9598,0.9397,8.2 / 81.8 / 98.2 / 171.8,98.15,-1.85
2,11.0,-0.5,7.35,+45,los_only,110.0,0.9208,0.766,11.5 / 78.5 / 101.5 / 168.5,101.48,-8.52
2,11.0,-0.5,7.35,+45,los_only,120.0,0.8258,0.5,17.2 / 72.8 / 107.2 / 162.8,107.16,-12.84
2,11.0,-0.5,7.35,+45,los_only,130.0,0.6697,0.1736,24.0 / 66.0 / 114.0 / 156.0,113.98,-16.02
2,11.0,-0.5,7.35,+45,los_only,140.0,0.4377,0.1736,32.0 / 58.0 / 122.0 / 148.0,147.98,7.98
2,11.0,-0.5,7.35,+45,los_only,150.0,0.1252,0.5,41.4 / 48.6 / 131.4 / 138.6,138.6,-11.4
2,11.0,-0.5,7.35,+45,los_only,160.0,0.2315,0.766,38.3 / 51.7 / 128.3 / 141.7,141.69,-18.31
2,11.0,-0.5,7.35,+45,los_only,170.0,0.5482,0.9397,28.4 / 61.6 / 118.4 / 151.6,151.62,-18.38
2,11.0,-0.5,7.35,+45,los_only,180.0,0.7465,1.0,20.9 / 69.1 / 110.9 / 159.1,200.86,20.86
2,11.0,-0.5,7.35,-45,full,0.0,0.9683,1.0,7.2 / 82.8 / 97.2 / 172.8,7.23,7.23
2,11.0,-0.5,7.35,-45,full,10.0,0.9335,0.9397,10.5 / 79.5 / 100.5 / 169.5,10.51,0.51
2,11.0,-0.5,7.35,-45,full,20.0,0.1915,0.766,39.5 / 50.5 / 129.5 / 140.5,39.48,19.48
2,11.0,-0.5,7.35,-45,full,30.0,0.1128,0.5,41.8 / 48.2 / 131.8 / 138.2,41.76,11.76
2,11.0,-0.5,7.35,-45,full,40.0,0.472,0.1736,30.9 / 59.1 / 120.9 / 149.1,30.92,-9.08
2,11.0,-0.5,7.35,-45,full,50.0,0.5958,0.1736,26.7 / 63.3 / 116.7 / 153.3,63.28,13.28
2,11.0,-0.5,7.35,-45,full,60.0,0.802,0.5,18.3 / 71.7 / 108.3 / 161.7,71.66,11.66
2,11.0,-0.5,7.35,-45,full,70.0,0.9204,0.766,11.5 / 78.5 / 101.5 / 168.5,78.5,8.5
2,11.0,-0.5,7.35,-45,full,80.0,0.8642,0.9397,15.1 / 74.9 / 105.1 / 164.9,74.9,-5.1
2,11.0,-0.5,7.35,-45,full,90.0,0.7635,1.0,20.1 / 69.9 / 110.1 / 159.9,69.89,-20.11
2,11.0,-0.5,7.35,-45,full,100.0,0.2272,0.9397,38.4 / 51.6 / 128.4 / 141.6,128.43,28.43
2,11.0,-0.5,7.35,-45,full,110.0,0.0895,0.766,42.4 / 47.6 / 132.4 / 137.6,132.43,22.43
2,11.0,-0.5,7.35,-45,full,120.0,0.1574,0.5,40.5 / 49.5 / 130.5 / 139.5,130.47,10.47
2,11.0,-0.5,7.35,-45,full,130.0,0.3574,0.1736,34.5 / 55.5 / 124.5 / 145.5,124.53,-5.47
2,11.0,-0.5,7.35,-45,full,140.0,0.5837,0.1736,27.1 / 62.9 / 117.1 / 152.9,152.86,12.86
2,11.0,-0.5,7.35,-45,full,150.0,0.66,0.5,24.4 / 65.6 / 114.4 / 155.6,155.65,5.65
2,11.0,-0.5,7.35,-45,full,160.0,0.8223,0.766,17.3 / 72.7 / 107.3 / 162.7,162.66,2.66
2,11.0,-0.5,7.35,-45,full,170.0,0.8803,0.9397,14.2 / 75.8 / 104.2 / 165.8,165.84,-4.16
2,11.0,-0.5,7.35,-45,full,180.0,0.8002,1.0,18.4 / 71.6 / 108.4 / 161.6,198.43,18.43
2,11.0,-0.5,7.35,-45,los_only,0.0,0.9795,1.0,5.8 / 84.2 / 95.8 / 174.2,5.81,5.81
2,11.0,-0.5,7.35,-45,los_only,10.0,0.9478,0.9397,9.3 / 80.7 / 99.3 / 170.7,9.3,-0.7
2,11.0,-0.5,7.35,-45,los_only,20.0,0.5986,0.766,26.6 / 63.4 / 116.6 / 153.4,26.62,6.62
2,11.0,-0.5,7.35,-45,los_only,30.0,0.1234,0.5,41.5 / 48.5 / 131.5 / 138.5,41.46,11.46
2,11.0,-0.5,7.35,-45,los_only,40.0,0.2417,0.1736,38.0 / 52.0 / 128.0 / 142.0,38.01,-1.99
2,11.0,-0.5,7.35,-45,los_only,50.0,0.5182,0.1736,29.4 / 60.6 / 119.4 / 150.6,60.61,10.61
2,11.0,-0.5,7.35,-45,los_only,60.0,0.7295,0.5,21.6 / 68.4 / 111.6 / 158.4,68.42,8.42
2,11.0,-0.5,7.35,-45,los_only,70.0,0.8629,0.766,15.2 / 74.8 / 105.2 / 164.8,74.82,4.82
2,11.0,-0.5,7.35,-45,los_only,80.0,0.849,0.9397,15.9 / 74.1 / 105.9 / 164.1,74.05,-5.95
2,11.0,-0.5,7.35,-45,los_only,90.0,0.6878,1.0,23.3 / 66.7 / 113.3 / 156.7,66.73,-23.27
2,11.0,-0.5,7.35,-45,los_only,100.0,0.4567,0.9397,31.4 / 58.6 / 121.4 / 148.6,121.41,21.41
2,11.0,-0.5,7.35,-45,los_only,110.0,0.1487,0.766,40.7 / 49.3 / 130.7 / 139.3,130.72,20.72
2,11.0,-0.5,7.35,-45,los_only,120.0,0.1066,0.5,41.9 / 48.1 / 131.9 / 138.1,131.94,11.94
2,11.0,-0.5,7.35,-45,los_only,130.0,0.2414,0.1736,38.0 / 52.0 / 128.0 / 142.0,128.02,-1.98
2,11.0,-0.5,7.35,-45,los_only,140.0,0.3982,0.1736,33.3 / 56.7 / 123.3 / 146.7,146.73,6.73
2,11.0,-0.5,7.35,-45,los_only,150.0,0.5765,0.5,27.4 / 62.6 / 117.4 / 152.6,152.6,2.6
2,11.0,-0.5,7.35,-45,los_only,160.0,0.7258,0.766,21.7 / 68.3 / 111.7 / 158.3,158.27,-1.73
2,11.0,-0.5,7.35,-45,los_only,170.0,0.7856,0.9397,19.1 / 70.9 / 109.1 / 160.9,160.89,-9.11
2,11.0,-0.5,7.35,-45,los_only,180.0,0.7062,1.0,22.5 / 67.5 / 112.5 / 157.5,202.54,22.54
3,15.0,0.0,11.22,+45,full,0.0,0.9896,1.0,4.1 / 85.9 / 94.1 / 175.9,4.13,4.13
3,15.0,0.0,11.22,+45,full,10.0,0.9562,0.9397,8.5 / 81.5 / 98.5 / 171.5,8.51,-1.49
3,15.0,0.0,11.22,+45,full,20.0,0.8383,0.766,16.5 / 73.5 / 106.5 / 163.5,16.52,-3.48
3,15.0,0.0,11.22,+45,full,30.0,0.6465,0.5,24.9 / 65.1 / 114.9 / 155.1,24.86,-5.14
3,15.0,0.0,11.22,+45,full,40.0,0.3609,0.1736,34.4 / 55.6 / 124.4 / 145.6,34.42,-5.58
3,15.0,0.0,11.22,+45,full,50.0,0.0375,0.1736,43.9 / 46.1 / 133.9 / 136.1,46.07,-3.93
3,15.0,0.0,11.22,+45,full,60.0,0.4907,0.5,30.3 / 59.7 / 120.3 / 149.7,59.69,-0.31
3,15.0,0.0,11.22,+45,full,70.0,0.8084,0.766,18.0 / 72.0 / 108.0 / 162.0,71.97,1.97
3,15.0,0.0,11.22,+45,full,80.0,0.9247,0.9397,11.2 / 78.8 / 101.2 / 168.8,78.81,-1.19
3,15.0,0.0,11.22,+45,full,90.0,0.9804,1.0,5.7 / 84.3 / 95.7 / 174.3,84.32,-5.68
3,15.0,0.0,11.22,+45,full,100.0,0.9955,0.9397,2.7 / 87.3 / 92.7 / 177.3,92.72,-7.28
3,15.0,0.0,11.22,+45,full,110.0,0.9742,0.766,6.5 / 83.5 / 96.5 / 173.5,96.53,-13.47
3,15.0,0.0,11.22,+45,full,120.0,0.8926,0.5,13.4 / 76.6 / 103.4 / 166.6,103.4,-16.6
3,15.0,0.0,11.22,+45,full,130.0,0.748,0.1736,20.8 / 69.2 / 110.8 / 159.2,110.79,-19.21
3,15.0,0.0,11.22,+45,full,140.0,0.5394,0.1736,28.7 / 61.3 / 118.7 / 151.3,151.32,11.32
3,15.0,0.0,11.22,+45,full,150.0,0.2488,0.5,37.8 / 52.2 / 127.8 / 142.2,142.2,-7.8
3,15.0,0.0,11.22,+45,full,160.0,0.108,0.766,41.9 / 48.1 / 131.9 / 138.1,138.1,-21.9
3,15.0,0.0,11.22,+45,full,170.0,0.442,0.9397,31.9 / 58.1 / 121.9 / 148.1,148.12,-21.88
3,15.0,0.0,11.22,+45,full,180.0,0.658,1.0,24.4 / 65.6 / 114.4 / 155.6,204.43,24.43
3,15.0,0.0,11.22,+45,los_only,0.0,0.998,1.0,1.8 / 88.2 / 91.8 / 178.2,1.82,1.82
3,15.0,0.0,11.22,+45,los_only,10.0,0.9432,0.9397,9.7 / 80.3 / 99.7 / 170.3,9.7,-0.3
3,15.0,0.0,11.22,+45,los_only,20.0,0.8197,0.766,17.5 / 72.5 / 107.5 / 162.5,17.47,-2.53
3,15.0,0.0,11.22,+45,los_only,30.0,0.6288,0.5,25.5 / 64.5 / 115.5 / 154.5,25.52,-4.48
3,15.0,0.0,11.22,+45,los_only,40.0,0.3489,0.1736,34.8 / 55.2 / 124.8 / 145.2,34.79,-5.21
3,15.0,0.0,11.22,+45,los_only,50.0,0.0405,0.1736,43.8 / 46.2 / 133.8 / 136.2,46.16,-3.84
3,15.0,0.0,11.22,+45,los_only,60.0,0.4925,0.5,30.2 / 59.8 / 120.2 / 149.8,59.75,-0.25
3,15.0,0.0,11.22,+45,los_only,70.0,0.8175,0.766,17.6 / 72.4 / 107.6 / 162.4,72.42,2.42
3,15.0,0.0,11.22,+45,los_only,80.0,0.944,0.9397,9.6 / 80.4 / 99.6 / 170.4,80.36,0.36
3,15.0,0.0,11.22,+45,los_only,90.0,0.9736,1.0,6.6 / 83.4 / 96.6 / 173.4,83.41,-6.59
3,15.0,0.0,11.22,+45,los_only,100.0,0.9758,0.9397,6.3 / 83.7 / 96.3 / 173.7,96.32,-3.68
3,15.0,0.0,11.22,+45,los_only,110.0,0.9464,0.766,9.4 / 80.6 / 99.4 / 170.6,99.42,-10.58
3,15.0,0.0,11.22,+45,los_only,120.0,0.8604,0.5,15.3 / 74.7 / 105.3 / 164.7,105.32,-14.68
3,15.0,0.0,11.22,+45,los_only,130.0,0.7132,0.1736,22.3 / 67.7 / 112.3 / 157.7,112.25,-17.75
3,15.0,0.0,11.22,+45,los_only,140.0,0.5035,0.1736,29.9 / 60.1 / 119.9 / 150.1,150.11,10.11
3,15.0,0.0,11.22,+45,los_only,150.0,0.2141,0.5,38.8 / 51.2 / 128.8 / 141.2,141.18,-8.82
3,15.0,0.0,11.22,+45,los_only,160.0,0.1423,0.766,40.9 / 49.1 / 130.9 / 139.1,139.09,-20.91
3,15.0,0.0,11.22,+45,los_only,170.0,0.4838,0.9397,30.5 / 59.5 / 120.5 / 149.5,149.47,-20.53
3,15.0,0.0,11.22,+45,los_only,180.0,0.7111,1.0,22.3 / 67.7 / 112.3 / 157.7,202.34,22.34
3,15.0,0.0,11.22,-45,full,0.0,0.991,1.0,3.9 / 86.1 / 93.9 / 176.1,3.85,3.85
3,15.0,0.0,11.22,-45,full,10.0,0.8959,0.9397,13.2 / 76.8 / 103.2 / 166.8,13.19,3.19
3,15.0,0.0,11.22,-45,full,20.0,0.5231,0.766,29.2 / 60.8 / 119.2 / 150.8,29.23,9.23
3,15.0,0.0,11.22,-45,full,30.0,0.0701,0.5,43.0 / 47.0 / 133.0 / 137.0,42.99,12.99
3,15.0,0.0,11.22,-45,full,40.0,0.2295,0.1736,38.4 / 51.6 / 128.4 / 141.6,38.37,-1.63
3,15.0,0.0,11.22,-45,full,50.0,0.4528,0.1736,31.5 / 58.5 / 121.5 / 148.5,58.46,8.46
3,15.0,0.0,11.22,-45,full,60.0,0.636,0.5,25.3 / 64.7 / 115.3 / 154.7,64.75,4.75
3,15.0,0.0,11.22,-45,full,70.0,0.7503,0.766,20.7 / 69.3 / 110.7 / 159.3,69.31,-0.69
3,15.0,0.0,11.22,-45,full,80.0,0.7686,0.9397,19.9 / 70.1 / 109.9 / 160.1,70.12,-9.88
3,15.0,0.0,11.22,-45,full,90.0,0.561,1.0,27.9 / 62.1 / 117.9 / 152.1,62.06,-27.94
3,15.0,0.0,11.22,-45,full,100.0,0.2145,0.9397,38.8 / 51.2 / 128.8 / 141.2,128.81,28.81
3,15.0,0.0,11.22,-45,full,110.0,0.0916,0.766,42.4 / 47.6 / 132.4 / 137.6,132.37,22.37
3,15.0,0.0,11.22,-45,full,120.0,0.2296,0.5,38.4 / 51.6 / 128.4 / 141.6,128.36,8.36
3,15.0,0.0,11.22,-45,full,130.0,0.298,0.1736,36.3 / 53.7 / 126.3 / 143.7,126.33,-3.67
3,15.0,0.0,11.22,-45,full,140.0,0.3936,0.1736,33.4 / 56.6 / 123.4 / 146.6,146.59,6.59
3,15.0,0.0,11.22,-45,full,150.0,0.5332,0.5,28.9 / 61.1 / 118.9 / 151.1,151.11,1.11
3,15.0,0.0,11.22,-45,full,160.0,0.6694,0.766,24.0 / 66.0 / 114.0 / 156.0,156.01,-3.99
3,15.0,0.0,11.22,-45,full,170.0,0.7313,0.9397,21.5 / 68.5 / 111.5 / 158.5,158.5,-11.5
3,15.0,0.0,11.22,-45,full,180.0,0.6656,1.0,24.1 / 65.9 / 114.1 / 155.9,204.13,24.13
3,15.0,0.0,11.22,-45,los_only,0.0,0.997,1.0,2.2 / 87.8 / 92.2 / 177.8,2.21,2.21
3,15.0,0.0,11.22,-45,los_only,10.0,0.9417,0.9397,9.8 / 80.2 / 99.8 / 170.2,9.83,-0.17
3,15.0,0.0,11.22,-45,los_only,20.0,0.5646,0.766,27.8 / 62.2 / 117.8 / 152.2,27.81,7.81
3,15.0,0.0,11.22,-45,los_only,30.0,0.0735,0.5,42.9 / 47.1 / 132.9 / 137.1,42.89,12.89
3,15.0,0.0,11.22,-45,los_only,40.0,0.2528,0.1736,37.7 / 52.3 / 127.7 / 142.3,37.68,-2.32
3,15.0,0.0,11.22,-45,los_only,50.0,0.4904,0.1736,30.3 / 59.7 / 120.3 / 149.7,59.68,9.68
3,15.0,0.0,11.22,-45,los_only,60.0,0.6898,0.5,23.2 / 66.8 / 113.2 / 156.8,66.81,6.81
3,15.0,0.0,11.22,-45,los_only,70.0,0.8201,0.766,17.5 / 72.5 / 107.5 / 162.5,72.55,2.55
3,15.0,0.0,11.22,-45,los_only,80.0,0.8238,0.9397,17.3 / 72.7 / 107.3 / 162.7,72.73,-7.27
3,15.0,0.0,11.22,-45,los_only,90.0,0.6401,1.0,25.1 / 64.9 / 115.1 / 154.9,64.9,-25.1
3,15.0,0.0,11.22,-45,los_only,100.0,0.2772,0.9397,37.0 / 53.0 / 127.0 / 143.0,126.95,26.95
3,15.0,0.0,11.22,-45,los_only,110.0,0.055,0.766,43.4 / 46.6 / 133.4 / 136.6,133.42,23.42
3,15.0,0.0,11.22,-45,los_only,120.0,0.2183,0.5,38.7 / 51.3 / 128.7 / 141.3,128.69,8.69
3,15.0,0.0,11.22,-45,los_only,130.0,0.3031,0.1736,36.2 / 53.8 / 126.2 / 143.8,126.18,-3.82
3,15.0,0.0,11.22,-45,los_only,140.0,0.4108,0.1736,32.9 / 57.1 / 122.9 / 147.1,147.13,7.13
3,15.0,0.0,11.22,-45,los_only,150.0,0.566,0.5,27.8 / 62.2 / 117.8 / 152.2,152.24,2.24
3,15.0,0.0,11.22,-45,los_only,160.0,0.7188,0.766,22.0 / 68.0 / 112.0 / 158.0,157.98,-2.02
3,15.0,0.0,11.22,-45,los_only,170.0,0.789,0.9397,19.0 / 71.0 / 109.0 / 161.0,161.04,-8.96
3,15.0,0.0,11.22,-45,los_only,180.0,0.7201,1.0,22.0 / 68.0 / 112.0 / 158.0,201.97,21.97
