position,x_m,y_m,range_m,tx_port,channel,yaw_deg,ratio,ratio_ideal,diff
0,4.0,0.0,2.2,+45,full,0.0,0.9534911965852061,1.0,-0.04650880341479391
0,4.0,0.0,2.2,+45,full,10.0,0.8932321887352165,0.9396926207859084,-0.04646043205069195
0,4.0,0.0,2.2,+45,full,20.0,0.7231717869928792,0.7660444431189781,-0.04287265612609892
0,4.0,0.0,2.2,+45,full,30.0,0.4640180348259603,0.5000000000000002,-0.0359819651740399
0,4.0,0.0,2.2,+45,full,40.0,0.14677959623268316,0.17364817766693044,-0.02686858143424728
0,4.0,0.0,2.2,+45,full,50.0,0.19086048882629006,0.1736481776669303,0.017212311159359756
0,4.0,0.0,2.2,+45,full,60.0,0.5087705288457476,0.4999999999999998,0.008770528845747805
0,4.0,0.0,2.2,+45,full,70.0,0.7688820071764143,0.7660444431189779,0.0028375640574364036
0,4.0,0.0,2.2,+45,full,80.0,0.9396499858230425,0.9396926207859084,-4.2634962865939485e-05
0,4.0,0.0,2.2,+45,full,90.0,0.9999909462254346,1.0,-9.053774565392914e-06
0,4.0,0.0,2.2,+45,full,100.0,0.9421046796525654,0.9396926207859084,0.002412058866656963
0,4.0,0.0,2.2,+45,full,110.0,0.7726557826237614,0.7660444431189781,0.00661133950478332
0,4.0,0.0,2.2,+45,full,120.0,0.5120684205831506,0.5000000000000004,0.012068420583150163
0,4.0,0.0,2.2,+45,full,130.0,0.1920269081890203,0.1736481776669303,0.018378730522089992
0,4.0,0.0,2.2,+45,full,140.0,0.14846336662263487,0.17364817766692991,-0.02518481104429504
0,4.0,0.0,2.2,+45,full,150.0,0.4679262552693529,0.5000000000000002,-0.032073744730647336
0,4.0,0.0,2.2,+45,full,160.0,0.7275664386964527,0.7660444431189779,-0.03847800442252525
0,4.0,0.0,2.2,+45,full,170.0,0.8960699520516965,0.9396926207859084,-0.043622668734211945
0,4.0,0.0,2.2,+45,full,180.0,0.9534228095056724,1.0,-0.046577190494327625
0,4.0,0.0,2.2,+45,los_only,0.0,0.9536179184406436,1.0,-0.046382081559356414
0,4.0,0.0,2.2,+45,los_only,10.0,0.8928404659687504,0.9396926207859084,-0.04685215481715799
0,4.0,0.0,2.2,+45,los_only,20.0,0.7223279047646357,0.7660444431189781,-0.043716538354342416
0,4.0,0.0,2.2,+45,los_only,30.0,0.4627585498153139,0.5000000000000002,-0.03724145018468633
0,4.0,0.0,2.2,+45,los_only,40.0,0.14518973641046906,0.17364817766693044,-0.02845844125646138
0,4.0,0.0,2.2,+45,los_only,50.0,0.19257181643044427,0.1736481776669303,0.018923638763513967
0,4.0,0.0,2.2,+45,los_only,60.0,0.5102990512185636,0.4999999999999998,0.010299051218563782
0,4.0,0.0,2.2,+45,los_only,70.0,0.7699594642283044,0.7660444431189779,0.003915021109326511
0,4.0,0.0,2.2,+45,los_only,80.0,0.9401667019603455,0.9396926207859084,0.00047408117443703546
0,4.0,0.0,2.2,+45,los_only,90.0,0.9999949447405179,1.0,-5.0552594821340335e-06
0,4.0,0.0,2.2,+45,los_only,100.0,0.9416865629252746,0.9396926207859084,0.0019939421393662116
0,4.0,0.0,2.2,+45,los_only,110.0,0.7718415577384423,0.7660444431189781,0.005797114619464194
0,4.0,0.0,2.2,+45,los_only,120.0,0.510825616558349,0.5000000000000004,0.010825616558348572
0,4.0,0.0,2.2,+45,los_only,130.0,0.19037322645213897,0.1736481776669303,0.016725048785208668
0,4.0,0.0,2.2,+45,los_only,140.0,0.1503596033122201,0.17364817766692991,-0.023288574354709823
0,4.0,0.0,2.2,+45,los_only,150.0,0.46975563697524814,0.5000000000000002,-0.030244363024752086
0,4.0,0.0,2.2,+45,los_only,160.0,0.7290016651590981,0.7660444431189779,-0.03704277795987976
0,4.0,0.0,2.2,+45,los_only,170.0,0.8969049744991542,0.9396926207859084,-0.042787646286754244
0,4.0,0.0,2.2,+45,los_only,180.0,0.9536179255749612,1.0,-0.04638207442503883
0,4.0,0.0,2.2,-45,full,0.0,0.9518696963835884,1.0,-0.048130303616411574
0,4.0,0.0,2.2,-45,full,10.0,0.8960385005792207,0.9396926207859084,-0.043654120206687685
0,4.0,0.0,2.2,-45,full,20.0,0.7284307768679954,0.7660444431189781,-0.037613666250982725
0,4.0,0.0,2.2,-45,full,30.0,0.46922967924576026,0.5000000000000002,-0.030770320754239966
0,4.0,0.0,2.2,-45,full,40.0,0.1500151011600401,0.17364817766693044,-0.023633076506890338
0,4.0,0.0,2.2,-45,full,50.0,0.19024137485032436,0.1736481776669303,0.016593197183394054
0,4.0,0.0,2.2,-45,full,60.0,0.5100870543473665,0.4999999999999998,0.010087054347366675
0,4.0,0.0,2.2,-45,full,70.0,0.7707303093138758,0.7660444431189779,0.004685866194897859
0,4.0,0.0,2.2,-45,full,80.0,0.9407752611376674,0.9396926207859084,0.0010826403517589789
0,4.0,0.0,2.2,-45,full,90.0,0.9999955626732376,1.0,-4.437326762363192e-06
0,4.0,0.0,2.2,-45,full,100.0,0.9416910923163679,0.9396926207859084,0.0019984715304595113
0,4.0,0.0,2.2,-45,full,110.0,0.7733297134421849,0.7660444431189781,0.007285270323206805
0,4.0,0.0,2.2,-45,full,120.0,0.5154340482397407,0.5000000000000004,0.015434048239740261
0,4.0,0.0,2.2,-45,full,130.0,0.1989616089578584,0.1736481776669303,0.025313431290928085
0,4.0,0.0,2.2,-45,full,140.0,0.13839705567960753,0.17364817766692991,-0.03525112198732239
0,4.0,0.0,2.2,-45,full,150.0,0.4565328411675842,0.5000000000000002,-0.04346715883241603
0,4.0,0.0,2.2,-45,full,160.0,0.7174442403918888,0.7660444431189779,-0.04860020272708909
0,4.0,0.0,2.2,-45,full,170.0,0.8896073030973646,0.9396926207859084,-0.05008531768854385
0,4.0,0.0,2.2,-45,full,180.0,0.9518018707243815,1.0,-0.048198129275618506
0,4.0,0.0,2.2,-45,los_only,0.0,0.9521209479618724,1.0,-0.04787905203812759
0,4.0,0.0,2.2,-45,los_only,10.0,0.8968491001245813,0.9396926207859084,-0.04284352066132713
0,4.0,0.0,2.2,-45,los_only,20.0,0.7297826013765143,0.7660444431189781,-0.03626184174246383
0,4.0,0.0,2.2,-45,los_only,30.0,0.4709402906164565,0.5000000000000002,-0.02905970938354374
0,4.0,0.0,2.2,-45,los_only,40.0,0.1517823376723191,0.17364817766693044,-0.021865839994611336
0,4.0,0.0,2.2,-45,los_only,50.0,0.18869758302287282,0.1736481776669303,0.015049405355942513
0,4.0,0.0,2.2,-45,los_only,60.0,0.5089100993884985,0.4999999999999998,0.008910099388498738
0,4.0,0.0,2.2,-45,los_only,70.0,0.7699335997941538,0.7660444431189779,0.0038891566751758644
0,4.0,0.0,2.2,-45,los_only,80.0,0.9403485883956199,0.9396926207859084,0.0006559676097114275
0,4.0,0.0,2.2,-45,los_only,90.0,0.9999949762604753,1.0,-5.023739524712134e-06
0,4.0,0.0,2.2,-45,los_only,100.0,0.9422171363361423,0.9396926207859084,0.002524515550233919
0,4.0,0.0,2.2,-45,los_only,110.0,0.7744150877620761,0.7660444431189781,0.008370644643098002
0,4.0,0.0,2.2,-45,los_only,120.0,0.516951696040131,0.5000000000000004,0.01695169604013058
0,4.0,0.0,2.2,-45,los_only,130.0,0.20064217977218982,0.1736481776669303,0.026994002105259512
0,4.0,0.0,2.2,-45,los_only,140.0,0.13685262471247067,0.17364817766692991,-0.03679555295445924
0,4.0,0.0,2.2,-45,los_only,150.0,0.45534027362383594,0.5000000000000002,-0.04465972637616428
0,4.0,0.0,2.2,-45,los_only,160.0,0.7167063287287333,0.7660444431189779,-0.0493381143902446
0,4.0,0.0,2.2,-45,los_only,170.0,0.889370711538056,0.9396926207859084,-0.0503219092478524
0,4.0,0.0,2.2,-45,los_only,180.0,0.9521209424460317,1.0,-0.04787905755396826
1,7.0,0.35,3.74,+45,full,0.0,0.9428938593383959,1.0,-0.05710614066160413
1,7.0,0.35,3.74,+45,full,10.0,0.8128235899077758,0.9396926207859084,-0.12686903087813262
1,7.0,0.35,3.74,+45,full,20.0,0.675904383784302,0.7660444431189781,-0.09014005933467617
1,7.0,0.35,3.74,+45,full,30.0,0.5011312609433142,0.5000000000000002,0.0011312609433139498
1,7.0,0.35,3.74,+45,full,40.0,0.25572674811810947,0.17364817766693044,0.08207857045117903
1,7.0,0.35,3.74,+45,full,50.0,0.09406544673578433,0.1736481776669303,-0.07958273093114597
1,7.0,0.35,3.74,+45,full,60.0,0.5156781387260474,0.4999999999999998,0.01567813872604762
1,7.0,0.35,3.74,+45,full,70.0,0.8558286030917694,0.7660444431189779,0.08978415997279154
1,7.0,0.35,3.74,+45,full,80.0,0.9911644066335525,0.9396926207859084,0.051471785847644114
1,7.0,0.35,3.74,+45,full,90.0,0.9606051137069967,1.0,-0.03939488629300325
1,7.0,0.35,3.74,+45,full,100.0,0.8857418932584354,0.9396926207859084,-0.053950727527472986
1,7.0,0.35,3.74,+45,full,110.0,0.7960518187824677,0.7660444431189781,0.030007375663489544
1,7.0,0.35,3.74,+45,full,120.0,0.6836729637881679,0.5000000000000004,0.18367296378816744
1,7.0,0.35,3.74,+45,full,130.0,0.5202997286052886,0.1736481776669303,0.3466515509383583
1,7.0,0.35,3.74,+45,full,140.0,0.28561199855163544,0.17364817766692991,0.11196382088470552
1,7.0,0.35,3.74,+45,full,150.0,0.018901881758920883,0.5000000000000002,-0.48109811824107934
1,7.0,0.35,3.74,+45,full,160.0,0.35808780887098857,0.7660444431189779,-0.40795663424798934
1,7.0,0.35,3.74,+45,full,170.0,0.6558364566573495,0.9396926207859084,-0.28385616412855896
1,7.0,0.35,3.74,+45,full,180.0,0.8322994706685946,1.0,-0.16770052933140545
1,7.0,0.35,3.74,+45,los_only,0.0,0.945568776108014,1.0,-0.05443122389198596
1,7.0,0.35,3.74,+45,los_only,10.0,0.8423293972054531,0.9396926207859084,-0.09736322358045535
1,7.0,0.35,3.74,+45,los_only,20.0,0.708644184407122,0.7660444431189781,-0.05740025871185617
1,7.0,0.35,3.74,+45,los_only,30.0,0.5475882016868969,0.5000000000000002,0.0475882016868967
1,7.0,0.35,3.74,+45,los_only,40.0,0.32018328511885885,0.17364817766693044,0.1465351074519284
1,7.0,0.35,3.74,+45,los_only,50.0,0.013069347415539645,0.1736481776669303,-0.16057883025139066
1,7.0,0.35,3.74,+45,los_only,60.0,0.43709129037391947,0.4999999999999998,-0.0629087096260803
1,7.0,0.35,3.74,+45,los_only,70.0,0.8121984905652347,0.7660444431189779,0.04615404744625684
1,7.0,0.35,3.74,+45,los_only,80.0,0.9850454300057987,0.9396926207859084,0.04535280921989027
1,7.0,0.35,3.74,+45,los_only,90.0,0.9844651067023853,1.0,-0.015534893297614705
1,7.0,0.35,3.74,+45,los_only,100.0,0.9181618723803969,0.9396926207859084,-0.0215307484055115
1,7.0,0.35,3.74,+45,los_only,110.0,0.8365852272301154,0.7660444431189781,0.07054078411113729
1,7.0,0.35,3.74,+45,los_only,120.0,0.7355065126553314,0.5000000000000004,0.23550651265533096
1,7.0,0.35,3.74,+45,los_only,130.0,0.589530237814716,0.1736481776669303,0.4158820601477857
1,7.0,0.35,3.74,+45,los_only,140.0,0.3754268713680902,0.17364817766692991,0.2017786937011603
1,7.0,0.35,3.74,+45,los_only,150.0,0.08664769431197296,0.5000000000000002,-0.4133523056880273
1,7.0,0.35,3.74,+45,los_only,160.0,0.2504618231599491,0.7660444431189779,-0.5155826199590288
1,7.0,0.35,3.74,+45,los_only,170.0,0.5628730311657585,0.9396926207859084,-0.37681958962014994
1,7.0,0.35,3.74,+45,los_only,180.0,0.7648254662477486,1.0,-0.2351745337522514
1,7.0,0.35,3.74,-45,full,0.0,0.9586091902937441,1.0,-0.04139080970625586
1,7.0,0.35,3.74,-45,full,10.0,0.9938973215950908,0.9396926207859084,0.05420470080918238
1,7.0,0.35,3.74,-45,full,20.0,0.7620436676485408,0.7660444431189781,-0.004000775470437312
1,7.0,0.35,3.74,-45,full,30.0,0.2575433152314118,0.5000000000000002,-0.24245668476858845
1,7.0,0.35,3.74,-45,full,40.0,0.24866416817198236,0.17364817766693044,0.07501599050505192
1,7.0,0.35,3.74,-45,full,50.0,0.5902180410001959,0.1736481776669303,0.4165698633332656
1,7.0,0.35,3.74,-45,full,60.0,0.8003192226480835,0.4999999999999998,0.30031922264808375
1,7.0,0.35,3.74,-45,full,70.0,0.8991491247779893,0.7660444431189779,0.13310468165901135
1,7.0,0.35,3.74,-45,full,80.0,0.9589859995750011,0.9396926207859084,0.019293378789092652
1,7.0,0.35,3.74,-45,full,90.0,0.9156714770256514,1.0,-0.08432852297434856
1,7.0,0.35,3.74,-45,full,100.0,0.6289496021443992,0.9396926207859084,-0.3107430186415092
1,7.0,0.35,3.74,-45,full,110.0,0.26750841467297937,0.7660444431189781,-0.49853602844599876
1,7.0,0.35,3.74,-45,full,120.0,0.078340931253634,0.5000000000000004,-0.42165906874636644
1,7.0,0.35,3.74,-45,full,130.0,0.34121375474872534,0.1736481776669303,0.16756557708179504
1,7.0,0.35,3.74,-45,full,140.0,0.5397037045818803,0.17364817766692991,0.3660555269149504
1,7.0,0.35,3.74,-45,full,150.0,0.699785153688096,0.5000000000000002,0.1997851536880958
1,7.0,0.35,3.74,-45,full,160.0,0.8212023166749911,0.7660444431189779,0.055157873556013204
1,7.0,0.35,3.74,-45,full,170.0,0.8821882132092742,0.9396926207859084,-0.05750440757663422
1,7.0,0.35,3.74,-45,full,180.0,0.8497847948051582,1.0,-0.15021520519484177
1,7.0,0.35,3.74,-45,los_only,0.0,0.9684154605056666,1.0,-0.031584539494333375
1,7.0,0.35,3.74,-45,los_only,10.0,0.9808578430218708,0.9396926207859084,0.04116522223596242
1,7.0,0.35,3.74,-45,los_only,20.0,0.7511680840445607,0.7660444431189781,-0.014876359074417422
1,7.0,0.35,3.74,-45,los_only,30.0,0.23500214668502883,0.5000000000000002,-0.2649978533149714
1,7.0,0.35,3.74,-45,los_only,40.0,0.270603716525457,0.17364817766693044,0.09695553885852656
1,7.0,0.35,3.74,-45,los_only,50.0,0.5989637110935789,0.1736481776669303,0.42531553342664863
1,7.0,0.35,3.74,-45,los_only,60.0,0.7942861111504387,0.4999999999999998,0.2942861111504389
1,7.0,0.35,3.74,-45,los_only,70.0,0.9051376731124657,0.7660444431189779,0.13909322999348783
1,7.0,0.35,3.74,-45,los_only,80.0,0.9360509925825637,0.9396926207859084,-0.0036416282033446823
1,7.0,0.35,3.74,-45,los_only,90.0,0.8519446126217507,1.0,-0.1480553873782493
1,7.0,0.35,3.74,-45,los_only,100.0,0.609448798083935,0.9396926207859084,-0.3302438227019734
1,7.0,0.35,3.74,-45,los_only,110.0,0.24863488533183978,0.7660444431189781,-0.5174095577871384
1,7.0,0.35,3.74,-45,los_only,120.0,0.09699672248406771,0.5000000000000004,-0.40300327751593273
1,7.0,0.35,3.74,-45,los_only,130.0,0.35430316521685706,0.1736481776669303,0.18065498754992676
1,7.0,0.35,3.74,-45,los_only,140.0,0.5420105680913236,0.17364817766692991,0.3683623904243937
1,7.0,0.35,3.74,-45,los_only,150.0,0.6890148855253009,0.5000000000000002,0.18901488552530066
1,7.0,0.35,3.74,-45,los_only,160.0,0.7984644543752388,0.7660444431189779,0.03242001125626093
1,7.0,0.35,3.74,-45,los_only,170.0,0.851774197151228,0.9396926207859084,-0.08791842363468039
1,7.0,0.35,3.74,-45,los_only,180.0,0.8173110990937913,1.0,-0.1826889009062087
2,11.0,-0.5,7.35,+45,full,0.0,0.8392003674152372,1.0,-0.16079963258476282
2,11.0,-0.5,7.35,+45,full,10.0,0.7711512438600343,0.9396926207859084,-0.16854137692587412
2,11.0,-0.5,7.35,+45,full,20.0,0.639429016841391,0.7660444431189781,-0.12661542627758715
2,11.0,-0.5,7.35,+45,full,30.0,0.374502512674842,0.5000000000000002,-0.1254974873251582
2,11.0,-0.5,7.35,+45,full,40.0,0.004781422747937882,0.17364817766693044,-0.16886675491899256
2,11.0,-0.5,7.35,+45,full,50.0,0.45674825146454573,0.1736481776669303,0.2831000737976154
2,11.0,-0.5,7.35,+45,full,60.0,0.7853630198256729,0.4999999999999998,0.28536301982567314
2,11.0,-0.5,7.35,+45,full,70.0,0.8701720190123735,0.7660444431189779,0.10412757589339561
2,11.0,-0.5,7.35,+45,full,80.0,0.9253237220228734,0.9396926207859084,-0.014368898763035043
2,11.0,-0.5,7.35,+45,full,90.0,0.9004075118956996,1.0,-0.09959248810430044
2,11.0,-0.5,7.35,+45,full,100.0,0.7577019887953463,0.9396926207859084,-0.1819906319905621
2,11.0,-0.5,7.35,+45,full,110.0,0.7265979909314284,0.7660444431189781,-0.03944645218754972
2,11.0,-0.5,7.35,+45,full,120.0,0.5887483995910192,0.5000000000000004,0.08874839959101877
2,11.0,-0.5,7.35,+45,full,130.0,0.3437019038867279,0.1736481776669303,0.17005372621979759
2,11.0,-0.5,7.35,+45,full,140.0,0.008342397414803776,0.17364817766692991,-0.16530578025212614
2,11.0,-0.5,7.35,+45,full,150.0,0.30870760977589157,0.5000000000000002,-0.19129239022410865
2,11.0,-0.5,7.35,+45,full,160.0,0.6767061553164201,0.7660444431189779,-0.08933828780255781
2,11.0,-0.5,7.35,+45,full,170.0,0.9127106029042147,0.9396926207859084,-0.026982017881693743
2,11.0,-0.5,7.35,+45,full,180.0,0.9869133999186095,1.0,-0.01308660008139051
2,11.0,-0.5,7.35,+45,los_only,0.0,0.9904500944985779,1.0,-0.009549905501422096
2,11.0,-0.5,7.35,+45,los_only,10.0,0.9210020072134104,0.9396926207859084,-0.018690613572498016
2,11.0,-0.5,7.35,+45,los_only,20.0,0.7985508176531652,0.7660444431189781,0.03250637453418703
2,11.0,-0.5,7.35,+45,los_only,30.0,0.6067836100663181,0.5000000000000002,0.10678361006631787
2,11.0,-0.5,7.35,+45,los_only,40.0,0.31880826210740015,0.17364817766693044,0.1451600844404697
2,11.0,-0.5,7.35,+45,los_only,50.0,0.09126051018344662,0.1736481776669303,-0.08238766748348368
2,11.0,-0.5,7.35,+45,los_only,60.0,0.5413469057045608,0.4999999999999998,0.04134690570456101
2,11.0,-0.5,7.35,+45,los_only,70.0,0.835475222259037,0.7660444431189779,0.06943077914005913
2,11.0,-0.5,7.35,+45,los_only,80.0,0.9521399830157874,0.9396926207859084,0.012447362229878967
2,11.0,-0.5,7.35,+45,los_only,90.0,0.9689845702465629,1.0,-0.031015429753437074
2,11.0,-0.5,7.35,+45,los_only,100.0,0.9597652256737883,0.9396926207859084,0.020072604887879875
2,11.0,-0.5,7.35,+45,los_only,110.0,0.9208421644608217,0.7660444431189781,0.15479772134184355
2,11.0,-0.5,7.35,+45,los_only,120.0,0.8258478884706663,0.5000000000000004,0.3258478884706658
2,11.0,-0.5,7.35,+45,los_only,130.0,0.6697234839755362,0.1736481776669303,0.49607530630860586
2,11.0,-0.5,7.35,+45,los_only,140.0,0.43766363800882974,0.17364817766692991,0.2640154603418998
2,11.0,-0.5,7.35,+45,los_only,150.0,0.12523217671826203,0.5000000000000002,-0.3747678232817382
2,11.0,-0.5,7.35,+45,los_only,160.0,0.23146756439159769,0.7660444431189779,-0.5345768787273802
2,11.0,-0.5,7.35,+45,los_only,170.0,0.5482049364847444,0.9396926207859084,-0.391487684301164
2,11.0,-0.5,7.35,+45,los_only,180.0,0.7464587026986949,1.0,-0.25354129730130515
2,11.0,-0.5,7.35,-45,full,0.0,0.9683481404878809,1.0,-0.03165185951211913
2,11.0,-0.5,7.35,-45,full,10.0,0.933476638349905,0.9396926207859084,-0.006215982436003409
2,11.0,-0.5,7.35,-45,full,20.0,0.19153525573383326,0.7660444431189781,-0.5745091873851449
2,11.0,-0.5,7.35,-45,full,30.0,0.11282383736066376,0.5000000000000002,-0.38717616263933646
2,11.0,-0.5,7.35,-45,full,40.0,0.4719854641173128,0.17364817766693044,0.2983372864503824
2,11.0,-0.5,7.35,-45,full,50.0,0.5957752980994572,0.1736481776669303,0.42212712043252687
2,11.0,-0.5,7.35,-45,full,60.0,0.8020404600807864,0.4999999999999998,0.30204046008078667
2,11.0,-0.5,7.35,-45,full,70.0,0.9204395474997958,0.7660444431189779,0.15439510438081794
2,11.0,-0.5,7.35,-45,full,80.0,0.8641906489893169,0.9396926207859084,-0.07550197179659157
2,11.0,-0.5,7.35,-45,full,90.0,0.7634758303412126,1.0,-0.23652416965878742
2,11.0,-0.5,7.35,-45,full,100.0,0.2271947221865797,0.9396926207859084,-0.7124978985993287
2,11.0,-0.5,7.35,-45,full,110.0,0.08946439746032886,0.7660444431189781,-0.6765800456586493
2,11.0,-0.5,7.35,-45,full,120.0,0.15737608116856172,0.5000000000000004,-0.3426239188314387
2,11.0,-0.5,7.35,-45,full,130.0,0.3573686441562623,0.1736481776669303,0.183720466489332
2,11.0,-0.5,7.35,-45,full,140.0,0.5836911086004364,0.17364817766692991,0.41004293093350647
2,11.0,-0.5,7.35,-45,full,150.0,0.6599570380752516,0.5000000000000002,0.1599570380752514
2,11.0,-0.5,7.35,-45,full,160.0,0.822328997744486,0.7660444431189779,0.056284554625508076
2,11.0,-0.5,7.35,-45,full,170.0,0.8802788511723562,0.9396926207859084,-0.05941376961355227
2,11.0,-0.5,7.35,-45,full,180.0,0.8001724673491596,1.0,-0.1998275326508404
2,11.0,-0.5,7.35,-45,los_only,0.0,0.9795319910872708,1.0,-0.020468008912729152
2,11.0,-0.5,7.35,-45,los_only,10.0,0.9478095367898655,0.9396926207859084,0.008116916003957031
2,11.0,-0.5,7.35,-45,los_only,20.0,0.5985597489481416,0.7660444431189781,-0.16748469417083656
2,11.0,-0.5,7.35,-45,los_only,30.0,0.1234116704110423,0.5000000000000002,-0.37658832958895794
2,11.0,-0.5,7.35,-45,los_only,40.0,0.2417336379799583,0.17364817766693044,0.06808546031302787
2,11.0,-0.5,7.35,-45,los_only,50.0,0.5182004317740875,0.1736481776669303,0.3445522541071572
2,11.0,-0.5,7.35,-45,los_only,60.0,0.7294655165556044,0.4999999999999998,0.22946551655560465
2,11.0,-0.5,7.35,-45,los_only,70.0,0.8629356841425412,0.7660444431189779,0.09689124102356328
2,11.0,-0.5,7.35,-45,los_only,80.0,0.8490095523865042,0.9396926207859084,-0.09068306839940421
2,11.0,-0.5,7.35,-45,los_only,90.0,0.6877585494904196,1.0,-0.3122414505095804
2,11.0,-0.5,7.35,-45,los_only,100.0,0.45667458936924216,0.9396926207859084,-0.48301803141666627
2,11.0,-0.5,7.35,-45,los_only,110.0,0.14869646314080504,0.7660444431189781,-0.6173479799781731
2,11.0,-0.5,7.35,-45,los_only,120.0,0.10664941754522808,0.5000000000000004,-0.3933505824547724
2,11.0,-0.5,7.35,-45,los_only,130.0,0.24140766035192252,0.1736481776669303,0.06775948268499221
2,11.0,-0.5,7.35,-45,los_only,140.0,0.3982497934281545,0.17364817766692991,0.22460161576122456
2,11.0,-0.5,7.35,-45,los_only,150.0,0.5764709099778403,0.5000000000000002,0.07647090997784012
2,11.0,-0.5,7.35,-45,los_only,160.0,0.725840549193994,0.7660444431189779,-0.04020389392498391
2,11.0,-0.5,7.35,-45,los_only,170.0,0.7855583526894138,0.9396926207859084,-0.15413426809649466
2,11.0,-0.5,7.35,-45,los_only,180.0,0.7062180111301192,1.0,-0.29378198886988083
3,15.0,0.0,11.22,+45,full,0.0,0.989638249127932,1.0,-0.010361750872068032
3,15.0,0.0,11.22,+45,full,10.0,0.9561648377549516,0.9396926207859084,0.01647221696904322
3,15.0,0.0,11.22,+45,full,20.0,0.8382898991595755,0.7660444431189781,0.0722454560405974
3,15.0,0.0,11.22,+45,full,30.0,0.6465286400552211,0.5000000000000002,0.14652864005522093
3,15.0,0.0,11.22,+45,full,40.0,0.36088887529528646,0.17364817766693044,0.18724069762835602
3,15.0,0.0,11.22,+45,full,50.0,0.03746504349250935,0.1736481776669303,-0.13618313417442096
3,15.0,0.0,11.22,+45,full,60.0,0.49069163004794025,0.4999999999999998,-0.009308369952059525
3,15.0,0.0,11.22,+45,full,70.0,0.8083675364064676,0.7660444431189779,0.04232309328748973
3,15.0,0.0,11.22,+45,full,80.0,0.9246506569304073,0.9396926207859084,-0.015041963855501161
3,15.0,0.0,11.22,+45,full,90.0,0.9804009652179376,1.0,-0.019599034782062374
3,15.0,0.0,11.22,+45,full,100.0,0.9954981091755402,0.9396926207859084,0.05580548838963173
3,15.0,0.0,11.22,+45,full,110.0,0.9741609097649087,0.7660444431189781,0.20811646664593053
3,15.0,0.0,11.22,+45,full,120.0,0.8925624709751246,0.5000000000000004,0.3925624709751242
3,15.0,0.0,11.22,+45,full,130.0,0.7480409210735549,0.1736481776669303,0.5743927434066246
3,15.0,0.0,11.22,+45,full,140.0,0.5394493910459667,0.17364817766692991,0.36580121337903676
3,15.0,0.0,11.22,+45,full,150.0,0.24881994961298293,0.5000000000000002,-0.2511800503870173
3,15.0,0.0,11.22,+45,full,160.0,0.10802029279718427,0.7660444431189779,-0.6580241503217936
3,15.0,0.0,11.22,+45,full,170.0,0.4419815218739274,0.9396926207859084,-0.497711098911981
3,15.0,0.0,11.22,+45,full,180.0,0.657965170223635,1.0,-0.342034829776365
3,15.0,0.0,11.22,+45,los_only,0.0,0.9979747888525773,1.0,-0.002025211147422712
3,15.0,0.0,11.22,+45,los_only,10.0,0.9432237860687038,0.9396926207859084,0.003531165282795401
3,15.0,0.0,11.22,+45,los_only,20.0,0.8196783650421297,0.7660444431189781,0.05363392192315153
3,15.0,0.0,11.22,+45,los_only,30.0,0.6288003760473776,0.5000000000000002,0.12880037604737737
3,15.0,0.0,11.22,+45,los_only,40.0,0.3489242993914463,0.17364817766693044,0.17527612172451587
3,15.0,0.0,11.22,+45,los_only,50.0,0.04052118003990707,0.1736481776669303,-0.13312699762702324
3,15.0,0.0,11.22,+45,los_only,60.0,0.49254760930284924,0.4999999999999998,-0.007452390697150535
3,15.0,0.0,11.22,+45,los_only,70.0,0.8174696341165354,0.7660444431189779,0.05142519099755749
3,15.0,0.0,11.22,+45,los_only,80.0,0.9439639793756723,0.9396926207859084,0.004271358589763907
3,15.0,0.0,11.22,+45,los_only,90.0,0.9736401378551911,1.0,-0.0263598621448089
3,15.0,0.0,11.22,+45,los_only,100.0,0.9757511268086151,0.9396926207859084,0.03605850602270666
3,15.0,0.0,11.22,+45,los_only,110.0,0.9464340512189867,0.7660444431189781,0.1803896081000086
3,15.0,0.0,11.22,+45,los_only,120.0,0.8604079769849385,0.5000000000000004,0.3604079769849381
3,15.0,0.0,11.22,+45,los_only,130.0,0.7132116554101343,0.1736481776669303,0.539563477743204
3,15.0,0.0,11.22,+45,los_only,140.0,0.5034665889892567,0.17364817766692991,0.32981841132232675
3,15.0,0.0,11.22,+45,los_only,150.0,0.21410406683115657,0.5000000000000002,-0.28589593316884365
3,15.0,0.0,11.22,+45,los_only,160.0,0.1422929696437769,0.7660444431189779,-0.623751473475201
3,15.0,0.0,11.22,+45,los_only,170.0,0.4837856267199646,0.9396926207859084,-0.4559069940659438
3,15.0,0.0,11.22,+45,los_only,180.0,0.7110930549521842,1.0,-0.2889069450478158
3,15.0,0.0,11.22,-45,full,0.0,0.990982973797627,1.0,-0.00901702620237299
3,15.0,0.0,11.22,-45,full,10.0,0.895858487529115,0.9396926207859084,-0.04383413325679342
3,15.0,0.0,11.22,-45,full,20.0,0.5231050670861955,0.7660444431189781,-0.2429393760327826
3,15.0,0.0,11.22,-45,full,30.0,0.07006012307503515,0.5000000000000002,-0.42993987692496505
3,15.0,0.0,11.22,-45,full,40.0,0.22946527894010663,0.17364817766693044,0.055817101273176184
3,15.0,0.0,11.22,-45,full,50.0,0.4527550161452126,0.1736481776669303,0.27910683847828227
3,15.0,0.0,11.22,-45,full,60.0,0.6360311848283698,0.4999999999999998,0.13603118482837007
3,15.0,0.0,11.22,-45,full,70.0,0.7502594633702321,0.7660444431189779,-0.01578497974874582
3,15.0,0.0,11.22,-45,full,80.0,0.7686189312152198,0.9396926207859084,-0.17107368957068858
3,15.0,0.0,11.22,-45,full,90.0,0.5609554847807956,1.0,-0.4390445152192044
3,15.0,0.0,11.22,-45,full,100.0,0.21449100671568141,0.9396926207859084,-0.725201614070227
3,15.0,0.0,11.22,-45,full,110.0,0.09158014414390248,0.7660444431189781,-0.6744642989750756
3,15.0,0.0,11.22,-45,full,120.0,0.2295750452632413,0.5000000000000004,-0.27042495473675915
3,15.0,0.0,11.22,-45,full,130.0,0.2979927514083946,0.1736481776669303,0.12434457374146429
3,15.0,0.0,11.22,-45,full,140.0,0.39357557926564973,0.17364817766692991,0.21992740159871982
3,15.0,0.0,11.22,-45,full,150.0,0.5331591145863052,0.5000000000000002,0.03315911458630494
3,15.0,0.0,11.22,-45,full,160.0,0.6694372346117572,0.7660444431189779,-0.09660720850722071
3,15.0,0.0,11.22,-45,full,170.0,0.7313162174125055,0.9396926207859084,-0.2083764033734029
3,15.0,0.0,11.22,-45,full,180.0,0.6656493573761117,1.0,-0.33435064262388825
3,15.0,0.0,11.22,-45,los_only,0.0,0.9970314126212287,1.0,-0.002968587378771259
3,15.0,0.0,11.22,-45,los_only,10.0,0.941725872032644,0.9396926207859084,0.00203325124673559
3,15.0,0.0,11.22,-45,los_only,20.0,0.5646095726911932,0.7660444431189781,-0.20143487042778496
3,15.0,0.0,11.22,-45,los_only,30.0,0.07348977591429523,0.5000000000000002,-0.426510224085705
3,15.0,0.0,11.22,-45,los_only,40.0,0.25276531880019226,0.17364817766693044,0.07911714113326182
3,15.0,0.0,11.22,-45,los_only,50.0,0.49035555580080403,0.1736481776669303,0.31670737813387373
3,15.0,0.0,11.22,-45,los_only,60.0,0.6897922762125636,0.4999999999999998,0.18979227621256378
3,15.0,0.0,11.22,-45,los_only,70.0,0.8200980000035583,0.7660444431189779,0.054053556884580356
3,15.0,0.0,11.22,-45,los_only,80.0,0.8238031914573337,0.9396926207859084,-0.11588942932857471
3,15.0,0.0,11.22,-45,los_only,90.0,0.6401315838815604,1.0,-0.35986841611843956
3,15.0,0.0,11.22,-45,los_only,100.0,0.2772449999809629,0.9396926207859084,-0.6624476208049455
3,15.0,0.0,11.22,-45,los_only,110.0,0.05497758558807707,0.7660444431189781,-0.711066857530901
3,15.0,0.0,11.22,-45,los_only,120.0,0.21834788386942336,0.5000000000000004,-0.28165211613057706
3,15.0,0.0,11.22,-45,los_only,130.0,0.3030918100651417,0.1736481776669303,0.12944363239821138
3,15.0,0.0,11.22,-45,los_only,140.0,0.4107592579048919,0.17364817766692991,0.23711108023796196
3,15.0,0.0,11.22,-45,los_only,150.0,0.5660272047071484,0.5000000000000002,0.06602720470714818
3,15.0,0.0,11.22,-45,los_only,160.0,0.7187515504343248,0.7660444431189779,-0.04729289268465309
3,15.0,0.0,11.22,-45,los_only,170.0,0.7889657509441474,0.9396926207859084,-0.15072686984176098
3,15.0,0.0,11.22,-45,los_only,180.0,0.7201110962691488,1.0,-0.2798889037308512
