position,x_m,y_m,tx_port,yaw_deg,ratio_median,ratio_q25,ratio_q75,ratio_los_only_median,ratio_ideal_los
0,4.0,0.0,LP_plus45,0.0,0.9623285001852981,0.8688538215774757,1.1327599143972822,1.046012000342247,1.0
0,4.0,0.0,LP_plus45,10.0,1.3507343704724057,1.2163122001447357,1.6152082854375396,1.4894064794626078,1.4281480067421146
0,4.0,0.0,LP_plus45,20.0,1.9357975398503222,1.7438459684906662,2.456706918750647,2.2303958619789057,2.144506920509558
0,4.0,0.0,LP_plus45,30.0,3.029922300699703,2.6967487961707755,4.523604544775793,3.831679129460622,3.732050807568876
0,4.0,0.0,LP_plus45,40.0,6.4293137746788735,4.77780391473438,8.727542796060618,9.529879546036339,11.430052302761336
0,4.0,0.0,LP_plus45,50.0,7.709610021606859,5.211126804240289,13.895265093468339,8.579388436482645,11.430052302761348
0,4.0,0.0,LP_plus45,60.0,3.790791335959945,2.8800717471279795,4.752158558777979,3.5717223172041024,3.7320508075688794
0,4.0,0.0,LP_plus45,70.0,2.278649769082469,1.837163543679127,2.579694078936339,2.12041729877768,2.144506920509559
0,4.0,0.0,LP_plus45,80.0,1.5389512945536064,1.26154167691747,1.6832411772387625,1.4269234845894674,1.4281480067421146
0,4.0,0.0,LP_plus45,90.0,1.0903107687042244,0.8945215141355719,1.182093178341225,1.0033415289940575,1.0000000000000002
0,4.0,0.0,LP_plus45,100.0,0.779879336352466,0.6232289286967156,0.8463401868913846,0.7036820747897387,0.7002075382097099
0,4.0,0.0,LP_plus45,110.0,0.5409784759332497,0.4019063947594886,0.5868974548140302,0.46982957152194604,0.4663076581549987
0,4.0,0.0,LP_plus45,120.0,0.34511941829613707,0.23270962729253192,0.37668783814231976,0.27272954552349815,0.267949192431123
0,4.0,0.0,LP_plus45,130.0,0.15952677336599735,0.11958654712615516,0.2143501362594798,0.10655633327292985,0.08748866352592397
0,4.0,0.0,LP_plus45,140.0,0.13801281204435306,0.07779143742751735,0.19673902689889056,0.12313038134849613,0.0874886635259238
0,4.0,0.0,LP_plus45,150.0,0.2752435509713396,0.21597011466804675,0.35384289673753144,0.2953033645768408,0.2679491924311228
0,4.0,0.0,LP_plus45,160.0,0.45302690060216644,0.40223715605393245,0.5525335119165762,0.4963399458375916,0.46630765815499836
0,4.0,0.0,LP_plus45,170.0,0.6794629297411374,0.6113328197120194,0.8054556293989787,0.736458893106177,0.7002075382097099
0,4.0,0.0,LP_plus45,180.0,0.965047817852567,0.863883656544107,1.1312661061745504,1.046012181727936,0.9999999999999997
0,4.0,0.0,LP_minus45,0.0,0.9820237775876042,0.8733581877368731,1.126796372514876,1.0539743747069095,1.0
0,4.0,0.0,LP_minus45,10.0,0.6929858831998259,0.6176525324194243,0.7957432408315847,0.7414689966657042,0.7002075382097098
0,4.0,0.0,LP_minus45,20.0,0.46429350606055925,0.41069163740744385,0.5544164145370052,0.4998255423050936,0.4663076581549987
0,4.0,0.0,LP_minus45,30.0,0.28114441604617857,0.22596540712370966,0.3510112759474096,0.298112044476269,0.2679491924311228
0,4.0,0.0,LP_minus45,40.0,0.1413386710009078,0.0757229993593561,0.19871535374540505,0.12610272383413104,0.08748866352592405
0,4.0,0.0,LP_minus45,50.0,0.1649301249691825,0.10431552540873741,0.210690471073945,0.10693267502210893,0.08748866352592397
0,4.0,0.0,LP_minus45,60.0,0.33114639044732486,0.24018858393398215,0.3764154891569308,0.27131201478048417,0.26794919243112253
0,4.0,0.0,LP_minus45,70.0,0.5234622144295435,0.40736585914273565,0.5971426909199895,0.46721782520999033,0.46630765815499853
0,4.0,0.0,LP_minus45,80.0,0.7468527145356607,0.612839797343057,0.8580654680796096,0.6998583633305044,0.7002075382097097
0,4.0,0.0,LP_minus45,90.0,1.0545507519166484,0.8825320911905481,1.1974647457398975,0.9966853855768287,0.9999999999999999
0,4.0,0.0,LP_minus45,100.0,1.4970147037349677,1.254545118832258,1.6895090816407647,1.4149213275065091,1.4281480067421142
0,4.0,0.0,LP_minus45,110.0,2.204288065677229,1.8400451657250878,2.541341104263627,2.0958538984424573,2.144506920509558
0,4.0,0.0,LP_minus45,120.0,3.664774149258109,2.880003438831161,4.624217684360286,3.506483276660395,3.7320508075688736
0,4.0,0.0,LP_minus45,130.0,7.387845904258667,4.959558910181412,13.524395858454238,8.276178451006325,11.430052302761348
0,4.0,0.0,LP_minus45,140.0,6.330423544155516,4.936765074932092,10.3702303490985,9.875633949551402,11.43005230276137
0,4.0,0.0,LP_minus45,150.0,3.1076896776392733,2.760903394969845,4.362674660097174,3.9193644797774017,3.732050807568876
0,4.0,0.0,LP_minus45,160.0,1.9995783447853321,1.7492749420485638,2.4562241167548575,2.2593009248910465,2.1445069205095595
0,4.0,0.0,LP_minus45,170.0,1.3836110333505234,1.210089864060366,1.6258897567621076,1.5034413715521355,1.4281480067421142
0,4.0,0.0,LP_minus45,180.0,0.9826476170400171,0.8703682629870324,1.1316309384603085,1.0539741945832055,1.0000000000000004
1,7.0,0.35,LP_plus45,0.0,1.237380087453015,0.775703392747537,2.222444273204322,1.3475766480223226,1.0
1,7.0,0.35,LP_plus45,10.0,1.6083173756490612,1.1298650223430293,2.839722833532463,1.8069638813744724,1.4281480067421146
1,7.0,0.35,LP_plus45,20.0,2.0469478578692186,1.580206617838734,2.953426832355933,2.141466194571565,2.144506920509558
1,7.0,0.35,LP_plus45,30.0,2.7605207169424886,1.8164873515709952,4.105430510324928,2.4765289180064296,3.732050807568876
1,7.0,0.35,LP_plus45,40.0,2.9398886460490754,1.9812389373032548,5.920452339334602,2.82617986815913,11.430052302761336
1,7.0,0.35,LP_plus45,50.0,2.8512968013985387,1.9806849612251272,5.1160032752389455,3.25262290458736,11.430052302761348
1,7.0,0.35,LP_plus45,60.0,2.1007765615478524,1.6577208788542226,4.004149170730349,2.9374608778435403,3.7320508075688794
1,7.0,0.35,LP_plus45,70.0,1.7001465075023008,1.0718239251582558,2.5686901258895194,1.8497018099865024,2.144506920509559
1,7.0,0.35,LP_plus45,80.0,1.16203956090183,0.7031941671597949,1.79173242832024,1.152184352289689,1.4281480067421146
1,7.0,0.35,LP_plus45,90.0,0.8761713938442449,0.49273683809997154,1.29344829648398,0.8047233513820654,1.0000000000000002
1,7.0,0.35,LP_plus45,100.0,0.7079098232876112,0.3920865363024063,0.9626241715042555,0.6291275644496764,0.7002075382097099
1,7.0,0.35,LP_plus45,110.0,0.5476156658624185,0.3886710870429658,0.7332409451910897,0.540566142714927,0.4663076581549987
1,7.0,0.35,LP_plus45,120.0,0.434615565213632,0.2934339023009619,0.6638223838421126,0.4938030127407966,0.267949192431123
1,7.0,0.35,LP_plus45,130.0,0.43956694639999433,0.23076934344268857,0.6263421001334352,0.46199016231124557,0.08748866352592397
1,7.0,0.35,LP_plus45,140.0,0.39136635574785306,0.15001117587815824,0.6390577694011225,0.4284075352140416,0.0874886635259238
1,7.0,0.35,LP_plus45,150.0,0.436352977591989,0.1868518608775968,0.68727002723475,0.4061664414882211,0.2679491924311228
1,7.0,0.35,LP_plus45,160.0,0.5333632760583513,0.25354822390507137,0.7994962635100598,0.45568952981080774,0.46630765815499836
1,7.0,0.35,LP_plus45,170.0,0.6684875570531733,0.36204655009111125,1.0914891064153343,0.6221976958199239,0.7002075382097099
1,7.0,0.35,LP_plus45,180.0,0.8873292886568995,0.5330810172555739,1.5121765610041107,0.8713748732428748,0.9999999999999997
1,7.0,0.35,LP_minus45,0.0,1.2337213250951222,0.912949766278093,1.7902232678517198,1.2999454829993147,1.0
1,7.0,0.35,LP_minus45,10.0,0.9360735644730521,0.6211356842730691,1.4402001311402042,0.915274021794544,0.7002075382097098
1,7.0,0.35,LP_minus45,20.0,0.6642971192680941,0.4248811005405431,1.094992709444133,0.5566813527449682,0.4663076581549987
1,7.0,0.35,LP_minus45,30.0,0.5098168070216021,0.3689888036474647,0.8127040040072262,0.3638297629586401,0.2679491924311228
1,7.0,0.35,LP_minus45,40.0,0.5179012285247797,0.39882217310274515,0.6906419258304453,0.42731729053720946,0.08748866352592405
1,7.0,0.35,LP_minus45,50.0,0.5946560571475707,0.4762238506152198,0.7587597345336756,0.5609232584540127,0.08748866352592397
1,7.0,0.35,LP_minus45,60.0,0.7062232297554452,0.5720008705451973,0.8287736002896544,0.6741924162647049,0.26794919243112253
1,7.0,0.35,LP_minus45,70.0,0.8090815313128614,0.6641509483617299,0.9283729080983835,0.7939157801293102,0.46630765815499853
1,7.0,0.35,LP_minus45,80.0,0.9490943604449604,0.7508600548232243,1.1099359198030236,0.9676835375011571,0.7002075382097097
1,7.0,0.35,LP_minus45,90.0,1.1232797088900124,0.8248179942218992,1.555213401716196,1.2647379718301321,0.9999999999999999
1,7.0,0.35,LP_minus45,100.0,1.4025959265536259,1.0390907945789132,2.0205613866762286,1.814523876862279,1.4281480067421142
1,7.0,0.35,LP_minus45,110.0,1.8019378324566535,1.2778117165093201,2.2713403827475642,2.500671675376206,2.144506920509558
1,7.0,0.35,LP_minus45,120.0,1.861159640274602,1.4314772780399396,2.448421519247706,2.3656705462598033,3.7320508075688736
1,7.0,0.35,LP_minus45,130.0,1.6759501688298593,1.3018128541306533,2.2114365242801486,1.8662000696071497,11.430052302761348
1,7.0,0.35,LP_minus45,140.0,1.4647690886789415,1.165627528153388,1.7784836844340874,1.5519331946736623,11.43005230276137
1,7.0,0.35,LP_minus45,150.0,1.2913820749649343,1.101732954409455,1.7564487528685044,1.361797062263893,3.732050807568876
1,7.0,0.35,LP_minus45,160.0,1.1364452722600675,0.9957223776226833,1.4821392766823098,1.205693030653314,2.1445069205095595
1,7.0,0.35,LP_minus45,170.0,0.9846421892641798,0.8489634826153588,1.2615273468876071,1.030675510088256,1.4281480067421142
1,7.0,0.35,LP_minus45,180.0,0.8261678843886532,0.6423998789255582,1.2077897342427102,0.8201455741407102,1.0000000000000004
2,11.0,-0.5,LP_plus45,0.0,1.8141824268930025,1.2047707143164288,2.8580100387029246,1.1814005877280338,1.0
2,11.0,-0.5,LP_plus45,10.0,1.844335067891914,1.1706133751204817,2.6266612978636132,1.4141164543633524,1.4281480067421146
2,11.0,-0.5,LP_plus45,20.0,1.7040696517399592,1.1145029857671775,2.547260507803538,1.622735095568359,2.144506920509558
2,11.0,-0.5,LP_plus45,30.0,1.5987574963269497,1.0457299400382345,2.6319935316808363,1.908121771120654,3.732050807568876
2,11.0,-0.5,LP_plus45,40.0,1.5040240333572454,0.9658504179338255,2.727056848904435,2.5695787576286224,11.430052302761336
2,11.0,-0.5,LP_plus45,50.0,1.4599253062388615,0.850631382908953,2.573359364771315,4.511152229035786,11.430052302761348
2,11.0,-0.5,LP_plus45,60.0,1.2602705743150475,0.6924363894224219,1.8621335322882604,3.786582508416227,3.7320508075688794
2,11.0,-0.5,LP_plus45,70.0,0.9996316894123799,0.5544673297241711,1.4160920457433632,1.7994387020782052,2.144506920509559
2,11.0,-0.5,LP_plus45,80.0,0.8131970211227799,0.4665933107158113,1.1445069236818162,1.1469800165404558,1.4281480067421146
2,11.0,-0.5,LP_plus45,90.0,0.6658265342741281,0.4124027904298205,1.0418908947679775,0.881291059384082,1.0000000000000002
2,11.0,-0.5,LP_plus45,100.0,0.6246525299472697,0.4562609833955698,0.9996060165014873,0.7695870227307868,0.7002075382097099
2,11.0,-0.5,LP_plus45,110.0,0.6370994168968831,0.47259895300809307,1.020864221354936,0.7007795464194763,0.4663076581549987
2,11.0,-0.5,LP_plus45,120.0,0.7427168988130484,0.45974324242041703,1.0842826240908665,0.6390655316996721,0.267949192431123
2,11.0,-0.5,LP_plus45,130.0,0.7385336342062624,0.42128386867990675,1.101745280842041,0.5403072087056164,0.08748866352592397
2,11.0,-0.5,LP_plus45,140.0,0.7346299580424601,0.3374600171017782,1.252145870546733,0.3946148007840709,0.0874886635259238
2,11.0,-0.5,LP_plus45,150.0,0.6961641145057964,0.3947974691045344,1.406877257837599,0.24644703609687277,0.2679491924311228
2,11.0,-0.5,LP_plus45,160.0,0.750617223508062,0.49306282903242205,1.512708863840138,0.27561642152006993,0.46630765815499836
2,11.0,-0.5,LP_plus45,170.0,0.8594104142174388,0.6111911803018544,1.6679901115202698,0.4838797918600308,0.7002075382097099
2,11.0,-0.5,LP_plus45,180.0,1.0260721042962526,0.7123260746921146,1.787548891480948,0.7095589984826448,0.9999999999999997
2,11.0,-0.5,LP_minus45,0.0,1.1192588615527777,0.7682466534007111,2.0070356952489843,1.2217831591812938,1.0
2,11.0,-0.5,LP_minus45,10.0,1.2334365877034592,0.7769242285541316,2.174244650137147,0.8029033017473761,0.7002075382097098
2,11.0,-0.5,LP_minus45,20.0,1.4523650998936941,0.8148453301632582,2.0463784663057156,0.5696437722057933,0.4663076581549987
2,11.0,-0.5,LP_minus45,30.0,1.4053889718887969,0.8771056575413294,2.139815366100234,0.6390505953054377,0.2679491924311228
2,11.0,-0.5,LP_minus45,40.0,1.2775832831000162,0.837361330839847,2.135200218876331,0.7633581837593747,0.08748866352592405
2,11.0,-0.5,LP_minus45,50.0,1.3148830379003213,0.8350678149340348,2.0660333060685843,0.8287443472545999,0.08748866352592397
2,11.0,-0.5,LP_minus45,60.0,1.270124491285292,0.8104181564387914,1.9579931250873968,0.85717426331048,0.26794919243112253
2,11.0,-0.5,LP_minus45,70.0,1.2178613562260279,0.7901159686187773,1.716608195988227,0.9269106613760019,0.46630765815499853
2,11.0,-0.5,LP_minus45,80.0,1.210554188782689,0.7722668439315683,1.6789044519168612,1.073771889981038,0.7002075382097097
2,11.0,-0.5,LP_minus45,90.0,1.1150044608826115,0.6159529888052999,1.6824148626038187,1.4175282068569832,0.9999999999999999
2,11.0,-0.5,LP_minus45,100.0,0.899370006770793,0.5768374460459876,1.5828940943810557,1.8632196624194557,1.4281480067421142
2,11.0,-0.5,LP_minus45,110.0,0.7619283178930779,0.5603318944893676,1.4178599572585802,1.6881835036743122,2.144506920509558
2,11.0,-0.5,LP_minus45,120.0,0.7415457361880803,0.5136939465541399,1.2637911300844618,1.3331103614047186,3.7320508075688736
2,11.0,-0.5,LP_minus45,130.0,0.7611836704650797,0.48467015572025857,1.175641037726455,1.1580501940925283,11.430052302761348
2,11.0,-0.5,LP_minus45,140.0,0.7365893715148533,0.46515269036236107,1.185022359789513,1.1025092151057165,11.43005230276137
2,11.0,-0.5,LP_minus45,150.0,0.7724901724804347,0.4710609614153742,1.2025410561952872,1.1032067209055207,3.732050807568876
2,11.0,-0.5,LP_minus45,160.0,0.7703720558936842,0.4743081056514642,1.1700549834376863,1.059754399280615,2.1445069205095595
2,11.0,-0.5,LP_minus45,170.0,0.7286272926770601,0.5203951708900907,1.1260870772814,0.9384935998316801,1.4281480067421142
2,11.0,-0.5,LP_minus45,180.0,0.7045738269635258,0.5185906975905108,1.2587897470134302,0.7288386867876565,1.0000000000000004
3,15.0,0.0,LP_plus45,0.0,0.7824473891192908,0.5869387576178007,1.02140411934102,1.0920501543343097,1.0
3,15.0,0.0,LP_plus45,10.0,0.8853874230045564,0.6957778975795474,1.1115360498729419,1.3281726924640225,1.4281480067421146
3,15.0,0.0,LP_plus45,20.0,0.9025887204714704,0.764277811167701,1.1568739268445485,1.412803158939389,2.144506920509558
3,15.0,0.0,LP_plus45,30.0,0.9529558871936329,0.7962105602241449,1.2774126222887119,1.5917832718726472,3.732050807568876
3,15.0,0.0,LP_plus45,40.0,1.13763412105366,0.9222264037311435,1.6300051967311837,1.9689725230352295,11.430052302761336
3,15.0,0.0,LP_plus45,50.0,1.595578642319652,1.253466037089696,2.3379431898160066,2.9583309348150353,11.430052302761348
3,15.0,0.0,LP_plus45,60.0,2.7482999289299066,1.8625235181363866,4.009842810596682,4.041516155733401,3.7320508075688794
3,15.0,0.0,LP_plus45,70.0,2.4121606264853344,1.6269762204951856,3.4761195240543046,2.0662312065111563,2.144506920509559
3,15.0,0.0,LP_plus45,80.0,1.5350419169622758,1.1927935278540862,2.054941212911811,1.2399861176305418,1.4281480067421146
3,15.0,0.0,LP_plus45,90.0,1.2313490578531148,1.0086036025070888,1.5864123636397145,0.9288659573457628,1.0000000000000002
3,15.0,0.0,LP_plus45,100.0,1.1665296185782121,0.9522179121106875,1.4371468774003617,0.8111428927077445,0.7002075382097099
3,15.0,0.0,LP_plus45,110.0,1.177171127738505,0.9257859205135989,1.3809863656663746,0.7734220415789911,0.4663076581549987
3,15.0,0.0,LP_plus45,120.0,1.126789426140825,0.8452674329929011,1.3248957184378427,0.739304432354231,0.267949192431123
3,15.0,0.0,LP_plus45,130.0,0.9922067579719701,0.6983033203922282,1.2216341503769363,0.655615880123312,0.08748866352592397
3,15.0,0.0,LP_plus45,140.0,0.7418671316324712,0.5170698592145987,0.9723227315566614,0.5078116764889169,0.0874886635259238
3,15.0,0.0,LP_plus45,150.0,0.5076782689965552,0.3424476788861928,0.647545146377452,0.32664029581501397,0.2679491924311228
3,15.0,0.0,LP_plus45,160.0,0.33352889455988555,0.2225489710343879,0.4628925515220796,0.2568138786384608,0.46630765815499836
3,15.0,0.0,LP_plus45,170.0,0.3717674428864081,0.2641650425279389,0.5153520641335441,0.4294726209079731,0.7002075382097099
3,15.0,0.0,LP_plus45,180.0,0.5066810819087877,0.3842442656215209,0.6461486086760841,0.6568124434870874,0.9999999999999997
3,15.0,0.0,LP_minus45,0.0,0.7895928127836259,0.5868502216121435,1.0319650071033566,1.1046905824419158,1.0
3,15.0,0.0,LP_minus45,10.0,0.6168239730437464,0.4269752851635704,0.8631775969043525,0.7094355165462902,0.7002075382097098
3,15.0,0.0,LP_minus45,20.0,0.5506194872218976,0.34886122348134396,0.780629320094595,0.39611107022950554,0.4663076581549987
3,15.0,0.0,LP_minus45,30.0,0.760578714015108,0.5224705289195712,1.0175654123775637,0.4789962729688204,0.2679491924311228
3,15.0,0.0,LP_minus45,40.0,1.0637043232974273,0.7516783928243278,1.2993730753354689,0.694108457747023,0.08748866352592405
3,15.0,0.0,LP_minus45,50.0,1.2868043159719906,0.977047771829801,1.4689726283716276,0.8511505254588998,0.08748866352592397
3,15.0,0.0,LP_minus45,60.0,1.3714775551831395,1.12319594607555,1.6486731735099558,0.9405538026591189,0.26794919243112253
3,15.0,0.0,LP_minus45,70.0,1.4257458138922834,1.2136949747242896,1.8475609305499772,1.0572548085762647,0.46630765815499853
3,15.0,0.0,LP_minus45,80.0,1.56725019761363,1.2893151896897628,2.0757790577762494,1.2431720299480362,0.7002075382097097
3,15.0,0.0,LP_minus45,90.0,1.9039307518892912,1.4039904949237523,2.6010070473946123,1.6994918567067552,0.9999999999999999
3,15.0,0.0,LP_minus45,100.0,2.0011137263830725,1.421575183740108,3.5499750979411973,2.641788825099211,1.4281480067421142
3,15.0,0.0,LP_minus45,110.0,1.5922412196253897,1.15968572353812,2.478080150554657,2.371738655738539,2.144506920509558
3,15.0,0.0,LP_minus45,120.0,1.1761681308686802,0.8192883474521869,1.6658057714901666,1.5744133501812285,3.7320508075688736
3,15.0,0.0,LP_minus45,130.0,0.9032895652290244,0.6675912898571099,1.253242422754831,1.2229391684536577,11.430052302761348
3,15.0,0.0,LP_minus45,140.0,0.7293195786645141,0.6247359977282056,1.018454675762375,1.0740098788838022,11.43005230276137
3,15.0,0.0,LP_minus45,150.0,0.6692205239657307,0.5739109986571982,0.8776262251428333,1.0059447809679805,3.732050807568876
3,15.0,0.0,LP_minus45,160.0,0.6600387716429387,0.518750902563454,0.808365598033882,0.9486967884332288,2.1445069205095595
3,15.0,0.0,LP_minus45,170.0,0.6175036469343153,0.4714943789263195,0.7403588197876105,0.8431719627938459,1.4281480067421142
3,15.0,0.0,LP_minus45,180.0,0.5094032444471746,0.38569135736365157,0.6483564332476621,0.6619458471731864,1.0000000000000004
