case,drift,snr,arm,seeds,stations_each_seed_min,heading_endpoint_rmse_deg_seed_mean,heading_endpoint_rmse_deg_seed_min,heading_endpoint_rmse_deg_seed_max,position_endpoint_rmse_m_seed_mean,position_endpoint_rmse_m_seed_min,position_endpoint_rmse_m_seed_max,nees_pose_df3_seed_mean,nees_pose_df3_seed_min,nees_pose_df3_seed_max,pose_coverage95_seed_mean,pose_coverage95_seed_min,pose_coverage95_seed_max,heading_coverage95_seed_mean,heading_coverage95_seed_min,heading_coverage95_seed_max,s_reject_rate_seed_mean,s_reject_rate_seed_min,s_reject_rate_seed_max,s_nis_pre_gate_seed_mean,s_nis_pre_gate_seed_min,s_nis_pre_gate_seed_max,s_nis_accepted_seed_mean,s_nis_accepted_seed_min,s_nis_accepted_seed_max
R2_aA_m0,0,10,A,5,2,2.52473027991451,0.23619264348503236,4.97792812218724,0.7526507735855663,0.19590044773698717,1.585632542295207,1.7979446904577556,0.6449773065143116,4.626592211902583,1.0,1.0,1.0,1.0,1.0,1.0,,,,,,,,,
R2_aA_m0,0,10,B,5,2,3.2605230652234907,1.6225463568270522,5.81906400274343,1.0198198894363322,0.2869531750814993,1.840191101338992,14.026352101068463,4.694269078307807,23.260210892564398,0.5,0.0,1.0,0.8,0.5,1.0,,,,,,,,,
R2_aA_m0,0,10,C,5,2,3.036935457762109,1.348824144060835,4.866894742642941,0.8494760267694985,0.2303417665665771,1.4645685546912521,12.558613606723318,5.416106689966653,20.502690788136317,0.4,0.0,0.5,0.9,0.5,1.0,0.0,0.0,0.0,0.8088633607756082,0.29395374296274673,2.1347924129006133,0.8088633607756082,0.29395374296274673,2.1347924129006133
R2_aA_m0,0,10,D,5,2,4.839620462774468,1.1376554033456805,6.563987159524686,1.4695237723866548,0.43636894165681506,1.8851857507488796,24.57882514499861,4.734465855361056,44.14616336360547,0.2,0.0,0.5,0.4,0.0,1.0,0.0,0.0,0.0,1.1226454693333299,0.37086518758759224,1.9166713295110478,1.1226454693333299,0.37086518758759224,1.9166713295110478
R2_aA_m0,0,10,G1,5,2,4.242088164310887,0.6695743774637944,10.034207163641913,1.2660296686650994,0.38285805348838264,2.9181219353586183,7.181656302605896,2.4040665375696566,15.03532782677554,0.6,0.0,1.0,0.7,0.0,1.0,0.0,0.0,0.0,1.4840855712072403,0.5978198217930486,2.8648431821930056,1.4840855712072403,0.5978198217930486,2.8648431821930056
R2_aA_m0,0,10,G2,5,2,4.926021077415849,1.2574902544687392,7.183818470493044,1.4319730988070087,0.26854053313391013,2.063994148949585,16.335610147649113,3.6789448726108627,40.0612054539521,0.4,0.0,1.0,0.6,0.0,1.0,0.0,0.0,0.0,0.9212750124256261,0.3610415559043341,1.7663601127204127,0.9212750124256261,0.3610415559043341,1.7663601127204127
R2_aA_m0,0,30,A,5,2,2.52473027991451,0.23619264348503236,4.97792812218724,0.7526507735855663,0.19590044773698717,1.585632542295207,1.7979446904577556,0.6449773065143116,4.626592211902583,1.0,1.0,1.0,1.0,1.0,1.0,,,,,,,,,
R2_aA_m0,0,30,B,5,2,2.8602132820485213,0.5071718885500293,6.111819414602545,0.8399954917084014,0.14184486804401894,1.840191101338992,11.90035222799895,6.3630797729793915,23.260210892564398,0.5,0.0,1.0,0.8,0.5,1.0,,,,,,,,,
R2_aA_m0,0,30,C,5,2,0.9264768142793687,0.11754352818743878,2.0911105819030413,0.40043725219211657,0.1861332743348314,0.8301400612553376,9.106813379580874,6.6799824993390855,16.2036575042373,0.6,0.0,1.0,0.9,0.5,1.0,0.0,0.0,0.0,0.2711714076358789,0.03951605213156775,0.6002728266652984,0.2711714076358789,0.03951605213156775,0.6002728266652984
R2_aA_m0,0,30,D,5,2,5.266354509577896,3.732643237957636,6.098920413661703,1.5923553994738238,1.1440056443249815,2.000193380697372,30.500347685527355,18.905839722668308,48.198984682525676,0.0,0.0,0.0,0.0,0.0,0.0,0.0,0.0,0.0,1.02822326513487,0.6098324647075907,1.5082988204165773,1.02822326513487,0.6098324647075907,1.5082988204165773
R2_aA_m0,0,30,G1,5,2,4.52644989607213,1.8478557084559526,7.320036462701179,1.3967052052083797,0.7453671904475044,2.285941870804738,5.874666276965405,3.1322639044370133,10.9450254129673,0.7,0.0,1.0,0.8,0.5,1.0,0.0,0.0,0.0,1.2893660100446742,0.1583037781558697,2.186744099342672,1.2893660100446742,0.1583037781558697,2.186744099342672
R2_aA_m0,0,30,G2,5,2,6.4456605751461,5.735538786059222,7.060584204720021,1.9274500728166675,1.680923971224842,2.244996796014637,20.186119001187976,10.731022660112345,32.81223777766088,0.0,0.0,0.0,0.0,0.0,0.0,0.0,0.0,0.0,1.1375564163167902,0.151043822364106,2.2407521730915856,1.1375564163167902,0.151043822364106,2.2407521730915856
R2_aA_m0,1,10,A,5,2,3.2385902826608066,0.2661153590626257,5.669042045877454,0.8832332239295919,0.2067757036668267,1.7171938617847367,1.9628837837331772,1.03829019143314,3.824995061623653,1.0,1.0,1.0,1.0,1.0,1.0,,,,,,,,,
R2_aA_m0,1,10,B,5,2,3.735740945093629,1.0452855594815351,6.10136053595801,1.0423320079188767,0.331405187585269,1.8512515622387717,11.987968353308819,7.311099073890594,19.43728608169424,0.4,0.0,0.5,0.8,0.5,1.0,,,,,,,,,
R2_aA_m0,1,10,C,5,2,3.587969331406825,0.47009664088344033,5.287820869984554,0.9893171411437315,0.16226988504228684,1.6337804149784105,12.975351284990172,7.150401567854454,19.44254577520063,0.3,0.0,0.5,0.7,0.5,1.0,0.0,0.0,0.0,0.5455272514771318,0.13733099997267484,1.217269741152233,0.5455272514771318,0.13733099997267484,1.217269741152233
R2_aA_m0,1,10,D,5,2,5.200877461589325,3.3495888905038345,7.418009734278136,1.5013165595160192,0.9501830476596633,2.214838063778835,24.240746197070766,10.939937923535599,39.44190548402565,0.0,0.0,0.0,0.3,0.0,1.0,0.0,0.0,0.0,1.0178200746443848,0.4461170955693861,1.493385518376024,1.0178200746443848,0.4461170955693861,1.493385518376024
R2_aA_m0,1,10,G1,5,2,4.006454688148322,0.5205392718953625,7.169525503079326,1.2208750230368308,0.4406038120443825,2.164167212182728,5.364949864581456,3.0713523056693046,10.819663893983684,0.7,0.0,1.0,0.9,0.5,1.0,0.0,0.0,0.0,0.8695593174377757,0.11648375178060014,1.365427406657397,0.8695593174377757,0.11648375178060014,1.365427406657397
R2_aA_m0,1,10,G2,5,2,5.621374215325046,2.966720649756113,8.304704067561271,1.6262080510932535,0.7762756277091907,2.3763277830302116,14.734372951174686,6.603876264846495,23.518852695794557,0.4,0.0,1.0,0.4,0.0,1.0,0.0,0.0,0.0,1.0914441981364507,0.2865155084295063,1.8838748934170393,1.0914441981364507,0.2865155084295063,1.8838748934170393
R2_aA_m0,1,30,A,5,2,3.2385902826608066,0.2661153590626257,5.669042045877454,0.8832332239295919,0.2067757036668267,1.7171938617847367,1.9628837837331772,1.03829019143314,3.824995061623653,1.0,1.0,1.0,1.0,1.0,1.0,,,,,,,,,
R2_aA_m0,1,30,B,5,2,4.154380435159946,1.0452855594815351,6.369472855907901,1.1611952673640218,0.331405187585269,1.8512515622387717,13.34311906535736,7.311099073890594,19.43728608169424,0.3,0.0,0.5,0.8,0.5,1.0,,,,,,,,,
R2_aA_m0,1,30,C,5,2,1.0351702576114215,0.2424161961125424,2.3249744993580106,0.3892711144335071,0.12218591778227875,0.7745222224011946,9.412899031342377,6.3837922347109135,15.760367249340995,0.3,0.0,0.5,0.9,0.5,1.0,0.0,0.0,0.0,0.3578731115387418,0.049383462114950955,0.698592054096824,0.3578731115387418,0.049383462114950955,0.698592054096824
R2_aA_m0,1,30,D,5,2,5.0039496039287785,3.4585592549704582,6.009707243531974,1.46951971968775,1.0145202838043128,1.8064006688214536,29.076426016472272,12.923027509850709,39.30060778937787,0.0,0.0,0.0,0.2,0.0,0.5,0.03333333333333333,0.0,0.16666666666666666,1.3608257246415747,0.6051220181440335,2.5865083487639122,1.1589961381497422,0.6051220181440335,2.10926108347209
R2_aA_m0,1,30,G1,5,2,4.668776611135767,1.225384910884262,6.948575901731835,1.4327955925594114,0.7166834050803157,2.083671579246406,6.821291891155887,3.512669641468082,12.690698422956778,0.6,0.0,1.0,0.7,0.5,1.0,0.0,0.0,0.0,1.4952438298240351,0.6673751753052863,2.8133857926036843,1.4952438298240351,0.6673751753052863,2.8133857926036843
R2_aA_m0,1,30,G2,5,2,5.816940579077995,3.7033231417416723,6.958264576761566,1.720227407626569,1.0447656813588238,2.036366843455334,20.217614942195546,8.765596910757642,28.750833347676206,0.1,0.0,0.5,0.2,0.0,0.5,0.05,0.0,0.25,1.6171981167091338,0.4320836903082895,3.3069866321895,1.3329813717430834,0.4320836903082895,3.1593484162074637
R2_aA_m0,2,10,A,5,2,3.420240703978716,2.3080294960254397,4.579297860690998,0.9133082065713968,0.3631166514252669,1.5827844351472735,3.9821057829371838,0.5775058518401444,10.801190755690463,0.8,0.0,1.0,1.0,1.0,1.0,,,,,,,,,
R2_aA_m0,2,10,B,5,2,3.0431395676458255,2.256296214594578,3.916858569236288,0.706868348973517,0.4522088487679889,1.0134926051628788,10.67134353602008,9.587571122734222,12.767522380412089,0.3,0.0,0.5,0.8,0.5,1.0,,,,,,,,,
R2_aA_m0,2,10,C,5,2,1.9786178788599056,1.2054114630383652,2.5592925324157405,0.5647145716143495,0.2927298377916872,0.7083085526842463,10.09133289061747,8.385751604810498,11.577540244005103,0.4,0.0,0.5,1.0,1.0,1.0,0.03333333333333333,0.0,0.16666666666666666,1.2060783152756143,0.22542976430573006,3.3377865048028736,1.0324576137815322,0.22542976430573006,2.4696829973324634
R2_aA_m0,2,10,D,5,2,3.3992723724469114,2.1728237038761544,4.88541456394704,0.8867458365939376,0.41406795803877894,1.235675433880487,14.242581275866527,10.946371814299765,18.06704589313718,0.1,0.0,0.5,0.7,0.5,1.0,0.06666666666666667,0.0,0.3333333333333333,2.0101352092755613,0.7024846142672371,4.413067082710497,1.7813252212346788,0.7024846142672371,3.269017142506085
R2_aA_m0,2,10,G1,5,2,3.646854028132968,2.320138703381388,4.705731977796773,0.9273209903522164,0.5096791752985399,1.1897968316162977,6.1923522581644495,2.1356831004144206,11.54504785346046,0.6,0.0,1.0,0.9,0.5,1.0,0.0,0.0,0.0,2.159837204854715,1.3596250625285466,3.4647242910610716,2.159837204854715,1.3596250625285466,3.4647242910610716
R2_aA_m0,2,10,G2,5,2,3.8759902415646637,2.2753237744237245,5.568869967073971,1.0392845380822913,0.4645779815452276,1.4622397646508145,10.232201034067248,4.985955136287431,13.517819998478132,0.2,0.0,0.5,0.7,0.0,1.0,0.05,0.0,0.25,2.2072877840790315,0.8280949171581329,4.090700931350099,2.0559218367724426,0.8280949171581329,3.3338711948171555
R2_aA_m0,2,30,A,5,2,3.420240703978716,2.3080294960254397,4.579297860690998,0.9133082065713968,0.3631166514252669,1.5827844351472735,3.9821057829371838,0.5775058518401444,10.801190755690463,0.8,0.0,1.0,1.0,1.0,1.0,,,,,,,,,
R2_aA_m0,2,30,B,5,2,2.8018457383866178,1.357780917083493,3.916858569236288,0.647997883869851,0.2396002890145015,1.0134926051628788,11.274206286116273,8.980051911255483,16.998323608982865,0.3,0.0,0.5,1.0,1.0,1.0,,,,,,,,,
R2_aA_m0,2,30,C,5,2,0.7798161312553822,0.38886231509919905,1.2192039639768264,0.21008766758269098,0.15173001852844248,0.339270332587326,10.152931755917644,7.034079219027227,16.431405647266942,0.3,0.0,0.5,1.0,1.0,1.0,0.0,0.0,0.0,0.24333706395633276,0.08590125535668065,0.39075334304075415,0.24333706395633276,0.08590125535668065,0.39075334304075415
R2_aA_m0,2,30,D,5,2,4.354554357064231,2.0071938326541003,5.518566683282923,1.1792873231263006,0.51439737600434,1.4749439412300296,22.27501437344399,15.942236612357041,27.731036803062295,0.0,0.0,0.0,0.2,0.0,0.5,0.1,0.0,0.3333333333333333,2.223069339578346,0.7829637468165243,4.888436936172154,1.4945089233804656,0.7829637468165243,2.9012198538779783
R2_aA_m0,2,30,G1,5,2,3.788275498959547,1.021665168650532,5.017068568300468,1.0133871207064464,0.25534919672751716,1.3117936380132496,7.436350426638344,3.825479086108227,14.741616653233617,0.6,0.0,1.0,1.0,1.0,1.0,0.0,0.0,0.0,1.9433832189994331,1.3104286677933232,2.9608443820642787,1.9433832189994331,1.3104286677933232,2.9608443820642787
R2_aA_m0,2,30,G2,5,2,4.849862501183344,1.8329928231563595,6.3747344248042035,1.31370329309177,0.3815567700195395,1.7371759552415063,15.979432225222308,10.429579021485775,19.463819660963097,0.0,0.0,0.0,0.3,0.0,1.0,0.1,0.0,0.25,2.5392461320163724,0.9192608419772086,5.052704083261707,1.7665027672399318,0.9192608419772086,3.2684579955083306
R2_aA_m45,0,10,A,5,2,2.52473027991451,0.23619264348503236,4.97792812218724,0.7526507735855663,0.19590044773698717,1.585632542295207,1.7979446904577556,0.6449773065143116,4.626592211902583,1.0,1.0,1.0,1.0,1.0,1.0,,,,,,,,,
R2_aA_m45,0,10,B,5,2,3.1195053232075978,0.5407588271539044,6.608622873725853,0.9168424157152755,0.17594296924531608,1.9847129282939702,25.03393016312902,10.090338075629989,48.75575035682148,0.3,0.0,0.5,0.8,0.5,1.0,,,,,,,,,
R2_aA_m45,0,10,C,5,2,2.7516337396656407,0.5873994061214384,6.255834416707307,0.8720176784728736,0.2652849747826489,2.0072967383440314,22.13108655305104,10.336189498897863,48.17785591353419,0.4,0.0,0.5,0.8,0.5,1.0,0.0,0.0,0.0,0.8333476602889016,0.43342495831314465,1.3501354564131463,0.8333476602889016,0.43342495831314465,1.3501354564131463
R2_aA_m45,0,10,D,5,2,2.866029952955762,0.5749083985839284,5.491899449356805,0.8838763583698303,0.21239264034946592,1.731154421992221,20.6406319514386,10.900406213299828,40.251212498101516,0.4,0.0,0.5,0.8,0.5,1.0,0.0,0.0,0.0,0.46034807494189883,0.18829252586311335,0.8571012719938746,0.46034807494189883,0.18829252586311335,0.8571012719938746
R2_aA_m45,0,10,G1,5,2,3.0824189581008925,1.0057346842267805,6.040350868086966,0.8950974384067653,0.21913981987872957,1.857095941376804,7.715070116448013,5.560562630241376,12.795580351961622,0.4,0.0,0.5,0.9,0.5,1.0,0.0,0.0,0.0,0.5684723633486942,0.04071530203906465,1.4208700225066697,0.5684723633486942,0.04071530203906465,1.4208700225066697
R2_aA_m45,0,10,G2,5,2,2.8829034038605768,0.4997857914722552,6.5021636363903275,0.8839164300399014,0.23386345865266686,2.0130495412293525,15.6294281855495,8.661514102583514,31.08357524535075,0.4,0.0,0.5,0.8,0.5,1.0,0.0,0.0,0.0,0.4730048096605065,0.1361476486890413,0.860649606108101,0.4730048096605065,0.1361476486890413,0.860649606108101
R2_aA_m45,0,30,A,5,2,2.52473027991451,0.23619264348503236,4.97792812218724,0.7526507735855663,0.19590044773698717,1.585632542295207,1.7979446904577556,0.6449773065143116,4.626592211902583,1.0,1.0,1.0,1.0,1.0,1.0,,,,,,,,,
R2_aA_m45,0,30,B,5,2,3.004935849790056,0.2971176913802777,6.608622873725853,0.8915716801607522,0.16184460754303212,1.9847129282939702,26.086995769839127,13.229637483449611,48.75575035682148,0.3,0.0,0.5,0.8,0.5,1.0,,,,,,,,,
R2_aA_m45,0,30,C,5,2,1.3866702871454106,0.1371564348501417,3.3377930669471487,0.514840639214966,0.19014133038115905,1.0305117544652835,16.721906719508052,13.277881271861164,24.701193216332662,0.4,0.0,0.5,0.9,0.5,1.0,0.0,0.0,0.0,0.30949150122584607,0.0509258311626487,0.7211461399586749,0.30949150122584607,0.0509258311626487,0.7211461399586749
R2_aA_m45,0,30,D,5,2,2.8548886272254697,1.4833526148226204,4.773445853044072,0.830205238068166,0.4011263811075715,1.4351132856468225,19.997115315676744,13.805201790147951,32.987602433037345,0.4,0.0,0.5,0.8,0.5,1.0,0.0,0.0,0.0,0.32577678757563033,0.24823812790819555,0.46662039915073417,0.32577678757563033,0.24823812790819555,0.46662039915073417
R2_aA_m45,0,30,G1,5,2,2.4982718756965503,0.6276743975293657,5.073342740543839,0.7300737907319772,0.1729698957653809,1.506678379181553,7.4946421343431755,5.617218386960997,11.970614142721354,0.4,0.0,0.5,0.9,0.5,1.0,0.0,0.0,0.0,0.49839003409412247,0.10091453885308224,1.237243939673155,0.49839003409412247,0.10091453885308224,1.237243939673155
R2_aA_m45,0,30,G2,5,2,3.045907836095587,1.2491761046795133,5.453701239719315,0.8903601172447786,0.346387061963748,1.625482765482072,16.390784093991595,11.774953648088683,26.06249786647283,0.4,0.0,0.5,0.8,0.5,1.0,0.0,0.0,0.0,0.3381750642540891,0.21123023364135649,0.6317443228979938,0.3381750642540891,0.21123023364135649,0.6317443228979938
R2_aA_m45,1,10,A,5,2,3.2385902826608066,0.2661153590626257,5.669042045877454,0.8832332239295919,0.2067757036668267,1.7171938617847367,1.9628837837331772,1.03829019143314,3.824995061623653,1.0,1.0,1.0,1.0,1.0,1.0,,,,,,,,,
R2_aA_m45,1,10,B,5,2,5.024168523211491,2.468372344447658,7.541777223057253,1.4112603469116345,0.331405187585269,2.1279501318990737,27.79861347461745,9.708976432211168,46.81475783326366,0.3,0.0,0.5,0.7,0.5,1.0,,,,,,,,,
R2_aA_m45,1,10,C,5,2,4.576016953313527,1.8563732152299908,7.417638671779649,1.3106328174458064,0.1924085902512367,2.089228845231155,27.73902783316795,10.386156279507007,43.54638412549565,0.3,0.0,0.5,0.6,0.0,1.0,0.03333333333333333,0.0,0.16666666666666666,0.9947308106803028,0.4087432390879172,2.4399125286559338,0.729735123526488,0.4087432390879172,1.1149340928868603
R2_aA_m45,1,10,D,5,2,3.2256161329235375,0.8996249833592491,5.326598551589369,0.928990810408461,0.16683112053896004,1.5416496182126156,22.515170377361994,9.583488947008394,40.58764359599972,0.4,0.0,0.5,0.8,0.5,1.0,0.0,0.0,0.0,0.7319619690600186,0.15177160684438465,1.5500398753014146,0.7319619690600186,0.15177160684438465,1.5500398753014146
R2_aA_m45,1,10,G1,5,2,3.864733616310601,2.0706118071578614,5.375208805711448,1.117478397158199,0.3895603471786059,1.672159954239268,8.252617636963807,5.648762950587689,15.140795342918992,0.5,0.5,0.5,0.8,0.5,1.0,0.0,0.0,0.0,0.6219737643036204,0.03359274292821,1.9008399802477651,0.6219737643036204,0.03359274292821,1.9008399802477651
R2_aA_m45,1,10,G2,5,2,3.182042230946271,0.980010481679401,5.3666752224325,0.8947424524789385,0.18339287201037918,1.5292581495231794,15.773455717152888,8.070114453154265,28.969654417195795,0.4,0.0,0.5,0.8,0.5,1.0,0.0,0.0,0.0,0.66792093021106,0.17670616652873844,1.3433676674674748,0.66792093021106,0.17670616652873844,1.3433676674674748
R2_aA_m45,1,30,A,5,2,3.2385902826608066,0.2661153590626257,5.669042045877454,0.8832332239295919,0.2067757036668267,1.7171938617847367,1.9628837837331772,1.03829019143314,3.824995061623653,1.0,1.0,1.0,1.0,1.0,1.0,,,,,,,,,
R2_aA_m45,1,30,B,5,2,4.4808586158125046,1.9188742228822597,6.257359077783154,1.2618452828714761,0.3503583623849198,1.9087015190733676,27.7582452658531,17.086727669460146,40.52610750311352,0.2,0.0,0.5,0.8,0.5,1.0,,,,,,,,,
R2_aA_m45,1,30,C,5,2,1.8966552047347462,0.6578924404713405,4.126525062940917,0.6273235272350143,0.37584872386741136,1.18140691547741,18.282450255129778,14.439797552071564,30.42017107008939,0.3,0.0,0.5,0.9,0.5,1.0,0.0,0.0,0.0,0.532123124825596,0.1320309758240114,0.877647264285645,0.532123124825596,0.1320309758240114,0.877647264285645
R2_aA_m45,1,30,D,5,2,2.9224479825131455,0.7970501341246593,4.858834633858372,0.8606867217511587,0.18360275290999997,1.3873938605814975,21.09512491301073,14.338937377742212,34.549307710436445,0.3,0.0,0.5,0.8,0.5,1.0,0.0,0.0,0.0,0.4661393482191813,0.16280530773452556,0.7364979094877241,0.4661393482191813,0.16280530773452556,0.7364979094877241
R2_aA_m45,1,30,G1,5,2,2.862418486413035,0.6184090721535324,5.158722888961162,0.8670748702981719,0.3365029190156815,1.4808358061794875,8.500715893074624,4.957926418241244,15.366285146076086,0.4,0.0,0.5,0.9,0.5,1.0,0.0,0.0,0.0,0.9147763314706596,0.16428971049558125,2.073160707783864,0.9147763314706596,0.16428971049558125,2.073160707783864
R2_aA_m45,1,30,G2,5,2,3.2577182038946924,0.4646798453397154,5.2326799109046025,0.9803639937319815,0.1778090394266091,1.5012564087215161,17.48963748653134,12.836763553941903,28.84650964908026,0.3,0.0,0.5,0.8,0.5,1.0,0.0,0.0,0.0,0.5678205536431216,0.1902193214297534,1.0411841855921615,0.5678205536431216,0.1902193214297534,1.0411841855921615
R2_aA_m45,2,10,A,5,2,3.420240703978716,2.3080294960254397,4.579297860690998,0.9133082065713968,0.3631166514252669,1.5827844351472735,3.9821057829371838,0.5775058518401444,10.801190755690463,0.8,0.0,1.0,1.0,1.0,1.0,,,,,,,,,
R2_aA_m45,2,10,B,5,2,3.799876954213043,1.615507061556979,5.6537802971272555,0.9717404311380082,0.30447323582621166,1.5392183707760443,22.685001102304717,18.598365052392502,32.12035394615746,0.3,0.0,0.5,0.7,0.5,1.0,,,,,,,,,
R2_aA_m45,2,10,C,5,2,4.037466709285967,1.6730533644368735,6.131485100040052,1.0481771739335257,0.3081945400552153,1.4900794953992151,23.238745908544754,20.663448889537033,27.51115362789047,0.2,0.0,0.5,0.7,0.5,1.0,0.0,0.0,0.0,0.71998922192206,0.24591960058253398,0.9861879159252565,0.71998922192206,0.24591960058253398,0.9861879159252565
R2_aA_m45,2,10,D,5,2,2.6308064848003156,0.6747443559955271,5.457063878779049,0.6828496588412298,0.2988475536757781,1.2989928851690575,20.787448607170845,18.712254128810187,23.341587868753052,0.3,0.0,0.5,0.8,0.5,1.0,0.0,0.0,0.0,0.4182997602006533,0.15328346026047515,0.8337960514585614,0.4182997602006533,0.15328346026047515,0.8337960514585614
R2_aA_m45,2,10,G1,5,2,2.980539838250891,1.8350342892707416,4.831193867114632,0.7341289676503834,0.4373334507606201,1.383217070037502,9.856853864251995,6.157961914658825,21.4792474123741,0.5,0.0,1.0,0.9,0.5,1.0,0.0,0.0,0.0,0.3209507163809842,0.01061065956875185,1.033346344059558,0.3209507163809842,0.01061065956875185,1.033346344059558
R2_aA_m45,2,10,G2,5,2,2.6732852583948246,1.5047348258293172,4.90725711422193,0.6592684493309523,0.33122389069474334,1.122802395567657,14.422620103010965,12.278535875142925,20.74932558164241,0.3,0.0,0.5,0.8,0.5,1.0,0.0,0.0,0.0,0.3002586558804327,0.07155071216132346,0.6163020783393969,0.3002586558804327,0.07155071216132346,0.6163020783393969
R2_aA_m45,2,30,A,5,2,3.420240703978716,2.3080294960254397,4.579297860690998,0.9133082065713968,0.3631166514252669,1.5827844351472735,3.9821057829371838,0.5775058518401444,10.801190755690463,0.8,0.0,1.0,1.0,1.0,1.0,,,,,,,,,
R2_aA_m45,2,30,B,5,2,3.0371743751280356,1.6942018727049255,4.273525742446844,0.7254349045243276,0.34202508684920924,1.1238873928784514,22.293897786914634,18.14111856161562,26.843619885075874,0.3,0.0,0.5,0.8,0.5,1.0,,,,,,,,,
R2_aA_m45,2,30,C,5,2,1.498269858275997,0.5462859093009277,2.6244820066481025,0.4256734290683479,0.22648432812699615,0.7572414878645682,18.796717825613154,15.656173672333452,26.227299866081193,0.3,0.0,0.5,0.9,0.5,1.0,0.0,0.0,0.0,0.20208026815412095,0.14346739550571364,0.254892312199157,0.20208026815412095,0.14346739550571364,0.254892312199157
R2_aA_m45,2,30,D,5,2,1.9279370283848831,0.0840567193073146,3.3647114200768753,0.5107163878628735,0.2252138102799538,0.9455397073755082,19.604625643399046,13.792462430983857,27.148349073023994,0.3,0.0,0.5,0.9,0.5,1.0,0.0,0.0,0.0,0.40594184665709676,0.1392077246905762,0.8454484208822622,0.40594184665709676,0.1392077246905762,0.8454484208822622
R2_aA_m45,2,30,G1,5,2,2.08145657914075,0.7937173636335038,3.8019097742509627,0.512947257931861,0.2215584601139253,1.0917591749635134,10.75859274821174,6.398498990449009,21.53352163200764,0.4,0.0,0.5,0.9,0.5,1.0,0.0,0.0,0.0,0.37433751297544704,0.08153863257810826,1.0226672951032534,0.37433751297544704,0.08153863257810826,1.0226672951032534
R2_aA_m45,2,30,G2,5,2,2.0910291441599016,0.37679939808554175,3.8654376052138115,0.5419720071298322,0.19709268905503155,1.1105702590475892,17.883709037778807,12.52875005031618,27.18788483847186,0.4,0.0,0.5,0.9,0.5,1.0,0.0,0.0,0.0,0.38370171308568,0.06528475302345631,0.8633550615292952,0.38370171308568,0.06528475302345631,0.8633550615292952
R2_aB_m0,0,10,A,5,2,2.7536745810619796,0.6653062044944802,5.031421696450592,0.8170743784915929,0.29151085762047296,1.606653524177169,1.7178014542023425,0.4150265103035097,4.776924727777393,1.0,1.0,1.0,1.0,1.0,1.0,,,,,,,,,
R2_aB_m0,0,10,B,5,2,3.010545437786081,0.6487906600605751,5.583847709731792,0.8464273963356576,0.184313149682013,1.4811592318337414,9.450571101906965,1.107408175575153,22.163183733843322,0.6,0.0,1.0,0.8,0.5,1.0,,,,,,,,,
R2_aB_m0,0,10,C,5,2,2.1757240367375,0.5537477390869456,5.118861137982848,0.6345887047610551,0.2324466900626176,1.3893131451442373,8.954958850387717,1.4771278501404255,22.198169263320505,0.7,0.0,1.0,0.8,0.5,1.0,0.0,0.0,0.0,0.4814054306897833,0.2005657794270455,1.012992364152311,0.4814054306897833,0.2005657794270455,1.012992364152311
R2_aB_m0,0,10,D,5,2,2.191661051776672,0.448141971016918,3.005051254491098,0.6480403115482626,0.1612553336469681,0.8406862677195933,5.754911437905082,1.5342591271073194,14.428074729940626,0.7,0.0,1.0,0.9,0.5,1.0,0.36666666666666664,0.3333333333333333,0.5,7.223176253708881,3.554492152488649,9.404846368667508,1.22996699886021,0.1158158993606912,1.8667963636293963
R2_aB_m0,0,10,G1,5,2,2.6256848460253,1.015300908039992,3.9440269647190016,0.7339679974417261,0.29410070590058274,1.096808454980959,3.3917944811724476,1.0219564590311587,9.907284727062581,0.8,0.0,1.0,0.9,0.5,1.0,0.0,0.0,0.0,0.6303783340908996,0.03899652947640635,1.3067140766358876,0.6303783340908996,0.03899652947640635,1.3067140766358876
R2_aB_m0,0,10,G2,5,2,1.801541407316407,1.0656975433048697,2.9359963192630203,0.5092129897861009,0.2550504356731043,0.8095210125597817,4.320270234440654,1.1361274643247024,12.04958465567886,0.7,0.0,1.0,0.9,0.5,1.0,0.25,0.25,0.25,3.7476214313238545,2.9520322917982926,5.210920232572665,1.1067267809923205,0.0652132981747426,1.8593502342413653
R2_aB_m0,0,30,A,5,2,2.7536745810619796,0.6653062044944802,5.031421696450592,0.8170743784915929,0.29151085762047296,1.606653524177169,1.7178014542023425,0.4150265103035097,4.776924727777393,1.0,1.0,1.0,1.0,1.0,1.0,,,,,,,,,
R2_aB_m0,0,30,B,5,2,2.70142164477833,0.6487906600605751,4.0121940378586665,0.7551390087773471,0.184313149682013,1.1428149544797754,5.443878720336242,1.107408175575153,17.555895058989485,0.7,0.0,1.0,0.9,0.5,1.0,,,,,,,,,
R2_aB_m0,0,30,C,5,2,0.8869692267711322,0.16396386083812192,1.8355362879945898,0.31252887927122935,0.1157980827820262,0.6375343433393392,4.060698622076991,1.089757380929538,14.491565854857788,0.8,0.0,1.0,1.0,1.0,1.0,0.0,0.0,0.0,0.3094748584790088,0.00872432193684255,0.7269442074022922,0.3094748584790088,0.00872432193684255,0.7269442074022922
R2_aB_m0,0,30,D,5,2,2.6832675944120603,1.4513203352633748,3.7525445509918427,0.7797303255699438,0.34022853750077725,1.185382064828895,5.248740027939417,2.142097801527486,13.772958018334272,0.8,0.0,1.0,0.7,0.5,1.0,0.39999999999999997,0.3333333333333333,0.5,8.667071166307958,5.6719808358331,13.002918476299138,1.306667895475961,0.7501854347671641,2.0003877329552706
R2_aB_m0,0,30,G1,5,2,2.4757480749850336,1.0274782662607886,3.931454367724721,0.7074110324845932,0.31068016981654845,1.0965678009288513,3.0422708593871826,1.1014493956502769,9.892907063013325,0.8,0.0,1.0,0.9,0.5,1.0,0.0,0.0,0.0,0.5330442718400773,0.2116162895633645,0.7962238650132901,0.5330442718400773,0.2116162895633645,0.7962238650132901
R2_aB_m0,0,30,G2,5,2,1.705827324899029,0.9275702043431732,2.5950155631058407,0.4929684700222275,0.1755729531032705,0.7386215574836044,3.4989005453548905,1.174016794657255,11.57598241451954,0.8,0.0,1.0,1.0,1.0,1.0,0.25,0.25,0.25,3.7427163544944646,2.564799195397788,4.769988375136207,1.0802496509094932,0.3788339120045694,2.0003877329552706
R2_aB_m0,1,10,A,5,2,2.8710139900307867,1.9552836652635774,3.914265721792125,0.7664517617205959,0.32590033254610457,1.418807196172628,2.379834861536703,0.37894680270823483,4.741752627025653,0.9,0.5,1.0,1.0,1.0,1.0,,,,,,,,,
R2_aB_m0,1,10,B,5,2,3.279573066828656,2.1098708185404496,5.008566887092502,0.8465178712025129,0.25195636082079365,1.3320689366840046,6.415950673913173,4.69651483047366,7.46291780445469,0.6,0.5,1.0,0.9,0.5,1.0,,,,,,,,,
R2_aB_m0,1,10,C,5,2,1.1932551519313743,0.5410195108858213,2.149851755867944,0.41394312038132625,0.1584113135030392,0.5734090451521244,5.041336430912246,3.119490580870739,7.156607642401314,0.7,0.5,1.0,1.0,1.0,1.0,0.0,0.0,0.0,0.47375014404561344,0.0449404429312953,0.9425336658098884,0.47375014404561344,0.0449404429312953,0.9425336658098884
R2_aB_m0,1,10,D,5,2,2.5551842119356833,0.0205225199779577,7.162103216992188,0.8240034048611771,0.3441305626885119,1.9981956791342659,11.20993119052186,2.8075340768234893,36.54964211150885,0.7,0.5,1.0,0.9,0.5,1.0,0.36666666666666664,0.16666666666666666,0.5,8.766467576390957,4.386101247170914,10.760528523534557,1.6788178785227341,0.9101744909474306,2.484564128059072
R2_aB_m0,1,10,G1,5,2,2.5630690100598144,0.4254276476524012,4.104287071404407,0.8103541113548978,0.5385511515295791,1.0872290669469082,3.1191862488141764,1.4820093970766663,5.260911111307882,1.0,1.0,1.0,1.0,1.0,1.0,0.0,0.0,0.0,0.9977466190296681,0.0046629096648525496,1.6362771012413357,0.9977466190296681,0.0046629096648525496,1.6362771012413357
R2_aB_m0,1,10,G2,5,2,2.9270311794767467,1.0950019333588474,7.748572228544767,0.9126061339808242,0.499054288830522,2.1157628568096976,5.680965659678972,2.4111565994559903,10.174920396650068,0.8,0.5,1.0,0.9,0.5,1.0,0.2,0.0,0.25,3.0467410487819864,0.772095670210614,4.155928914712667,1.5414270366112535,0.48787635035227794,2.484564128059072
R2_aB_m0,1,30,A,5,2,2.8710139900307867,1.9552836652635774,3.914265721792125,0.7664517617205959,0.32590033254610457,1.418807196172628,2.379834861536703,0.37894680270823483,4.741752627025653,0.9,0.5,1.0,1.0,1.0,1.0,,,,,,,,,
R2_aB_m0,1,30,B,5,2,2.9062871084090425,2.0713954052893078,5.008566887092502,0.7396362327842989,0.24981166612547026,1.3320689366840046,4.869861262387148,2.81703360546065,6.796847454731348,0.8,0.5,1.0,0.9,0.5,1.0,,,,,,,,,
R2_aB_m0,1,30,C,5,2,0.7992838407719101,0.27768717574067936,1.0647940588671085,0.33361707767290794,0.24851369471063475,0.47537398828812377,3.220397108266321,1.914138565837841,5.40738800334302,1.0,1.0,1.0,1.0,1.0,1.0,0.0,0.0,0.0,0.43109538240591017,0.11653055386169274,1.0547926564650276,0.43109538240591017,0.11653055386169274,1.0547926564650276
R2_aB_m0,1,30,D,5,2,2.7696956436126348,0.7953338311179405,6.86496123061445,0.8293072081941524,0.29298603230101133,1.911695731974992,8.212574387238401,1.9087780877566645,25.50977294908985,0.8,0.0,1.0,0.7,0.0,1.0,0.4,0.16666666666666666,0.5,9.37509013257235,4.062261930035087,12.23744586919158,1.6882191593402616,0.8585518739617881,2.547730861933262
R2_aB_m0,1,30,G1,5,2,2.5160367078417325,0.37823418579492046,3.9576163239923967,0.7639445663825976,0.4501291274923925,1.045140703808412,3.081482655741025,1.416347223830783,5.267777688884563,1.0,1.0,1.0,1.0,1.0,1.0,0.0,0.0,0.0,0.7970983740055195,0.12294637891280245,1.4305025621118885,0.7970983740055195,0.12294637891280245,1.4305025621118885
R2_aB_m0,1,30,G2,5,2,2.4407261691895306,0.642844770549459,7.707401721319479,0.7297071597582628,0.2384835180751183,2.0905663029943113,4.833155236819361,1.8509744108306632,10.929932800202094,0.9,0.5,1.0,0.9,0.5,1.0,0.2,0.0,0.25,4.119167447417749,1.5719001047776955,5.917815437804197,1.5632252118088321,0.8585518739617881,2.547730861933262
R2_aB_m0,2,10,A,5,2,3.287948903712221,1.5810576938759968,4.604870788674616,0.9080805889200907,0.4013978031207917,1.5141761938953726,4.656091669594297,0.33498969931505773,15.19860702125877,0.8,0.0,1.0,1.0,1.0,1.0,,,,,,,,,
R2_aB_m0,2,10,B,5,2,2.1197682258674355,1.023642941489694,3.2402025698378343,0.4466629577452979,0.29538884999690185,0.7542363542933028,7.173112796262837,1.482937825370121,17.657549571563994,0.7,0.0,1.0,0.9,0.5,1.0,,,,,,,,,
R2_aB_m0,2,10,C,5,2,1.2398818114961965,0.12981621376100858,2.4193453004216576,0.3740996233748949,0.23098068882110814,0.7422780719413276,6.949723146535116,1.8873285426308417,17.77532730523037,0.8,0.5,1.0,0.9,0.5,1.0,0.03333333333333333,0.0,0.16666666666666666,0.8700957436861753,0.38534519907079723,1.5767536826397102,0.5985501418392145,0.2190256734049068,1.0012478044955881
R2_aB_m0,2,10,D,5,2,2.3150435781602132,0.5849134758055674,5.1289560309456075,0.47625018656396756,0.09948407568792142,1.0996152202045808,10.94800768730147,1.6413909550758148,22.53745097992793,0.7,0.5,1.0,0.8,0.5,1.0,0.3,0.16666666666666666,0.5,6.742793179445857,3.383893917893025,14.087856445873946,1.4649716919433433,0.09195923385921245,2.227375466447008
R2_aB_m0,2,10,G1,5,2,2.176575833259922,0.8475360843333221,3.6681759337832207,0.4870524244854696,0.2969026822076466,0.9174233198602667,5.462680715203445,0.73709094399164,16.84956934590809,0.8,0.0,1.0,0.9,0.5,1.0,0.0,0.0,0.0,0.618573594765134,0.01553395744137,1.6181267810766045,0.618573594765134,0.01553395744137,1.6181267810766045
R2_aB_m0,2,10,G2,5,2,2.7368026895611783,0.3770699112342077,7.429711536832037,0.6574272422511166,0.13002577902772844,1.8432419633146682,8.617086594842561,1.5153190395337197,20.695244333249754,0.7,0.5,1.0,0.8,0.5,1.0,0.15,0.0,0.25,3.308277567037899,1.6657870974903106,6.135994298780622,1.4374514892057502,0.1131165722572627,2.1823613807265656
R2_aB_m0,2,30,A,5,2,3.287948903712221,1.5810576938759968,4.604870788674616,0.9080805889200907,0.4013978031207917,1.5141761938953726,4.656091669594297,0.33498969931505773,15.19860702125877,0.8,0.0,1.0,1.0,1.0,1.0,,,,,,,,,
R2_aB_m0,2,30,B,5,2,2.192336263177098,0.9758479291368279,3.8200219907903623,0.4635754972533414,0.24210031416757136,0.9156867597035316,5.447297778484873,0.9839002527122364,13.87294013528145,0.8,0.5,1.0,0.9,0.5,1.0,,,,,,,,,
R2_aB_m0,2,30,C,5,2,0.9275254377754981,0.4752496788694448,1.7614712568703907,0.1809316584502262,0.0921713030876848,0.393358314977295,4.786821533693932,0.8893871307670135,13.405682027280426,0.9,0.5,1.0,0.9,0.5,1.0,0.0,0.0,0.0,0.26051075680704716,0.0390092786874896,0.801804824382724,0.26051075680704716,0.0390092786874896,0.801804824382724
R2_aB_m0,2,30,D,5,2,3.5520208493628638,1.184930625495879,6.108456925990578,0.8479077470853527,0.2205321858217875,1.7643750407915937,16.13879429224078,2.2408896710708057,32.511197274243656,0.5,0.0,1.0,0.5,0.0,1.0,0.3,0.16666666666666666,0.5,8.767465686812205,4.540130836635839,14.536990486155737,1.48530409553181,1.0028071455691996,1.9187369005142918
R2_aB_m0,2,30,G1,5,2,2.344966351154968,1.00076611759443,3.4098048646943275,0.5431441679148395,0.33430919889780464,0.8206598002056564,5.469007523976752,0.7319203701395727,16.794784696632313,0.8,0.0,1.0,0.9,0.5,1.0,0.0,0.0,0.0,0.4642508290179609,0.11016817388185345,1.0892191659956434,0.4642508290179609,0.11016817388185345,1.0892191659956434
R2_aB_m0,2,30,G2,5,2,3.8382035383392705,0.21501599632392362,7.967541641355504,1.0271031806008974,0.0888182269067181,2.4120031395212687,9.050080742376,0.6779479810573114,16.750269184532467,0.7,0.5,1.0,0.7,0.5,1.0,0.15,0.0,0.25,3.4348077623122046,1.2927005693960125,6.29531962824124,1.2121174555814171,0.5885454966656304,1.754659971443508
R4_aA_m0,0,10,A,5,10,3.4337857088428327,1.4342494766088998,7.2764267166881185,0.5857680489271917,0.20606525380256444,1.3010650114345534,1.9629534605045411,1.077002893246764,3.42530040152394,0.9800000000000001,0.9,1.0,1.0,1.0,1.0,,,,,,,,,
R4_aA_m0,0,10,B,5,10,4.609390788389385,1.7976444575812345,8.253671824891901,0.8699086772960509,0.352586757195771,1.4748874607522746,11.632656986859129,5.214348984819484,25.848764057797887,0.5599999999999999,0.1,0.8,0.76,0.4,1.0,,,,,,,,,
R4_aA_m0,0,10,C,5,10,3.0666903293446657,1.2107561673940053,5.898063485533347,0.6690255151435538,0.2589940593830191,1.233559032689994,9.996948800723326,5.460413367967702,22.207891802528245,0.6199999999999999,0.4,0.7,0.8600000000000001,0.6,1.0,0.0,0.0,0.0,0.5519723763061574,0.14061026674536592,0.9690425079207449,0.5519723763061574,0.14061026674536592,0.9690425079207449
R4_aA_m0,0,10,D,5,10,3.808493936951971,2.920053026943972,4.941814417880484,0.7720736699115439,0.5998131065141973,0.9894206556557813,11.463176927610164,6.874471807868254,19.89199571948646,0.5599999999999999,0.4,0.6,0.76,0.6,0.9,0.10666666666666666,0.0,0.2333333333333333,2.5205519792375854,0.7154884547377393,4.28342635179157,1.1381472500200533,0.4636847321003573,1.7914675937936155
R4_aA_m0,0,10,G1,5,10,5.111681166540962,3.9778190284506274,7.334191707726397,0.9788278249012297,0.8670701349937647,1.3982141441281997,4.945782080979539,3.2909126860231117,8.29640545204226,0.8,0.6,0.9,0.78,0.5,1.0,0.22000000000000003,0.0,0.4,4.362768019736185,1.4083870866106147,6.902997759735525,1.1553545200316706,0.6073996044911042,1.6326227638492068
R4_aA_m0,0,10,G2,5,10,4.245745369269466,2.87886495744183,5.83677611404902,0.8482984731388041,0.5846666491213168,1.1604982425616317,8.578877955180188,4.9304428362435235,15.156725732084269,0.64,0.5,0.8,0.8,0.6,0.9,0.15,0.0,0.3,3.2672805168989627,0.8623346516935173,5.825333832313246,1.2844812447843743,0.5177272592656534,2.2097864320814615
R4_aA_m0,0,30,A,5,10,3.4337857088428327,1.4342494766088998,7.2764267166881185,0.5857680489271917,0.20606525380256444,1.3010650114345534,1.9629534605045411,1.077002893246764,3.42530040152394,0.9800000000000001,0.9,1.0,1.0,1.0,1.0,,,,,,,,,
R4_aA_m0,0,30,B,5,10,4.581900318090359,1.433365278836312,8.515523484580271,0.8717643226931399,0.26087241328312166,1.5789654204153427,11.888330288851549,5.77179380170191,25.891400959042066,0.5799999999999998,0.2,0.7,0.78,0.4,1.0,,,,,,,,,
R4_aA_m0,0,30,C,5,10,1.6562190167366864,0.3078403302115173,3.4016815216007283,0.38118500000878275,0.16343174651313364,0.7011709222551661,7.224513308190668,5.6817864898428025,11.859035202105968,0.6799999999999999,0.6,0.7,0.9400000000000001,0.8,1.0,0.0,0.0,0.0,0.41120414544412565,0.08850060891122516,1.0562083806699913,0.41120414544412565,0.08850060891122516,1.0562083806699913
R4_aA_m0,0,30,D,5,10,4.537024219411048,3.3838212013874025,5.850898438353945,0.9264483759156716,0.728339488082018,1.2388945074700946,15.44998363052682,9.466120679525108,22.0009419143686,0.52,0.4,0.7,0.62,0.5,0.8,0.16666666666666669,0.03333333333333333,0.3,3.1773117230972114,1.3040556648328054,6.066933608583049,1.3411776325511386,0.6771847724406934,1.8514853968938447
R4_aA_m0,0,30,G1,5,10,5.2501101770067535,3.77413166456911,7.26065140843933,0.9937718899147235,0.7173033894247587,1.4278054749258895,6.225971888078511,3.213656843373136,9.670324939048935,0.74,0.6,0.9,0.74,0.4,1.0,0.2800000000000001,0.1,0.4,5.5908016767587885,2.220279993423097,9.681267794401618,1.3021087613798787,0.5153922977036963,2.089931251515495
R4_aA_m0,0,30,G2,5,10,5.333136146665518,4.3243236621398715,6.118109317051501,1.1181724983454846,0.9246079079899304,1.275941491546737,11.776539958025186,6.908568186079992,18.518773869812268,0.6,0.4,0.8,0.6199999999999999,0.5,0.8,0.23000000000000004,0.05,0.4,4.203253675645405,1.709236243054096,7.851891360794916,1.3025381273098962,0.3393773538950498,1.7380142763808792
R4_aA_m0,1,10,A,5,10,3.191585199854519,1.040682557992091,6.651328481403655,0.5668972038614846,0.18626960030506653,1.2350101266429936,1.6737255850792176,0.8714157200222674,2.7165741531290735,1.0,1.0,1.0,1.0,1.0,1.0,,,,,,,,,
R4_aA_m0,1,10,B,5,10,3.9294481560910923,1.2815888273246392,7.4351004515730645,0.7107611364018923,0.20185354716261766,1.3835176523013162,9.302814957622934,4.33110357055651,18.43030128175253,0.68,0.5,0.8,0.82,0.5,1.0,,,,,,,,,
R4_aA_m0,1,10,C,5,10,2.746642225899793,1.1797144019293664,4.909357993328032,0.6222534176921537,0.37122172116558255,1.0264126251265047,7.862834030992967,4.638191892177458,13.639986216920628,0.7,0.6,0.8,0.8399999999999999,0.6,1.0,0.0,0.0,0.0,0.48524379420452346,0.27816161297537656,0.6656504499762104,0.48524379420452346,0.27816161297537656,0.6656504499762104
R4_aA_m0,1,10,D,5,10,4.044336406808296,3.216380077122928,5.693502768125964,0.8522052059436775,0.6847456094713631,1.355977825091404,11.519369530581436,7.839442386616315,16.79879534831111,0.58,0.5,0.7,0.7200000000000001,0.5,0.8,0.07999999999999999,0.0,0.16666666666666666,2.0855259040263894,1.032668202549602,3.9622776391484003,1.2100516664917138,0.8764131662296227,1.644237061383306
R4_aA_m0,1,10,G1,5,10,4.391100828603966,3.779507049681742,5.050804173242415,0.8775525205651938,0.7924920138993728,0.9562008617382638,4.175100681367687,2.6961954216932673,5.636893788949196,0.86,0.7,1.0,0.8800000000000001,0.8,1.0,0.14,0.0,0.2,3.2887094932583154,1.8578260485722633,4.683513901576926,1.8366244167325327,1.433541161022832,2.7039803811251306
R4_aA_m0,1,10,G2,5,10,4.297968226613284,3.845274141435185,4.865817191347361,0.887837646873006,0.785471122959902,1.0784735063542172,7.724602693441378,5.729312721330012,9.372163707150673,0.6599999999999999,0.6,0.7,0.7,0.5,0.8,0.11000000000000001,0.0,0.2,2.423550934255051,1.1689706971259284,3.8371982040440527,1.487908956745191,0.9216554481844884,2.304661958625349
R4_aA_m0,1,30,A,5,10,3.191585199854519,1.040682557992091,6.651328481403655,0.5668972038614846,0.18626960030506653,1.2350101266429936,1.6737255850792176,0.8714157200222674,2.7165741531290735,1.0,1.0,1.0,1.0,1.0,1.0,,,,,,,,,
R4_aA_m0,1,30,B,5,10,4.053930435389158,1.2986691381920568,7.444909643172784,0.751818886425067,0.20568624206685793,1.3668320065387907,10.307356253114628,5.411400005807072,19.037196703578907,0.6399999999999999,0.4,0.7,0.7999999999999999,0.4,1.0,,,,,,,,,
R4_aA_m0,1,30,C,5,10,1.6136570011763751,0.4051282649498181,3.2202591875092916,0.3800478965329468,0.1632487855054277,0.6329380539503136,6.837731490417559,5.111104324729979,9.70900136510988,0.7,0.7,0.7,0.9399999999999998,0.8,1.0,0.006666666666666666,0.0,0.03333333333333333,0.4172903075216965,0.07569031924767403,0.9224507534098001,0.3836831651875436,0.07569031924767403,0.7544150417390354
R4_aA_m0,1,30,D,5,10,4.136887666360084,3.5261756756059595,4.953363026906121,0.9034483757073278,0.7830758387015703,1.0921806429436043,13.176679219870238,9.168441602896385,15.764928815814452,0.48,0.3,0.7,0.62,0.5,0.7,0.1733333333333333,0.06666666666666667,0.29999999999999993,2.9876740965480275,1.33778250642595,4.779919413320328,1.3697600174356386,0.7156917358299218,2.112625572807866
R4_aA_m0,1,30,G1,5,10,4.519635598493242,3.2047299397641122,6.603147526079902,0.8769164935307341,0.6178222314426511,1.2807397707340693,4.706325519775868,3.2871600126940286,6.206124462229385,0.8,0.6,1.0,0.82,0.7,1.0,0.31999999999999995,0.2,0.5,5.345364200308461,2.423050922039103,8.3616660287753,1.0604762285064988,0.6217009102422655,1.291648214088667
R4_aA_m0,1,30,G2,5,10,4.615523478759075,3.828737012310185,5.7091327618238745,1.0002332321148697,0.8116194736466072,1.1542144890023154,9.620370836872292,6.009200974184069,12.251099921199096,0.58,0.5,0.7,0.6399999999999999,0.5,0.7,0.25999999999999995,0.1,0.45,3.9803164734228056,1.8337985652613553,6.224083471230766,1.1741417255916644,0.9901768181216664,1.3658538527768205
R4_aA_m0,2,10,A,5,10,2.944769312048379,0.9061060251849767,6.145730836278473,0.5148854117954123,0.13559828326702839,1.1550335836654566,1.6427164870507263,0.9703379283593068,2.749894861559091,1.0,1.0,1.0,1.0,1.0,1.0,,,,,,,,,
R4_aA_m0,2,10,B,5,10,3.3350814024776243,1.4824949724602394,5.766392402276036,0.5683355783117973,0.2669686237120314,0.9624021583872019,7.389601227348391,4.890745067761224,12.494481949170186,0.64,0.4,0.8,0.9,0.7,1.0,,,,,,,,,
R4_aA_m0,2,10,C,5,10,1.9824801899662385,1.4288409367373425,2.973874444786379,0.45410801027600306,0.358069048103734,0.6271320768370194,6.467386886347232,5.099236523702407,9.578700090888889,0.7400000000000001,0.6,0.8,0.9800000000000001,0.9,1.0,0.006666666666666666,0.0,0.03333333333333333,0.5759207612578019,0.3820528194860562,1.1824151260865843,0.5189782412292245,0.3820528194860562,0.8977025259436975
R4_aA_m0,2,10,D,5,10,3.0590388417820145,2.2894800765189647,3.860291134729061,0.5975283739309691,0.37811468552077365,0.7911151189549389,8.55586100428784,5.576555025949857,12.647227301524499,0.58,0.4,0.8,0.78,0.6,1.0,0.07333333333333333,0.0,0.13333333333333333,1.7464997929290527,0.7989243174606562,2.934537459940234,1.0193112121645427,0.565769020528156,1.6400710758633068
R4_aA_m0,2,10,G1,5,10,3.6564822786717905,2.409639523442065,4.501880036455286,0.6776117733570913,0.4257476274729386,0.864248666812311,3.6760875060098974,2.0155302276510683,6.142312929839022,0.9,0.7,1.0,0.9,0.7,1.0,0.12000000000000002,0.0,0.2,2.752324052950191,1.276576087037966,4.556961181135089,1.375411178904767,0.8763848500453882,1.6644146262830908
R4_aA_m0,2,10,G2,5,10,3.3556666692040977,2.3273723930376526,4.207094410995231,0.6457831186385775,0.41138678639457593,0.875379179425212,6.359381486836087,4.386628710506143,10.215232587254576,0.72,0.4,0.8,0.8,0.6,1.0,0.1,0.0,0.15,2.3063022525167907,1.0125030306033467,4.048717806654113,1.3516884163784386,0.8526694215860162,2.3554088173715817
R4_aA_m0,2,30,A,5,10,2.944769312048379,0.9061060251849767,6.145730836278473,0.5148854117954123,0.13559828326702839,1.1550335836654566,1.6427164870507263,0.9703379283593068,2.749894861559091,1.0,1.0,1.0,1.0,1.0,1.0,,,,,,,,,
R4_aA_m0,2,30,B,5,10,3.3802607454779574,1.7360200407343567,5.9215875834683365,0.5842224819085297,0.24076261380964237,1.032578757173788,8.11111572224649,5.628220912059925,13.989843614326622,0.6,0.4,0.7,0.8800000000000001,0.6,1.0,,,,,,,,,
R4_aA_m0,2,30,C,5,10,1.1688894536462018,0.4836738815442986,2.5562219262560126,0.29946153974941137,0.13111991969340117,0.5401069108364488,6.392000355119551,4.528439846816533,8.691711864848859,0.6799999999999999,0.6,0.7,0.9800000000000001,0.9,1.0,0.0,0.0,0.0,0.2704623792334211,0.10318091077518994,0.7021022288316434,0.2704623792334211,0.10318091077518994,0.7021022288316434
R4_aA_m0,2,30,D,5,10,3.477784237865299,2.4188989590830094,4.071204812576561,0.7711511397444653,0.49123441550183067,1.0464347288529088,11.87092224922428,7.209202602139966,15.78934639414447,0.5,0.4,0.6,0.6799999999999999,0.6,0.8,0.16666666666666666,0.1,0.26666666666666666,2.9758778305359406,1.6872435759914137,4.430544688227803,1.2819870291058042,0.7330772438298144,2.032084527566112
R4_aA_m0,2,30,G1,5,10,3.885462834151901,3.0729511389556534,5.308883164718149,0.7175532297187829,0.5588320316751616,0.9989565059428761,4.6837266283591745,2.8060371692390316,6.9404745990476595,0.82,0.6,1.0,0.8200000000000001,0.6,1.0,0.3,0.2,0.5,4.828208955517264,2.937593897915368,7.978270034371361,1.0870403137195677,0.6472091125383976,1.4653093688661316
R4_aA_m0,2,30,G2,5,10,3.7215519190088857,2.3317192605247143,4.493391877713683,0.7863369911130605,0.4796996732089057,1.0098517383075416,8.116221149506393,4.8713540672283395,9.75976653092582,0.6,0.5,0.7,0.72,0.6,0.9,0.24,0.15,0.4,3.699187791207599,2.3277475428888406,5.900875153185188,1.2880463973455198,0.5683082503033352,1.7636935933079962
R4_aB_m0,0,10,A,5,10,2.9949449541197013,0.8357020630852002,5.92639007749643,0.5238513988762123,0.1849627039010937,1.1148967449399299,1.4819172503816116,0.8103994037104663,2.170107325361042,1.0,1.0,1.0,1.0,1.0,1.0,,,,,,,,,
R4_aB_m0,0,10,B,5,10,3.3998333961428138,1.7857635739503002,5.174252766827867,0.6929740606890344,0.2986030852613678,1.0943401071626404,13.019440755708368,5.788629127900697,25.216253515140057,0.5799999999999998,0.4,0.7,0.78,0.6,1.0,,,,,,,,,
R4_aB_m0,0,10,C,5,10,2.5628596693418206,1.6255465592608132,3.7979880325256294,0.5677238337189056,0.2989006429492841,0.8656748073919566,9360.071257029605,6.436428210321917,45320.48659907234,0.6,0.4,0.7,0.8,0.7,1.0,0.0,0.0,0.0,0.3196504903801844,0.09125182298414922,0.5052275634860535,0.3196504903801844,0.09125182298414922,0.5052275634860535
R4_aB_m0,0,10,D,5,10,3.3573844502946306,2.083492228027444,4.37246629398435,0.7057345638134207,0.4736632699459853,0.9608607755674811,9294.157000320836,10.008083534119411,44919.13054964897,0.6199999999999999,0.5,0.7,0.68,0.6,0.8,0.04666666666666667,0.0,0.06666666666666667,0.8833876336250217,0.6062750333407172,1.0986748772429256,0.616324582742554,0.481431266135226,0.7383163482915387
R4_aB_m0,0,10,G1,5,10,3.589791936242053,2.66614318964836,5.057115457249476,0.7826044261825288,0.6410733260295033,1.0753011505187715,4205.479886669158,3.1476425206689886,20292.13585019536,0.78,0.6,0.9,0.78,0.7,0.9,0.0,0.0,0.0,0.5986204216534754,0.1807813232930468,0.8912544987905612,0.5986204216534754,0.1807813232930468,0.8912544987905612
R4_aB_m0,0,10,G2,5,10,3.370857598455332,2.012889850712709,4.63500826828416,0.7196932785109319,0.48109219539969933,1.0035591353547808,7847.493779230399,7.220711489411808,37991.90581617005,0.6599999999999999,0.6,0.8,0.7,0.6,0.9,0.030000000000000006,0.0,0.05,0.7421720055178546,0.42867364687004283,0.9645300351726996,0.6175862151487894,0.42867364687004283,0.7395365102585768
R4_aB_m0,0,30,A,5,10,2.9949449541197013,0.8357020630852002,5.92639007749643,0.5238513988762123,0.1849627039010937,1.1148967449399299,1.4819172503816116,0.8103994037104663,2.170107325361042,1.0,1.0,1.0,1.0,1.0,1.0,,,,,,,,,
R4_aB_m0,0,30,B,5,10,3.4249836197579056,1.7857635739503002,5.174252766827867,0.7018471847550185,0.2986030852613678,1.0943401071626404,13.255124814345214,5.788629127900697,25.216253515140057,0.5799999999999998,0.4,0.7,0.76,0.6,1.0,,,,,,,,,
R4_aB_m0,0,30,C,5,10,2.191587225039725,1.0686345860593047,3.539689362296461,0.46228042240291456,0.19115474099769433,0.80671688400448,8764.130429760844,5.406199368207118,42353.284874690245,0.6199999999999999,0.5,0.7,0.8400000000000001,0.7,1.0,0.0,0.0,0.0,0.29167357145067524,0.039239999751007046,0.5282725481951591,0.29167357145067524,0.039239999751007046,0.5282725481951591
R4_aB_m0,0,30,D,5,10,3.412963339278604,2.0331963137914975,4.503514186941993,0.7059440331236938,0.48160937030866874,0.9574798594250379,9174.719762058301,10.286131005508132,44332.232412834,0.6199999999999999,0.5,0.7,0.7,0.6,0.8,0.04666666666666667,0.03333333333333333,0.06666666666666667,0.94060915293441,0.6314805328770248,1.2186254397909022,0.6983923859978142,0.4990565161394083,0.8867499942877011
R4_aB_m0,0,30,G1,5,10,3.501583686922655,2.3709141882519993,4.828854939241113,0.7536429100733015,0.6080614565844172,1.0073635265189176,4214.274201836202,3.283342830399426,20335.00190659203,0.78,0.6,0.9,0.78,0.7,0.9,0.0,0.0,0.0,0.6789257882909436,0.3126301619478761,0.9845758794610923,0.6789257882909436,0.3126301619478761,0.9845758794610923
R4_aB_m0,0,30,G2,5,10,3.4510878699794114,1.9928333391105488,4.7275572591630795,0.721225317135362,0.5022625197933795,0.977300532908835,7855.626835370973,7.47250508412777,38033.70327753042,0.6599999999999999,0.6,0.8,0.68,0.6,0.8,0.02,0.0,0.05,0.8370356651032929,0.5099308886947235,1.07962990768003,0.7423852112527995,0.5099308886947235,0.9319361984202905
R4_aB_m0,1,10,A,5,10,2.871839394004487,1.1478418195800946,5.900525852763286,0.5037813860084055,0.1825432670253946,1.0699744051756266,1.570007299399034,1.0511045983219218,2.78915027492694,1.0,1.0,1.0,1.0,1.0,1.0,,,,,,,,,
R4_aB_m0,1,10,B,5,10,3.3040209993199356,1.535167170460563,4.949667469719049,0.682711281539672,0.28626237489186973,0.9931454024659667,13.114839590613832,5.973720069159363,24.17174972193192,0.5799999999999998,0.3,0.7,0.76,0.6,1.0,,,,,,,,,
R4_aB_m0,1,10,C,5,10,2.4218164766511667,1.3720386446868855,3.6672731311710245,0.5164512504510246,0.26680702697104963,0.8516220323256508,11124.754573529448,5.742613610396613,52795.224418300364,0.54,0.3,0.7,0.74,0.6,0.9,0.0,0.0,0.0,0.36792158414013215,0.1467774011471592,0.5336563624410186,0.36792158414013215,0.1467774011471592,0.5336563624410186
R4_aB_m0,1,10,D,5,10,3.573915888906156,2.572203982574607,4.604475337487281,0.7197075838054647,0.5191339208611179,0.9735558789510557,11415.871689457144,11.516567917378618,54606.78737751573,0.5599999999999999,0.4,0.7,0.64,0.5,0.8,0.013333333333333332,0.0,0.03333333333333333,0.8041154703954241,0.563375504341279,0.967328594092215,0.73841766605994,0.42988350734229197,0.967328594092215
R4_aB_m0,1,10,G1,5,10,3.5617926100905515,2.487543952910139,4.890552342516196,0.7603973149793476,0.5768182874800695,1.0228729478554608,3772.205586614774,3.3563760275703274,18544.35969179807,0.76,0.5,0.9,0.78,0.5,0.9,0.0,0.0,0.0,0.5663808442993739,0.3313724770398741,0.7048759380242273,0.5663808442993739,0.3313724770398741,0.7048759380242273
R4_aB_m0,1,10,G2,5,10,3.5646525275879504,2.588175478737353,4.688210325681842,0.7329610385913586,0.5073426526539,0.9999802507439542,10039.746986514616,8.237055879498099,48143.57359912186,0.6,0.4,0.8,0.64,0.5,0.8,0.0,0.0,0.0,0.7481020918162399,0.4512286547573042,0.8848588104787343,0.7481020918162399,0.4512286547573042,0.8848588104787343
R4_aB_m0,1,30,A,5,10,2.871839394004487,1.1478418195800946,5.900525852763286,0.5037813860084055,0.1825432670253946,1.0699744051756266,1.570007299399034,1.0511045983219218,2.78915027492694,1.0,1.0,1.0,1.0,1.0,1.0,,,,,,,,,
R4_aB_m0,1,30,B,5,10,3.3034007981623716,1.5622665990312692,4.949667469719049,0.681527783587532,0.2872609062057016,0.9931454024659667,12.73961450649226,6.042107272689704,24.17174972193192,0.5799999999999998,0.3,0.7,0.76,0.6,1.0,,,,,,,,,
R4_aB_m0,1,30,C,5,10,2.2215963311901694,1.2595612529883333,3.526708327156855,0.4635243202945298,0.20497444215309718,0.7861329503822322,11086.465999414397,5.2589586016817,52886.64734827362,0.5599999999999999,0.3,0.7,0.8399999999999999,0.6,1.0,0.0,0.0,0.0,0.3293598402146589,0.06143103312983731,0.5523209918418146,0.3293598402146589,0.06143103312983731,0.5523209918418146
R4_aB_m0,1,30,D,5,10,3.592967069775687,2.410376323704882,4.622526738568135,0.710379248625794,0.5117870880372968,0.9517404261596042,11525.527438823494,11.130516073213986,54703.14872052531,0.6,0.4,0.7,0.64,0.5,0.8,0.013333333333333332,0.0,0.06666666666666667,0.8828369543688014,0.6518922405852441,1.1236958782862676,0.7756834084601649,0.47068551204207687,1.1236958782862676
R4_aB_m0,1,30,G1,5,10,3.536531145523985,2.554917328595332,4.85585906041914,0.7515446943763359,0.605314034033411,0.990283488229677,3779.569983470624,3.3706229550145386,18582.36258485415,0.78,0.5,0.9,0.76,0.5,0.9,0.0,0.0,0.0,0.6545720175500518,0.42370205593353055,0.8447664383415241,0.6545720175500518,0.42370205593353055,0.8447664383415241
R4_aB_m0,1,30,G2,5,10,3.536880291141267,2.3044769542834374,4.650102205282629,0.7219783446496425,0.5063022601029704,0.9581621585009977,10141.468915523485,7.6449509249275875,48257.77386668563,0.64,0.4,0.8,0.64,0.5,0.8,0.01,0.0,0.05,0.795768698055195,0.5610179098970042,1.05688701059939,0.7361820682124011,0.5458934340750868,1.05688701059939
R4_aB_m0,2,10,A,5,10,2.8379112904117605,1.0326988260732142,6.38535984198115,0.5102422358415749,0.1736838745256212,1.1802856528035124,1.7797419436363051,0.818491971791621,2.832539632826781,1.0,1.0,1.0,1.0,1.0,1.0,,,,,,,,,
R4_aB_m0,2,10,B,5,10,2.8469386091547078,2.020899182316863,3.9484348914063836,0.5796439577966741,0.29712407911761657,0.8502143866002347,10.396019156083184,7.335466900840056,16.412622773389923,0.6199999999999999,0.5,0.7,0.82,0.6,1.0,,,,,,,,,
R4_aB_m0,2,10,C,5,10,2.034119386907976,1.393785101782877,3.235030380877741,0.4293712393998058,0.24262549546936035,0.6260004036051181,53.59669662204916,5.855166266789572,197.86624142630083,0.6,0.5,0.7,0.8400000000000001,0.5,1.0,0.0,0.0,0.0,0.26519347559984807,0.1936713542545939,0.3140129308284704,0.26519347559984807,0.1936713542545939,0.3140129308284704
R4_aB_m0,2,10,D,5,10,3.1157710007666823,2.3387228375161473,3.747576989265723,0.6124491647055059,0.5118692295491021,0.7372067082265881,49.05274235484385,14.005002303407418,181.70367209589512,0.6199999999999999,0.5,0.7,0.74,0.6,0.9,0.04666666666666667,0.0,0.06666666666666667,1.0427516658722529,0.6544102871510142,1.395151296021125,0.6565242283775282,0.47043905488478527,0.8126264192726669
R4_aB_m0,2,10,G1,5,10,3.2172466391275636,2.5838953405692524,4.175587459281729,0.6571347410718269,0.5257698685424532,0.7994628914465002,5.338695999747721,3.781372728758538,9.134926961072086,0.78,0.6,0.9,0.8200000000000001,0.5,0.9,0.0,0.0,0.0,0.7944979619795721,0.4105245579843532,1.2260743082149381,0.7944979619795721,0.4105245579843532,1.2260743082149381
R4_aB_m0,2,10,G2,5,10,3.1461243215808716,2.4143913501412544,3.89517510974919,0.6275766344029107,0.53134240296516,0.7582791517762802,34.074806433028904,10.29457788969487,124.02804520203074,0.64,0.5,0.8,0.78,0.6,0.9,0.030000000000000006,0.0,0.05,0.9182229125077113,0.4791825040806222,1.3042667990226648,0.720260268538861,0.4791825040806222,0.8929823752024217
R4_aB_m0,2,30,A,5,10,2.8379112904117605,1.0326988260732142,6.38535984198115,0.5102422358415749,0.1736838745256212,1.1802856528035124,1.7797419436363051,0.818491971791621,2.832539632826781,1.0,1.0,1.0,1.0,1.0,1.0,,,,,,,,,
R4_aB_m0,2,30,B,5,10,2.8573995166116886,2.020899182316863,3.9484348914063836,0.5838526728599179,0.29712407911761657,0.8502143866002347,10.549564385413417,7.335466900840056,16.412622773389923,0.6199999999999999,0.5,0.7,0.82,0.6,1.0,,,,,,,,,
R4_aB_m0,2,30,C,5,10,1.8827335514856756,1.2897373767960085,3.065475925373662,0.3808937354012139,0.220352564313524,0.5869819674901952,31.04591686878416,5.489608539075695,110.15910162855137,0.64,0.5,0.8,0.8600000000000001,0.6,1.0,0.0,0.0,0.0,0.20373521268135275,0.09578022122192772,0.30029692254707635,0.20373521268135275,0.09578022122192772,0.30029692254707635
R4_aB_m0,2,30,D,5,10,3.164002341849064,2.4644507128527744,3.688203526688671,0.6295006686250998,0.5468969966055872,0.7333940057854931,29.360830912978066,14.759138062723622,82.8082037542599,0.6199999999999999,0.5,0.7,0.7,0.6,0.8,0.04666666666666667,0.0,0.06666666666666667,1.0671764579968177,0.704946440945293,1.4259765078305287,0.6898987474060501,0.5534980541883356,0.7698057603456799
R4_aB_m0,2,30,G1,5,10,3.217545801628239,2.604680992508582,4.141459915907777,0.6592675168266418,0.5511004889992932,0.7806175858968032,5.333800337517355,3.7440168403304073,8.992341452895499,0.78,0.6,0.9,0.8400000000000001,0.6,0.9,0.0,0.0,0.0,0.7697019171187514,0.5202601325209596,1.2802189208037746,0.7697019171187514,0.5202601325209596,1.2802189208037746
R4_aB_m0,2,30,G2,5,10,3.1794667998039765,2.4614898469615643,3.8604390938405664,0.6399315657853906,0.5354490726288863,0.7499939329712773,13.20732974148305,10.16278172337294,19.85228781760258,0.64,0.5,0.8,0.7,0.5,0.8,0.030000000000000006,0.0,0.05,0.948545892157948,0.6073212121596228,1.2681575253656516,0.7342576348342205,0.6073212121596228,0.9118195154331573
R5_aA_m0,0,10,A,5,4,3.2581805543164912,1.1014602315375908,6.228715585072883,0.7462246646912671,0.1346780986921445,1.6108005223402955,4.045802020598588,0.8524470200336718,9.295908573782878,0.8,0.5,1.0,1.0,1.0,1.0,,,,,,,,,
R5_aA_m0,0,10,B,5,4,4.162748713927493,1.8362889220392193,7.8475960929707576,1.034167566025543,0.6418181512830722,2.243426487694635,13.969317261302624,5.426975668984501,32.513401092678606,0.45,0.25,0.75,0.8,0.5,1.0,,,,,,,,,
R5_aA_m0,0,10,C,5,4,3.115651654826145,1.9460053739450627,5.581437552925532,0.653550817469327,0.3564577192559642,1.5504641437598357,11.688728052764308,4.640256290745718,24.3412240280416,0.5,0.25,1.0,0.8,0.25,1.0,0.0,0.0,0.0,0.5130845213729163,0.32177161253902814,0.7677654224485783,0.5130845213729163,0.32177161253902814,0.7677654224485783
R5_aA_m0,0,10,D,5,4,3.367542225581105,1.9355178335512846,4.38994289882064,0.7156748777186006,0.3703863751946474,1.1839994370395261,11.856886201999114,4.912305102721767,19.11306090342136,0.4,0.0,1.0,0.8,0.5,1.0,0.03333333333333333,0.0,0.08333333333333333,1.1846193798448137,0.3667181522264612,1.7888005093832204,0.906130063264787,0.3667181522264612,1.7888005093832204
R5_aA_m0,0,10,G1,5,4,3.40795841207252,1.436139433634118,6.6681041418181835,0.9068300650434761,0.44773528723232486,1.8719160313268046,6.667910373380927,2.0036000153651314,11.539881740958226,0.7,0.25,1.0,0.95,0.75,1.0,0.0,0.0,0.0,0.42762920207155874,0.3229151462513683,0.507239922818248,0.42762920207155874,0.3229151462513683,0.507239922818248
R5_aA_m0,0,10,G2,5,4,3.081373879722655,1.6165974303660726,4.559880513088618,0.6553445909249855,0.3370030988994369,1.2649886771862167,9.130570884914828,3.5107517748013053,17.147690780158758,0.6,0.25,1.0,0.85,0.75,1.0,0.0,0.0,0.0,0.6437492766073291,0.32772154308244605,1.152490512263003,0.6437492766073291,0.32772154308244605,1.152490512263003
R5_aA_m0,0,30,A,5,4,3.2581805543164912,1.1014602315375908,6.228715585072883,0.7462246646912671,0.1346780986921445,1.6108005223402955,4.045802020598588,0.8524470200336718,9.295908573782878,0.8,0.5,1.0,1.0,1.0,1.0,,,,,,,,,
R5_aA_m0,0,30,B,5,4,4.455804442757854,1.8362889220392193,8.6363004605082,1.1478591869819668,0.6418181512830722,2.516744586526634,15.356235353007786,6.70854132040272,38.12441663887992,0.4,0.25,0.75,0.8,0.5,1.0,,,,,,,,,
R5_aA_m0,0,30,C,5,4,2.1684806560541148,1.104950659309616,3.6844155664179707,0.3625312348383274,0.1875723497142209,0.44905189740120083,9.808186485297442,5.388201575897066,14.624030588835609,0.45,0.25,0.75,0.95,0.75,1.0,0.0,0.0,0.0,0.27800411910967543,0.18206444814276357,0.5236533819091493,0.27800411910967543,0.18206444814276357,0.5236533819091493
R5_aA_m0,0,30,D,5,4,2.9303469115962493,1.32742530698511,3.7256501137669966,0.6028814232134488,0.25190115869911495,1.037166780729468,11.291470662192546,5.773568075418327,16.13729949509733,0.35,0.0,0.75,0.85,0.75,1.0,0.05,0.0,0.08333333333333333,1.0788589588859456,0.5034667965319526,1.754004027694045,0.60635372709592,0.4443284818776801,0.9139168010724492
R5_aA_m0,0,30,G1,5,4,2.8950454220288693,1.3506136934776891,5.269848384359625,0.7565459647626611,0.23790055609312763,1.3936510993956583,6.5050428690143125,1.9464034670388137,11.644563018248682,0.75,0.5,1.0,1.0,1.0,1.0,0.0,0.0,0.0,0.32337949632788127,0.15573840459517357,0.6105116648262922,0.32337949632788127,0.15573840459517357,0.6105116648262922
R5_aA_m0,0,30,G2,5,4,2.458519525232413,1.5870931976034905,3.594148371413746,0.5203026822804115,0.3721709944935992,0.7237927369444889,7.943072686725277,3.422448764276971,13.362050549146005,0.6,0.25,1.0,0.95,0.75,1.0,0.0,0.0,0.0,0.3822711892975181,0.12865618970291093,0.7634575272726175,0.3822711892975181,0.12865618970291093,0.7634575272726175
R5_aA_m0,1,10,A,5,4,2.6960152080950848,1.7645030607259247,4.316004258228811,0.7605355363661991,0.41840526379856463,1.6592615811446052,3.327589808135316,0.5084975784320358,8.231924041820317,0.9,0.5,1.0,1.0,1.0,1.0,,,,,,,,,
R5_aA_m0,1,10,B,5,4,4.245123704440735,1.6453675385166433,7.139333238247232,1.2292075428476181,0.6289451076064122,2.349074450005499,17.972134282906886,4.40164377212457,45.926819668129006,0.45,0.0,0.75,0.85,0.5,1.0,,,,,,,,,
R5_aA_m0,1,10,C,5,4,3.4899566758685787,2.023352896230204,5.9392773620190775,0.9789629739575293,0.2914084446440264,1.9834892764023393,15.239580692517203,5.147403363965726,38.05613341026901,0.4,0.0,0.5,0.85,0.5,1.0,0.016666666666666666,0.0,0.08333333333333333,1.1468765835867947,0.36853754635197566,3.487918290122291,0.4952181253486697,0.2296259989316665,0.7785434756024516
R5_aA_m0,1,10,D,5,4,2.6518586877711257,1.2825163609885537,3.5889790747443255,0.7689619093834696,0.312172661229927,1.161325633557563,12.728462530987436,3.0747388825238446,27.38796766072017,0.45,0.0,1.0,0.9,0.75,1.0,0.016666666666666666,0.0,0.08333333333333333,1.0805024647178842,0.6162042604835066,1.919696659721445,0.8861518776285144,0.6162042604835066,1.1161814349373047
R5_aA_m0,1,10,G1,5,4,2.6241648704781873,1.4710357987287408,4.756955953299457,0.8684835170838084,0.37266285265930793,1.6749612397044915,6.862515144095633,0.5362384662867411,17.18423693754125,0.7,0.0,1.0,0.95,0.75,1.0,0.0,0.0,0.0,0.7157150783125434,0.1278609266946507,2.158394957741894,0.7157150783125434,0.1278609266946507,2.158394957741894
R5_aA_m0,1,10,G2,5,4,2.6335846017440545,1.055776333300278,3.9424230362404598,0.7831187645096012,0.1732303124971461,1.361338788085154,9.352364818030605,1.1663192399888151,22.17642690970886,0.65,0.0,1.0,0.9,0.75,1.0,0.0,0.0,0.0,0.6641255427525096,0.12237178375863954,1.206646198798222,0.6641255427525096,0.12237178375863954,1.206646198798222
R5_aA_m0,1,30,A,5,4,2.6960152080950848,1.7645030607259247,4.316004258228811,0.7605355363661991,0.41840526379856463,1.6592615811446052,3.327589808135316,0.5084975784320358,8.231924041820317,0.9,0.5,1.0,1.0,1.0,1.0,,,,,,,,,
R5_aA_m0,1,30,B,5,4,4.393508691369436,1.6453675385166433,7.139333238247232,1.3008028290832,0.6289451076064122,2.349074450005499,17.69999199500246,8.478414644945785,45.926819668129006,0.45,0.0,0.75,0.85,0.5,1.0,,,,,,,,,
R5_aA_m0,1,30,C,5,4,1.8253584761698505,1.4037421226890072,2.2895274447455067,0.40936077171880897,0.19246689415781804,0.6783278518664912,10.73220318658968,4.82569444601445,22.32933048829938,0.55,0.0,1.0,1.0,1.0,1.0,0.0,0.0,0.0,0.4187009806611532,0.12749992235386748,0.9326467538220409,0.4187009806611532,0.12749992235386748,0.9326467538220409
R5_aA_m0,1,30,D,5,4,2.549226335342162,1.223624865269444,3.616654370973429,0.7050373507341983,0.15696379572778132,1.091054128437402,12.362504179835312,5.378781087587326,24.497068647202916,0.45,0.0,1.0,0.85,0.75,1.0,0.05,0.0,0.08333333333333333,1.2917024176684822,0.7802249217449696,2.306535800842814,0.8565700640701606,0.4620268486757852,1.3763383989097018
R5_aA_m0,1,30,G1,5,4,2.6487147207870145,1.1502103417454534,4.5751083861434525,0.8597191475488726,0.32596288479625535,1.597730164215,7.118018401824005,1.6857313200585966,17.348505438144052,0.7,0.0,1.0,0.95,0.75,1.0,0.0,0.0,0.0,0.5047134200110956,0.1580249452512755,1.135085299253576,0.5047134200110956,0.1580249452512755,1.135085299253576
R5_aA_m0,1,30,G2,5,4,2.1931893544427186,1.6010021494884654,2.939676789744662,0.6508201346248222,0.3953197798488931,1.0783801667909383,9.140528787627776,3.1716350622556644,21.208214803881624,0.7,0.0,1.0,0.95,0.75,1.0,0.0,0.0,0.0,0.6192626447399964,0.26989180504299737,1.1355862740991407,0.6192626447399964,0.26989180504299737,1.1355862740991407
R5_aA_m0,2,10,A,5,4,2.93945700416547,1.564890713666583,4.990867738152773,0.8858903201447461,0.3456282409884631,1.8644615949660204,9.013753642334041,1.014804949494618,25.471533920573833,0.75,0.5,1.0,1.0,1.0,1.0,,,,,,,,,
R5_aA_m0,2,10,B,5,4,4.288629234218073,3.6414556965185416,5.3295705772678295,0.7727661244185882,0.17928243726907742,1.2592721106485385,17.175598815089614,6.055738402878754,35.55203260086952,0.4,0.0,0.75,0.8,0.75,1.0,,,,,,,,,
R5_aA_m0,2,10,C,5,4,3.4359459516450657,1.3870513213742914,5.118627038070936,0.7908187472339427,0.34359460174512924,1.3387912331703722,18.7929825961772,7.941036173766744,34.76902820515899,0.4,0.0,0.75,0.8,0.5,1.0,0.016666666666666666,0.0,0.08333333333333333,0.8111789047081972,0.5392676345799179,1.4693373785672768,0.7469900560736246,0.5392676345799179,1.1483931353944137
R5_aA_m0,2,10,D,5,4,3.338105536538837,1.3301592067599977,4.8345215960681,0.8455050336168097,0.32491642847447694,1.3008953958607787,17.461154408670925,7.620055259993511,34.57390556627283,0.25,0.0,0.5,0.7,0.5,1.0,0.016666666666666666,0.0,0.08333333333333333,1.0675328444313334,0.7859356647474036,1.3536754965747946,0.9471921112969927,0.7519718309030902,1.1720438383465812
R5_aA_m0,2,10,G1,5,4,2.7232392106152323,1.0989938218366204,3.6259630906024105,0.8063681940466905,0.2762790592073849,1.4539401985333231,12.73285552085253,1.937530301426604,30.44028163693297,0.65,0.25,1.0,1.0,1.0,1.0,0.0,0.0,0.0,0.9767315356382081,0.4040659946181202,1.9423569987344163,0.9767315356382081,0.4040659946181202,1.9423569987344163
R5_aA_m0,2,10,G2,5,4,2.843525296087125,1.4181630980576307,4.31296713991017,0.6823798390485505,0.2521040440550639,1.3831365181475717,14.31654455779252,3.552564062945173,31.83549089388193,0.5,0.25,1.0,0.95,0.75,1.0,0.0,0.0,0.0,0.8279748172494032,0.6473980312071144,1.0846362237452514,0.8279748172494032,0.6473980312071144,1.0846362237452514
R5_aA_m0,2,30,A,5,4,2.93945700416547,1.564890713666583,4.990867738152773,0.8858903201447461,0.3456282409884631,1.8644615949660204,9.013753642334041,1.014804949494618,25.471533920573833,0.75,0.5,1.0,1.0,1.0,1.0,,,,,,,,,
R5_aA_m0,2,30,B,5,4,3.881521532753085,2.850167369054752,4.958628261041934,0.5957406062224375,0.2934917997523285,1.1850095010837705,16.14464539484006,5.857726032154515,33.59427210369415,0.4,0.0,0.75,0.85,0.75,1.0,,,,,,,,,
R5_aA_m0,2,30,C,5,4,2.594925896463155,1.1120251735884683,4.904106583467481,0.49451800130769863,0.18058873275664375,1.2644583043814415,15.036235811964787,5.512042631366294,31.82943586065204,0.4,0.0,0.75,0.85,0.5,1.0,0.0,0.0,0.0,0.2973058116386301,0.13758626322364387,0.4289863199920372,0.2973058116386301,0.13758626322364387,0.4289863199920372
R5_aA_m0,2,30,D,5,4,3.322426256631246,1.0777356970044605,4.85851105233631,0.8260884181103718,0.19819663868533882,1.2666172494098304,16.49093652542552,8.509765445576367,31.848371094854667,0.25,0.0,0.5,0.7,0.5,1.0,0.03333333333333333,0.0,0.08333333333333333,0.9385332965329616,0.49459996106813686,1.2873516803371956,0.7024336107048313,0.49459996106813686,0.8877460787037411
R5_aA_m0,2,30,G1,5,4,2.046976804319265,1.1024373281231352,3.221715611326053,0.5607128693609755,0.27477846872343303,1.3807351265850896,12.448019822954326,1.9715147505824229,29.913538816024477,0.65,0.25,1.0,1.0,1.0,1.0,0.0,0.0,0.0,0.5156022847529025,0.14322647019623397,0.8804748232868804,0.5156022847529025,0.14322647019623397,0.8804748232868804
R5_aA_m0,2,30,G2,5,4,2.7195563314358746,1.4390512542003202,4.358407450557965,0.6154237057012989,0.29174180438347963,1.3526512213197663,13.264254772550412,3.382672370061833,31.421126117768203,0.65,0.25,1.0,0.95,0.75,1.0,0.0,0.0,0.0,0.42311956816992125,0.1508402513952422,0.5601152191333026,0.42311956816992125,0.1508402513952422,0.5601152191333026
R5_aB_m0,0,10,A,5,4,3.2684498988070745,1.39569524793669,5.523670351499938,0.7647055394062637,0.41535305177306414,1.5155628123449119,4.131797727344646,1.6211636809631318,9.061167748339106,0.9,0.5,1.0,1.0,1.0,1.0,,,,,,,,,
R5_aB_m0,0,10,B,5,4,4.9148554070648105,3.401146362111664,5.898521715673744,1.2659526962079255,0.9099278623544265,1.7328262963073193,17.05920831520159,12.170208653118646,28.704339027448853,0.25,0.0,0.5,0.6,0.5,0.75,,,,,,,,,
R5_aB_m0,0,10,C,5,4,3.9987044038817388,3.346306512770555,4.472280971611557,0.8892845346352223,0.4192503340249213,1.2948114341093244,14.597652703186606,8.828833877129583,17.230892482288002,0.35,0.25,0.5,0.8,0.75,1.0,0.0,0.0,0.0,0.7915150835414498,0.2626504292339769,1.397020229467731,0.7915150835414498,0.2626504292339769,1.397020229467731
R5_aB_m0,0,10,D,5,4,6.798005211664578,5.225346575518505,8.117561502882548,1.6994997204324875,0.8555841681781288,2.1299479148387785,40.92375216509098,12.828479482617373,65.51753427104211,0.1,0.0,0.25,0.35,0.0,0.5,0.11666666666666667,0.0,0.25,2.63195755729612,1.777900439042992,3.9553555917510175,1.4228253561611195,0.8112566044485843,2.5611060131526724
R5_aB_m0,0,10,G1,5,4,4.848932509931095,2.9963701350876715,5.776520676454296,1.166625181959093,0.8565336235291869,1.3422399917034125,7.908246041478566,4.760857020876252,11.753358040940572,0.6,0.25,0.75,0.75,0.5,1.0,0.05,0.0,0.25,2.1228933502002745,1.0426988921295128,4.1512316838089625,1.5049128586872693,1.0426988921295128,2.097600803130455
R5_aB_m0,0,10,G2,5,4,6.38862645182992,4.4246701987124695,7.379493525498867,1.632315235046331,0.7502573084046311,2.109357957374475,24.57586158234053,8.518248502635181,38.56514656577178,0.2,0.0,0.5,0.4,0.0,0.5,0.05,0.0,0.25,1.9604882466752023,0.8949046355209545,4.1488247739177,1.3107727263217155,0.8949046355209545,2.0528899431288803
R5_aB_m0,0,30,A,5,4,3.2684498988070745,1.39569524793669,5.523670351499938,0.7647055394062637,0.41535305177306414,1.5155628123449119,4.131797727344646,1.6211636809631318,9.061167748339106,0.9,0.5,1.0,1.0,1.0,1.0,,,,,,,,,
R5_aB_m0,0,30,B,5,4,4.364514396652675,1.7318782284983565,5.664195881193439,1.061742056770987,0.4904548259138237,1.6590270571465766,11.97574697892892,7.1807971305401725,18.415221486737984,0.4,0.0,0.5,0.75,0.5,1.0,,,,,,,,,
R5_aB_m0,0,30,C,5,4,2.4795329917690934,0.732339221419655,3.6797994250422565,0.43849296853977754,0.2581183110427374,0.6896598160724198,8.390646224073603,5.7563519832383925,11.602268537443358,0.5,0.25,0.75,0.9,0.75,1.0,0.0,0.0,0.0,0.3971226780287004,0.11083277923826679,0.7007191671121601,0.3971226780287004,0.11083277923826679,0.7007191671121601
R5_aB_m0,0,30,D,5,4,6.480528056940463,4.213790805722382,9.723972693991133,1.5726014237006758,1.0864022568558642,2.5322269312725227,35.90896389659202,18.394021311897312,65.9792799143572,0.2,0.0,0.25,0.35,0.0,0.5,0.18333333333333332,0.08333333333333333,0.3333333333333333,3.201436811611994,2.195059288680732,4.3972717014221185,1.0590725848898705,0.7094307425535803,1.375264081784819
R5_aB_m0,0,30,G1,5,4,4.494206416422238,2.359854719768658,6.740935517977229,1.0258864375446712,0.6914074801638307,1.6924616566648796,6.9015079353147595,3.8587762917875543,10.696915506669072,0.6,0.0,1.0,0.8,0.5,1.0,0.1,0.0,0.25,1.3815719844314638,0.821069578336443,2.128923190451259,0.7348067419381108,0.461422744887799,0.9900766356444484
R5_aB_m0,0,30,G2,5,4,5.711635773573448,3.1386436624055296,8.668662653652104,1.30958197475045,0.6202512771381977,2.1059259827849455,12.500808233847922,8.54048224621071,18.17428542979926,0.35,0.0,0.75,0.55,0.25,0.75,0.175,0.125,0.25,3.11787769028348,2.601355533189698,3.9238888478019556,1.1238083409866326,0.8857887483736904,1.5486241601359239
R5_aB_m0,1,10,A,5,4,3.1265508232259043,1.0571288880802407,5.40036465684266,0.7602582931488622,0.3218234366992407,1.5654534725891915,2.9453535731345775,0.9580756223458953,6.426485875565635,0.95,0.75,1.0,1.0,1.0,1.0,,,,,,,,,
R5_aB_m0,1,10,B,5,4,4.673410588762463,1.009049527359393,7.824543882106849,1.325769588269007,0.32068555964288264,2.273792900225884,20.76299173646085,6.801992519547552,53.27068756343613,0.3,0.0,0.5,0.9,0.75,1.0,,,,,,,,,
R5_aB_m0,1,10,C,5,4,2.9925754480698643,0.6316297339521523,7.173474968282973,0.8726369324175381,0.3496236372462447,2.197734993281578,43.919440530450274,5.799325939821691,183.7290818623076,0.35,0.0,0.5,0.95,0.75,1.0,0.03333333333333333,0.0,0.16666666666666666,1.2877821133442129,0.24833298592078967,3.658055530783436,0.722357181617528,0.24833298592078967,1.3587450080934067
R5_aB_m0,1,10,D,5,4,5.1797562467477,2.8668137628576384,7.6628184569276145,1.4380005990958071,0.8606350678349567,2.263638610974856,55.85448684258722,15.453140727831865,181.83977576564763,0.1,0.0,0.25,0.7,0.5,0.75,0.06666666666666667,0.0,0.25,1.964940923589006,1.343260823591399,3.6743136101235536,1.4521256404188845,1.343260823591399,1.5280158199377343
R5_aB_m0,1,10,G1,5,4,4.33409177055509,2.3857861100478597,6.5360848650235015,1.176166246522191,0.8047712690708692,1.82995638843343,7.4171102909970035,3.436828980069663,15.996041062446793,0.65,0.0,1.0,0.9,0.75,1.0,0.05,0.0,0.25,1.5344936184116362,0.7485175013336278,3.3345067695165804,1.1643675923227257,0.7485175013336278,1.5822857722336845
R5_aB_m0,1,10,G2,5,4,5.517504552896803,2.6749142964985264,9.50681226231192,1.4237095899306933,0.8404631877864497,2.755798221374015,22.093369640201608,6.595292814630048,72.7968417541275,0.4,0.0,0.75,0.75,0.75,0.75,0.05,0.0,0.25,1.6181737885768555,1.1187327226535169,3.156862687854151,1.2612546913062765,1.1187327226535169,1.3840792406509725
R5_aB_m0,1,30,A,5,4,3.1265508232259043,1.0571288880802407,5.40036465684266,0.7602582931488622,0.3218234366992407,1.5654534725891915,2.9453535731345775,0.9580756223458953,6.426485875565635,0.95,0.75,1.0,1.0,1.0,1.0,,,,,,,,,
R5_aB_m0,1,30,B,5,4,3.8234239011139244,2.7441239616985804,4.411708029802323,1.0349564126517905,0.6587093189383914,1.5118512567228835,11.575512567174588,6.1804802807019605,21.83810617250115,0.45,0.25,0.75,0.9,0.75,1.0,,,,,,,,,
R5_aB_m0,1,30,C,5,4,1.796276481327947,0.801235667263063,2.7383076669424375,0.540973064773099,0.20616766683154805,0.9543212909182285,9.68037387024305,4.695027361042114,17.211388173110613,0.45,0.25,0.75,0.95,0.75,1.0,0.0,0.0,0.0,0.40302404129710806,0.12162409937817287,0.7561685733406371,0.40302404129710806,0.12162409937817287,0.7561685733406371
R5_aB_m0,1,30,D,5,4,6.427316779384505,4.483811514048311,7.950943803569416,1.6894698661199246,1.1524718268003995,2.127157933287437,40.76571640797881,14.934563317515556,58.62288004954665,0.1,0.0,0.25,0.5,0.25,0.75,0.13333333333333333,0.0,0.25,2.914565960691735,1.9022216404696897,3.8485347603862587,1.937546639914202,1.029282579438425,2.9757464404280602
R5_aB_m0,1,30,G1,5,4,4.071077880256104,3.293488969997532,5.196433709485309,1.023929593375218,0.8542529284491979,1.216729729424107,6.37842135070876,3.0268265395611307,13.620184533593871,0.8,0.25,1.0,0.85,0.75,1.0,0.0,0.0,0.0,1.5346897060562639,0.7953849658041313,2.8373211588984315,1.5346897060562639,0.7953849658041313,2.8373211588984315
R5_aB_m0,1,30,G2,5,4,5.72125072078792,3.1555483372755124,7.271880259760354,1.4222760642612609,0.9363245956949174,1.747266120701359,12.080197886597318,7.619212460576051,18.827543295505144,0.3,0.0,0.5,0.7,0.5,0.75,0.1,0.0,0.125,2.853970557276512,1.830642079756966,3.4790411730570563,2.0262252711399413,1.2628910064864884,3.2375690513407376
R5_aB_m0,2,10,A,5,4,2.5340506702648042,1.4269023266889191,3.6338294072358814,0.786334824179441,0.4175775909127546,1.8172649273973118,9.564289592859499,2.232993587515461,27.82612877880493,0.65,0.25,1.0,1.0,1.0,1.0,,,,,,,,,
R5_aB_m0,2,10,B,5,4,4.739362657110465,3.149285035427511,6.2289218140315405,1.1941185420710376,0.8121908311486454,1.6624265358920605,29.68018437274864,14.92925893182055,50.330876954766836,0.2,0.0,0.5,0.7,0.25,1.0,,,,,,,,,
R5_aB_m0,2,10,C,5,4,4.139412578144234,2.394187515291444,4.972323472626464,1.01683081771982,0.6593580311440301,1.314502851960743,28.200837893678756,15.006935575455133,43.899565734150585,0.2,0.0,0.5,0.75,0.5,1.0,0.0,0.0,0.0,0.592400285152938,0.34205885167369066,1.2628555025188999,0.592400285152938,0.34205885167369066,1.2628555025188999
R5_aB_m0,2,10,D,5,4,4.890933740715395,3.1173493006391486,5.608182779516192,1.2309349935044105,0.8525000087561005,1.4825941181456919,32.116943696670525,13.003185077528471,48.588521714971414,0.1,0.0,0.25,0.5,0.25,0.75,0.16666666666666666,0.08333333333333333,0.3333333333333333,2.738962810504103,1.796239792381335,4.641244737740028,1.4323247032694824,0.8999037286309931,2.599368530564627
R5_aB_m0,2,10,G1,5,4,3.732954829935487,2.6977602203529076,4.625493224307717,0.8525037669135391,0.6334802378641311,1.1209002196651623,11.965461881998548,5.0715632245036355,28.53000880255302,0.45,0.0,1.0,0.9,0.5,1.0,0.0,0.0,0.0,1.1842236994913051,0.6404435829563856,2.2599207575686506,1.1842236994913051,0.6404435829563856,2.2599207575686506
R5_aB_m0,2,10,G2,5,4,4.429959507766709,2.874138427525301,5.970020001410762,1.074345229082398,0.7122333674155092,1.4324181427074927,18.755463400510198,8.107739028447902,31.872968469212807,0.25,0.0,0.5,0.65,0.5,0.75,0.125,0.0,0.25,2.5532938704485257,1.4637771323320117,4.266625376154334,1.6694771440197609,0.9349976268368504,2.9997860202828424
R5_aB_m0,2,30,A,5,4,2.5340506702648042,1.4269023266889191,3.6338294072358814,0.786334824179441,0.4175775909127546,1.8172649273973118,9.564289592859499,2.232993587515461,27.82612877880493,0.65,0.25,1.0,1.0,1.0,1.0,,,,,,,,,
R5_aB_m0,2,30,B,5,4,4.104104578776865,2.3567285477231987,6.2289218140315405,0.8381145571098836,0.3040326784441681,1.6624265358920605,18.962453711947326,7.104583856049214,50.330876954766836,0.35,0.0,0.5,0.8,0.25,1.0,,,,,,,,,
R5_aB_m0,2,30,C,5,4,2.6884126521726843,1.7421490523823242,4.534970804590141,0.4804371076959484,0.20325482369942327,1.1050228385235052,15.690218307431161,6.811191743875494,42.11594599415395,0.4,0.0,0.75,0.9,0.5,1.0,0.0,0.0,0.0,0.3405309306538083,0.10212053718291614,0.7947067586126153,0.3405309306538083,0.10212053718291614,0.7947067586126153
R5_aB_m0,2,30,D,5,4,4.877258036716981,3.4962934656151594,5.749244918502704,1.170844174833856,0.9159069541722228,1.5089740133061031,24.543130277383625,15.874280586000175,40.86132724343463,0.2,0.0,0.25,0.5,0.25,0.75,0.16666666666666669,0.08333333333333333,0.3333333333333333,3.403691197346975,2.1763204823814086,5.100372139487044,1.6537489390203621,1.2111886668829834,2.957173878570652
R5_aB_m0,2,30,G1,5,4,3.9070854788680576,3.2491512510286835,4.487575599140351,0.8765466679182271,0.49817538936786854,1.2407008758717788,11.70980951713377,5.524876091224916,28.121346019621832,0.45,0.0,1.0,0.75,0.5,1.0,0.0,0.0,0.0,1.3171971049189577,0.798867305562303,2.818336004264908,1.3171971049189577,0.798867305562303,2.818336004264908
R5_aB_m0,2,30,G2,5,4,4.120276809465696,3.4834305570478183,4.7414222795410454,0.8582624451194375,0.5999993930288289,1.090167378092328,15.94610280009348,10.126986133248916,30.17987143826566,0.25,0.0,0.5,0.7,0.5,0.75,0.175,0.125,0.375,3.486039396579359,2.6796879755512206,5.346303426865199,1.7276329033737485,1.3424167523202302,2.738868960744643
