case,folder,source_Tnone_index,source_time_s,source_eval_eligible,pose,initial_state,initial_prior,static_sensor_parameters
R2_aA_m45,g2_d0_s1_snr30,520,104.0,True,4.966923102256438e-07,0.0,0.0,0.0
R2_aA_m45,g1_d1_s3_snr10,480,96.0,True,7.314770655852953e-08,0.0,0.0,0.0
R2_aA_m45,g2_d0_s3_snr30,520,104.0,True,4.966923102256438e-07,0.0,0.0,0.0
R2_aA_m45,g2_d2_s1_snr30,520,104.0,True,4.966923102256438e-07,0.0,0.0,0.0
R2_aA_m45,g1_d0_s4_snr10,480,96.0,True,7.314770655852953e-08,0.0,0.0,0.0
R2_aA_m45,g1_d0_s0_snr30,480,96.0,True,7.314770655852953e-08,0.0,0.0,0.0
R2_aA_m45,g2_d0_s0_snr10,520,104.0,True,4.966923102256438e-07,0.0,0.0,0.0
R2_aA_m45,g2_d1_s4_snr10,520,104.0,True,4.966923102256438e-07,0.0,0.0,0.0
R2_aA_m45,g1_d1_s4_snr10,480,96.0,True,7.314770655852953e-08,0.0,0.0,0.0
R2_aA_m45,g2_d1_s1_snr30,520,104.0,True,4.966923102256438e-07,0.0,0.0,0.0
R2_aA_m45,g1_d1_s0_snr10,480,96.0,True,7.314770655852953e-08,0.0,0.0,0.0
R2_aA_m45,g2_d0_s2_snr10,520,104.0,True,4.966923102256438e-07,0.0,0.0,0.0
R2_aA_m45,g2_d2_s0_snr30,520,104.0,True,4.966923102256438e-07,0.0,0.0,0.0
R2_aA_m45,g1_d2_s2_snr10,480,96.0,True,7.314770655852953e-08,0.0,0.0,0.0
R2_aA_m45,g2_d1_s0_snr10,520,104.0,True,4.966923102256438e-07,0.0,0.0,0.0
R2_aA_m45,g1_d2_s2_snr30,480,96.0,True,7.314770655852953e-08,0.0,0.0,0.0
R2_aA_m45,g2_d0_s0_snr30,520,104.0,True,4.966923102256438e-07,0.0,0.0,0.0
R2_aA_m45,g1_d2_s4_snr30,480,96.0,True,7.314770655852953e-08,0.0,0.0,0.0
R2_aA_m45,g1_d1_s1_snr30,480,96.0,True,7.314770655852953e-08,0.0,0.0,0.0
R2_aA_m45,g2_d2_s3_snr10,520,104.0,True,4.966923102256438e-07,0.0,0.0,0.0
R2_aA_m45,g1_d2_s0_snr30,480,96.0,True,7.314770655852953e-08,0.0,0.0,0.0
R2_aA_m45,g2_d1_s0_snr30,520,104.0,True,4.966923102256438e-07,0.0,0.0,0.0
R2_aA_m45,g1_d2_s3_snr10,480,96.0,True,7.314770655852953e-08,0.0,0.0,0.0
R2_aA_m45,g1_d1_s3_snr30,480,96.0,True,7.314770655852953e-08,0.0,0.0,0.0
R2_aA_m45,g2_d2_s4_snr30,520,104.0,True,4.966923102256438e-07,0.0,0.0,0.0
R2_aA_m45,g2_d2_s3_snr30,520,104.0,True,4.966923102256438e-07,0.0,0.0,0.0
R2_aA_m45,g1_d1_s0_snr30,480,96.0,True,7.314770655852953e-08,0.0,0.0,0.0
R2_aA_m45,g1_d0_s4_snr30,480,96.0,True,7.314770655852953e-08,0.0,0.0,0.0
R2_aA_m45,g2_d0_s4_snr30,520,104.0,True,4.966923102256438e-07,0.0,0.0,0.0
R2_aA_m45,g1_d2_s0_snr10,480,96.0,True,7.314770655852953e-08,0.0,0.0,0.0
R2_aA_m45,g1_d0_s1_snr30,480,96.0,True,7.314770655852953e-08,0.0,0.0,0.0
R2_aA_m45,g1_d0_s1_snr10,480,96.0,True,7.314770655852953e-08,0.0,0.0,0.0
R2_aA_m45,g2_d1_s2_snr10,520,104.0,True,4.966923102256438e-07,0.0,0.0,0.0
R2_aA_m45,g2_d2_s2_snr30,520,104.0,True,4.966923102256438e-07,0.0,0.0,0.0
R2_aA_m45,g2_d0_s3_snr10,520,104.0,True,4.966923102256438e-07,0.0,0.0,0.0
R2_aA_m45,g1_d2_s1_snr30,480,96.0,True,7.314770655852953e-08,0.0,0.0,0.0
R2_aA_m45,g1_d2_s1_snr10,480,96.0,True,7.314770655852953e-08,0.0,0.0,0.0
R2_aA_m45,g2_d1_s2_snr30,520,104.0,True,4.966923102256438e-07,0.0,0.0,0.0
R2_aA_m45,g1_d0_s3_snr10,480,96.0,True,7.314770655852953e-08,0.0,0.0,0.0
R2_aA_m45,g2_d2_s0_snr10,520,104.0,True,4.966923102256438e-07,0.0,0.0,0.0
R2_aA_m45,g2_d0_s4_snr10,520,104.0,True,4.966923102256438e-07,0.0,0.0,0.0
R2_aA_m45,g1_d1_s1_snr10,480,96.0,True,7.314770655852953e-08,0.0,0.0,0.0
R2_aA_m45,g2_d2_s4_snr10,520,104.0,True,4.966923102256438e-07,0.0,0.0,0.0
R2_aA_m45,g2_d0_s2_snr30,520,104.0,True,4.966923102256438e-07,0.0,0.0,0.0
R2_aA_m45,g2_d2_s1_snr10,520,104.0,True,4.966923102256438e-07,0.0,0.0,0.0
R2_aA_m45,g2_d1_s3_snr30,520,104.0,True,4.966923102256438e-07,0.0,0.0,0.0
R2_aA_m45,g1_d0_s2_snr10,480,96.0,True,7.314770655852953e-08,0.0,0.0,0.0
R2_aA_m45,g2_d2_s2_snr10,520,104.0,True,4.966923102256438e-07,0.0,0.0,0.0
R2_aA_m45,g1_d1_s2_snr10,480,96.0,True,7.314770655852953e-08,0.0,0.0,0.0
R2_aA_m45,g1_d1_s2_snr30,480,96.0,True,7.314770655852953e-08,0.0,0.0,0.0
R2_aA_m45,g1_d2_s4_snr10,480,96.0,True,7.314770655852953e-08,0.0,0.0,0.0
R2_aA_m45,g1_d2_s3_snr30,480,96.0,True,7.314770655852953e-08,0.0,0.0,0.0
R2_aA_m45,g1_d0_s0_snr10,480,96.0,True,7.314770655852953e-08,0.0,0.0,0.0
R2_aA_m45,g2_d0_s1_snr10,520,104.0,True,4.966923102256438e-07,0.0,0.0,0.0
R2_aA_m45,g1_d0_s3_snr30,480,96.0,True,7.314770655852953e-08,0.0,0.0,0.0
R2_aA_m45,g1_d1_s4_snr30,480,96.0,True,7.314770655852953e-08,0.0,0.0,0.0
R2_aA_m45,g2_d1_s1_snr10,520,104.0,True,4.966923102256438e-07,0.0,0.0,0.0
R2_aA_m45,g2_d1_s3_snr10,520,104.0,True,4.966923102256438e-07,0.0,0.0,0.0
R2_aA_m45,g2_d1_s4_snr30,520,104.0,True,4.966923102256438e-07,0.0,0.0,0.0
R2_aA_m45,g1_d0_s2_snr30,480,96.0,True,7.314770655852953e-08,0.0,0.0,0.0
R5_aB_m0,g2_d0_s1_snr30,927,185.4,True,2.833496928200674e-07,0.0,0.0,0.0
R5_aB_m0,g1_d1_s3_snr10,469,93.8,True,3.037774014558181e-07,0.0,0.0,0.0
R5_aB_m0,g2_d0_s3_snr30,927,185.4,True,2.833496928200674e-07,0.0,0.0,0.0
R5_aB_m0,g0_d0_s1_snr10,440,88.0,True,3.0991951222025804e-07,0.0,0.0,0.0
R5_aB_m0,g0_d2_s1_snr30,440,88.0,True,3.0991951222025804e-07,0.0,0.0,0.0
R5_aB_m0,g0_d1_s2_snr30,440,88.0,True,3.0991951222025804e-07,0.0,0.0,0.0
R5_aB_m0,g3_d0_s2_snr30,956,191.2,True,4.734389722482746e-07,0.0,0.0,0.0
R5_aB_m0,g2_d2_s1_snr30,927,185.4,True,2.833496928200674e-07,0.0,0.0,0.0
R5_aB_m0,g1_d0_s4_snr10,469,93.8,True,3.037774014558181e-07,0.0,0.0,0.0
R5_aB_m0,g1_d0_s0_snr30,469,93.8,True,3.037774014558181e-07,0.0,0.0,0.0
R5_aB_m0,g2_d0_s0_snr10,927,185.4,True,2.833496928200674e-07,0.0,0.0,0.0
R5_aB_m0,g3_d1_s2_snr30,956,191.2,True,4.734389722482746e-07,0.0,0.0,0.0
R5_aB_m0,g2_d1_s4_snr10,927,185.4,True,2.833496928200674e-07,0.0,0.0,0.0
R5_aB_m0,g1_d1_s4_snr10,469,93.8,True,3.037774014558181e-07,0.0,0.0,0.0
R5_aB_m0,g2_d1_s1_snr30,927,185.4,True,2.833496928200674e-07,0.0,0.0,0.0
R5_aB_m0,g1_d1_s0_snr10,469,93.8,True,3.037774014558181e-07,0.0,0.0,0.0
R5_aB_m0,g3_d0_s4_snr10,956,191.2,True,4.734389722482746e-07,0.0,0.0,0.0
R5_aB_m0,g2_d0_s2_snr10,927,185.4,True,2.833496928200674e-07,0.0,0.0,0.0
R5_aB_m0,g2_d2_s0_snr30,927,185.4,True,2.833496928200674e-07,0.0,0.0,0.0
R5_aB_m0,g3_d1_s1_snr10,956,191.2,True,4.734389722482746e-07,0.0,0.0,0.0
R5_aB_m0,g3_d2_s0_snr30,956,191.2,True,4.734389722482746e-07,0.0,0.0,0.0
R5_aB_m0,g0_d2_s1_snr10,440,88.0,True,3.0991951222025804e-07,0.0,0.0,0.0
R5_aB_m0,g0_d1_s0_snr30,440,88.0,True,3.0991951222025804e-07,0.0,0.0,0.0
R5_aB_m0,g0_d2_s0_snr10,440,88.0,True,3.0991951222025804e-07,0.0,0.0,0.0
R5_aB_m0,g1_d2_s2_snr10,469,93.8,True,3.037774014558181e-07,0.0,0.0,0.0
R5_aB_m0,g2_d1_s0_snr10,927,185.4,True,2.833496928200674e-07,0.0,0.0,0.0
R5_aB_m0,g3_d1_s1_snr30,956,191.2,True,4.734389722482746e-07,0.0,0.0,0.0
R5_aB_m0,g3_d1_s2_snr10,956,191.2,True,4.734389722482746e-07,0.0,0.0,0.0
R5_aB_m0,g3_d1_s3_snr30,956,191.2,True,4.734389722482746e-07,0.0,0.0,0.0
R5_aB_m0,g1_d2_s2_snr30,469,93.8,True,3.037774014558181e-07,0.0,0.0,0.0
R5_aB_m0,g0_d1_s3_snr30,440,88.0,True,3.0991951222025804e-07,0.0,0.0,0.0
R5_aB_m0,g2_d0_s0_snr30,927,185.4,True,2.833496928200674e-07,0.0,0.0,0.0
R5_aB_m0,g1_d2_s4_snr30,469,93.8,True,3.037774014558181e-07,0.0,0.0,0.0
R5_aB_m0,g0_d2_s0_snr30,440,88.0,True,3.0991951222025804e-07,0.0,0.0,0.0
R5_aB_m0,g1_d1_s1_snr30,469,93.8,True,3.037774014558181e-07,0.0,0.0,0.0
R5_aB_m0,g2_d2_s3_snr10,927,185.4,True,2.833496928200674e-07,0.0,0.0,0.0
R5_aB_m0,g1_d2_s0_snr30,469,93.8,True,3.037774014558181e-07,0.0,0.0,0.0
R5_aB_m0,g0_d2_s2_snr30,440,88.0,True,3.0991951222025804e-07,0.0,0.0,0.0
R5_aB_m0,g3_d2_s1_snr30,956,191.2,True,4.734389722482746e-07,0.0,0.0,0.0
R5_aB_m0,g0_d2_s4_snr10,440,88.0,True,3.0991951222025804e-07,0.0,0.0,0.0
R5_aB_m0,g3_d0_s4_snr30,956,191.2,True,4.734389722482746e-07,0.0,0.0,0.0
R5_aB_m0,g2_d1_s0_snr30,927,185.4,True,2.833496928200674e-07,0.0,0.0,0.0
R5_aB_m0,g1_d2_s3_snr10,469,93.8,True,3.037774014558181e-07,0.0,0.0,0.0
R5_aB_m0,g3_d1_s4_snr30,956,191.2,True,4.734389722482746e-07,0.0,0.0,0.0
R5_aB_m0,g1_d1_s3_snr30,469,93.8,True,3.037774014558181e-07,0.0,0.0,0.0
R5_aB_m0,g0_d1_s0_snr10,440,88.0,True,3.0991951222025804e-07,0.0,0.0,0.0
R5_aB_m0,g3_d2_s3_snr30,956,191.2,True,4.734389722482746e-07,0.0,0.0,0.0
R5_aB_m0,g3_d2_s1_snr10,956,191.2,True,4.734389722482746e-07,0.0,0.0,0.0
R5_aB_m0,g2_d2_s4_snr30,927,185.4,True,2.833496928200674e-07,0.0,0.0,0.0
R5_aB_m0,g3_d0_s3_snr10,956,191.2,True,4.734389722482746e-07,0.0,0.0,0.0
R5_aB_m0,g2_d2_s3_snr30,927,185.4,True,2.833496928200674e-07,0.0,0.0,0.0
R5_aB_m0,g1_d1_s0_snr30,469,93.8,True,3.037774014558181e-07,0.0,0.0,0.0
R5_aB_m0,g0_d2_s3_snr30,440,88.0,True,3.0991951222025804e-07,0.0,0.0,0.0
R5_aB_m0,g1_d0_s4_snr30,469,93.8,True,3.037774014558181e-07,0.0,0.0,0.0
R5_aB_m0,g2_d0_s4_snr30,927,185.4,True,2.833496928200674e-07,0.0,0.0,0.0
R5_aB_m0,g0_d0_s0_snr30,440,88.0,True,3.0991951222025804e-07,0.0,0.0,0.0
R5_aB_m0,g3_d0_s2_snr10,956,191.2,True,4.734389722482746e-07,0.0,0.0,0.0
R5_aB_m0,g1_d2_s0_snr10,469,93.8,True,3.037774014558181e-07,0.0,0.0,0.0
R5_aB_m0,g3_d0_s0_snr10,956,191.2,True,4.734389722482746e-07,0.0,0.0,0.0
R5_aB_m0,g3_d0_s0_snr30,956,191.2,True,4.734389722482746e-07,0.0,0.0,0.0
R5_aB_m0,g1_d0_s1_snr30,469,93.8,True,3.037774014558181e-07,0.0,0.0,0.0
R5_aB_m0,g1_d0_s1_snr10,469,93.8,True,3.037774014558181e-07,0.0,0.0,0.0
R5_aB_m0,g3_d2_s2_snr30,956,191.2,True,4.734389722482746e-07,0.0,0.0,0.0
R5_aB_m0,g0_d0_s0_snr10,440,88.0,True,3.0991951222025804e-07,0.0,0.0,0.0
R5_aB_m0,g2_d1_s2_snr10,927,185.4,True,2.833496928200674e-07,0.0,0.0,0.0
R5_aB_m0,g2_d2_s2_snr30,927,185.4,True,2.833496928200674e-07,0.0,0.0,0.0
R5_aB_m0,g3_d1_s4_snr10,956,191.2,True,4.734389722482746e-07,0.0,0.0,0.0
R5_aB_m0,g2_d0_s3_snr10,927,185.4,True,2.833496928200674e-07,0.0,0.0,0.0
R5_aB_m0,g1_d2_s1_snr30,469,93.8,True,3.037774014558181e-07,0.0,0.0,0.0
R5_aB_m0,g1_d2_s1_snr10,469,93.8,True,3.037774014558181e-07,0.0,0.0,0.0
R5_aB_m0,g2_d1_s2_snr30,927,185.4,True,2.833496928200674e-07,0.0,0.0,0.0
R5_aB_m0,g0_d2_s3_snr10,440,88.0,True,3.0991951222025804e-07,0.0,0.0,0.0
R5_aB_m0,g1_d0_s3_snr10,469,93.8,True,3.037774014558181e-07,0.0,0.0,0.0
R5_aB_m0,g3_d0_s1_snr10,956,191.2,True,4.734389722482746e-07,0.0,0.0,0.0
R5_aB_m0,g2_d2_s0_snr10,927,185.4,True,2.833496928200674e-07,0.0,0.0,0.0
R5_aB_m0,g2_d0_s4_snr10,927,185.4,True,2.833496928200674e-07,0.0,0.0,0.0
R5_aB_m0,g0_d1_s1_snr30,440,88.0,True,3.0991951222025804e-07,0.0,0.0,0.0
R5_aB_m0,g1_d1_s1_snr10,469,93.8,True,3.037774014558181e-07,0.0,0.0,0.0
R5_aB_m0,g2_d2_s4_snr10,927,185.4,True,2.833496928200674e-07,0.0,0.0,0.0
R5_aB_m0,g0_d0_s1_snr30,440,88.0,True,3.0991951222025804e-07,0.0,0.0,0.0
R5_aB_m0,g0_d0_s2_snr10,440,88.0,True,3.0991951222025804e-07,0.0,0.0,0.0
R5_aB_m0,g2_d0_s2_snr30,927,185.4,True,2.833496928200674e-07,0.0,0.0,0.0
R5_aB_m0,g2_d2_s1_snr10,927,185.4,True,2.833496928200674e-07,0.0,0.0,0.0
R5_aB_m0,g0_d1_s4_snr30,440,88.0,True,3.0991951222025804e-07,0.0,0.0,0.0
R5_aB_m0,g0_d0_s4_snr10,440,88.0,True,3.0991951222025804e-07,0.0,0.0,0.0
R5_aB_m0,g2_d1_s3_snr30,927,185.4,True,2.833496928200674e-07,0.0,0.0,0.0
R5_aB_m0,g1_d0_s2_snr10,469,93.8,True,3.037774014558181e-07,0.0,0.0,0.0
R5_aB_m0,g3_d1_s3_snr10,956,191.2,True,4.734389722482746e-07,0.0,0.0,0.0
R5_aB_m0,g0_d1_s3_snr10,440,88.0,True,3.0991951222025804e-07,0.0,0.0,0.0
R5_aB_m0,g3_d2_s4_snr10,956,191.2,True,4.734389722482746e-07,0.0,0.0,0.0
R5_aB_m0,g0_d0_s4_snr30,440,88.0,True,3.0991951222025804e-07,0.0,0.0,0.0
R5_aB_m0,g3_d0_s3_snr30,956,191.2,True,4.734389722482746e-07,0.0,0.0,0.0
R5_aB_m0,g3_d1_s0_snr30,956,191.2,True,4.734389722482746e-07,0.0,0.0,0.0
R5_aB_m0,g2_d2_s2_snr10,927,185.4,True,2.833496928200674e-07,0.0,0.0,0.0
R5_aB_m0,g1_d1_s2_snr10,469,93.8,True,3.037774014558181e-07,0.0,0.0,0.0
R5_aB_m0,g0_d0_s3_snr30,440,88.0,True,3.0991951222025804e-07,0.0,0.0,0.0
R5_aB_m0,g1_d1_s2_snr30,469,93.8,True,3.037774014558181e-07,0.0,0.0,0.0
R5_aB_m0,g0_d1_s1_snr10,440,88.0,True,3.0991951222025804e-07,0.0,0.0,0.0
R5_aB_m0,g1_d2_s4_snr10,469,93.8,True,3.037774014558181e-07,0.0,0.0,0.0
R5_aB_m0,g3_d2_s2_snr10,956,191.2,True,4.734389722482746e-07,0.0,0.0,0.0
R5_aB_m0,g0_d0_s2_snr30,440,88.0,True,3.0991951222025804e-07,0.0,0.0,0.0
R5_aB_m0,g0_d1_s4_snr10,440,88.0,True,3.0991951222025804e-07,0.0,0.0,0.0
R5_aB_m0,g0_d2_s4_snr30,440,88.0,True,3.0991951222025804e-07,0.0,0.0,0.0
R5_aB_m0,g3_d2_s3_snr10,956,191.2,True,4.734389722482746e-07,0.0,0.0,0.0
R5_aB_m0,g1_d2_s3_snr30,469,93.8,True,3.037774014558181e-07,0.0,0.0,0.0
R5_aB_m0,g1_d0_s0_snr10,469,93.8,True,3.037774014558181e-07,0.0,0.0,0.0
R5_aB_m0,g2_d0_s1_snr10,927,185.4,True,2.833496928200674e-07,0.0,0.0,0.0
R5_aB_m0,g3_d0_s1_snr30,956,191.2,True,4.734389722482746e-07,0.0,0.0,0.0
R5_aB_m0,g0_d0_s3_snr10,440,88.0,True,3.0991951222025804e-07,0.0,0.0,0.0
R5_aB_m0,g3_d1_s0_snr10,956,191.2,True,4.734389722482746e-07,0.0,0.0,0.0
R5_aB_m0,g3_d2_s0_snr10,956,191.2,True,4.734389722482746e-07,0.0,0.0,0.0
R5_aB_m0,g1_d0_s3_snr30,469,93.8,True,3.037774014558181e-07,0.0,0.0,0.0
R5_aB_m0,g0_d1_s2_snr10,440,88.0,True,3.0991951222025804e-07,0.0,0.0,0.0
R5_aB_m0,g1_d1_s4_snr30,469,93.8,True,3.037774014558181e-07,0.0,0.0,0.0
R5_aB_m0,g2_d1_s1_snr10,927,185.4,True,2.833496928200674e-07,0.0,0.0,0.0
R5_aB_m0,g2_d1_s3_snr10,927,185.4,True,2.833496928200674e-07,0.0,0.0,0.0
R5_aB_m0,g3_d2_s4_snr30,956,191.2,True,4.734389722482746e-07,0.0,0.0,0.0
R5_aB_m0,g0_d2_s2_snr10,440,88.0,True,3.0991951222025804e-07,0.0,0.0,0.0
R5_aB_m0,g2_d1_s4_snr30,927,185.4,True,2.833496928200674e-07,0.0,0.0,0.0
R5_aB_m0,g1_d0_s2_snr30,469,93.8,True,3.037774014558181e-07,0.0,0.0,0.0
R5_aA_m0,g2_d0_s1_snr30,927,185.4,True,2.833496928200674e-07,0.0,0.0,0.0
R5_aA_m0,g1_d1_s3_snr10,469,93.8,True,3.037774014558181e-07,0.0,0.0,0.0
R5_aA_m0,g2_d0_s3_snr30,927,185.4,True,2.833496928200674e-07,0.0,0.0,0.0
R5_aA_m0,g0_d0_s1_snr10,440,88.0,True,3.0991951222025804e-07,0.0,0.0,0.0
R5_aA_m0,g0_d2_s1_snr30,440,88.0,True,3.0991951222025804e-07,0.0,0.0,0.0
R5_aA_m0,g0_d1_s2_snr30,440,88.0,True,3.0991951222025804e-07,0.0,0.0,0.0
R5_aA_m0,g3_d0_s2_snr30,956,191.2,True,4.734389722482746e-07,0.0,0.0,0.0
R5_aA_m0,g2_d2_s1_snr30,927,185.4,True,2.833496928200674e-07,0.0,0.0,0.0
R5_aA_m0,g1_d0_s4_snr10,469,93.8,True,3.037774014558181e-07,0.0,0.0,0.0
R5_aA_m0,g1_d0_s0_snr30,469,93.8,True,3.037774014558181e-07,0.0,0.0,0.0
R5_aA_m0,g2_d0_s0_snr10,927,185.4,True,2.833496928200674e-07,0.0,0.0,0.0
R5_aA_m0,g3_d1_s2_snr30,956,191.2,True,4.734389722482746e-07,0.0,0.0,0.0
R5_aA_m0,g2_d1_s4_snr10,927,185.4,True,2.833496928200674e-07,0.0,0.0,0.0
R5_aA_m0,g1_d1_s4_snr10,469,93.8,True,3.037774014558181e-07,0.0,0.0,0.0
R5_aA_m0,g2_d1_s1_snr30,927,185.4,True,2.833496928200674e-07,0.0,0.0,0.0
R5_aA_m0,g1_d1_s0_snr10,469,93.8,True,3.037774014558181e-07,0.0,0.0,0.0
R5_aA_m0,g3_d0_s4_snr10,956,191.2,True,4.734389722482746e-07,0.0,0.0,0.0
R5_aA_m0,g2_d0_s2_snr10,927,185.4,True,2.833496928200674e-07,0.0,0.0,0.0
R5_aA_m0,g2_d2_s0_snr30,927,185.4,True,2.833496928200674e-07,0.0,0.0,0.0
R5_aA_m0,g3_d1_s1_snr10,956,191.2,True,4.734389722482746e-07,0.0,0.0,0.0
R5_aA_m0,g3_d2_s0_snr30,956,191.2,True,4.734389722482746e-07,0.0,0.0,0.0
R5_aA_m0,g0_d2_s1_snr10,440,88.0,True,3.0991951222025804e-07,0.0,0.0,0.0
R5_aA_m0,g0_d1_s0_snr30,440,88.0,True,3.0991951222025804e-07,0.0,0.0,0.0
R5_aA_m0,g0_d2_s0_snr10,440,88.0,True,3.0991951222025804e-07,0.0,0.0,0.0
R5_aA_m0,g1_d2_s2_snr10,469,93.8,True,3.037774014558181e-07,0.0,0.0,0.0
R5_aA_m0,g2_d1_s0_snr10,927,185.4,True,2.833496928200674e-07,0.0,0.0,0.0
R5_aA_m0,g3_d1_s1_snr30,956,191.2,True,4.734389722482746e-07,0.0,0.0,0.0
R5_aA_m0,g3_d1_s2_snr10,956,191.2,True,4.734389722482746e-07,0.0,0.0,0.0
R5_aA_m0,g3_d1_s3_snr30,956,191.2,True,4.734389722482746e-07,0.0,0.0,0.0
R5_aA_m0,g1_d2_s2_snr30,469,93.8,True,3.037774014558181e-07,0.0,0.0,0.0
R5_aA_m0,g0_d1_s3_snr30,440,88.0,True,3.0991951222025804e-07,0.0,0.0,0.0
R5_aA_m0,g2_d0_s0_snr30,927,185.4,True,2.833496928200674e-07,0.0,0.0,0.0
R5_aA_m0,g1_d2_s4_snr30,469,93.8,True,3.037774014558181e-07,0.0,0.0,0.0
R5_aA_m0,g0_d2_s0_snr30,440,88.0,True,3.0991951222025804e-07,0.0,0.0,0.0
R5_aA_m0,g1_d1_s1_snr30,469,93.8,True,3.037774014558181e-07,0.0,0.0,0.0
R5_aA_m0,g2_d2_s3_snr10,927,185.4,True,2.833496928200674e-07,0.0,0.0,0.0
R5_aA_m0,g1_d2_s0_snr30,469,93.8,True,3.037774014558181e-07,0.0,0.0,0.0
R5_aA_m0,g0_d2_s2_snr30,440,88.0,True,3.0991951222025804e-07,0.0,0.0,0.0
R5_aA_m0,g3_d2_s1_snr30,956,191.2,True,4.734389722482746e-07,0.0,0.0,0.0
R5_aA_m0,g0_d2_s4_snr10,440,88.0,True,3.0991951222025804e-07,0.0,0.0,0.0
R5_aA_m0,g3_d0_s4_snr30,956,191.2,True,4.734389722482746e-07,0.0,0.0,0.0
R5_aA_m0,g2_d1_s0_snr30,927,185.4,True,2.833496928200674e-07,0.0,0.0,0.0
R5_aA_m0,g1_d2_s3_snr10,469,93.8,True,3.037774014558181e-07,0.0,0.0,0.0
R5_aA_m0,g3_d1_s4_snr30,956,191.2,True,4.734389722482746e-07,0.0,0.0,0.0
R5_aA_m0,g1_d1_s3_snr30,469,93.8,True,3.037774014558181e-07,0.0,0.0,0.0
R5_aA_m0,g0_d1_s0_snr10,440,88.0,True,3.0991951222025804e-07,0.0,0.0,0.0
R5_aA_m0,g3_d2_s3_snr30,956,191.2,True,4.734389722482746e-07,0.0,0.0,0.0
R5_aA_m0,g3_d2_s1_snr10,956,191.2,True,4.734389722482746e-07,0.0,0.0,0.0
R5_aA_m0,g2_d2_s4_snr30,927,185.4,True,2.833496928200674e-07,0.0,0.0,0.0
R5_aA_m0,g3_d0_s3_snr10,956,191.2,True,4.734389722482746e-07,0.0,0.0,0.0
R5_aA_m0,g2_d2_s3_snr30,927,185.4,True,2.833496928200674e-07,0.0,0.0,0.0
R5_aA_m0,g1_d1_s0_snr30,469,93.8,True,3.037774014558181e-07,0.0,0.0,0.0
R5_aA_m0,g0_d2_s3_snr30,440,88.0,True,3.0991951222025804e-07,0.0,0.0,0.0
R5_aA_m0,g1_d0_s4_snr30,469,93.8,True,3.037774014558181e-07,0.0,0.0,0.0
R5_aA_m0,g2_d0_s4_snr30,927,185.4,True,2.833496928200674e-07,0.0,0.0,0.0
R5_aA_m0,g0_d0_s0_snr30,440,88.0,True,3.0991951222025804e-07,0.0,0.0,0.0
R5_aA_m0,g3_d0_s2_snr10,956,191.2,True,4.734389722482746e-07,0.0,0.0,0.0
R5_aA_m0,g1_d2_s0_snr10,469,93.8,True,3.037774014558181e-07,0.0,0.0,0.0
R5_aA_m0,g3_d0_s0_snr10,956,191.2,True,4.734389722482746e-07,0.0,0.0,0.0
R5_aA_m0,g3_d0_s0_snr30,956,191.2,True,4.734389722482746e-07,0.0,0.0,0.0
R5_aA_m0,g1_d0_s1_snr30,469,93.8,True,3.037774014558181e-07,0.0,0.0,0.0
R5_aA_m0,g1_d0_s1_snr10,469,93.8,True,3.037774014558181e-07,0.0,0.0,0.0
R5_aA_m0,g3_d2_s2_snr30,956,191.2,True,4.734389722482746e-07,0.0,0.0,0.0
R5_aA_m0,g0_d0_s0_snr10,440,88.0,True,3.0991951222025804e-07,0.0,0.0,0.0
R5_aA_m0,g2_d1_s2_snr10,927,185.4,True,2.833496928200674e-07,0.0,0.0,0.0
R5_aA_m0,g2_d2_s2_snr30,927,185.4,True,2.833496928200674e-07,0.0,0.0,0.0
R5_aA_m0,g3_d1_s4_snr10,956,191.2,True,4.734389722482746e-07,0.0,0.0,0.0
R5_aA_m0,g2_d0_s3_snr10,927,185.4,True,2.833496928200674e-07,0.0,0.0,0.0
R5_aA_m0,g1_d2_s1_snr30,469,93.8,True,3.037774014558181e-07,0.0,0.0,0.0
R5_aA_m0,g1_d2_s1_snr10,469,93.8,True,3.037774014558181e-07,0.0,0.0,0.0
R5_aA_m0,g2_d1_s2_snr30,927,185.4,True,2.833496928200674e-07,0.0,0.0,0.0
R5_aA_m0,g0_d2_s3_snr10,440,88.0,True,3.0991951222025804e-07,0.0,0.0,0.0
R5_aA_m0,g1_d0_s3_snr10,469,93.8,True,3.037774014558181e-07,0.0,0.0,0.0
R5_aA_m0,g3_d0_s1_snr10,956,191.2,True,4.734389722482746e-07,0.0,0.0,0.0
R5_aA_m0,g2_d2_s0_snr10,927,185.4,True,2.833496928200674e-07,0.0,0.0,0.0
R5_aA_m0,g2_d0_s4_snr10,927,185.4,True,2.833496928200674e-07,0.0,0.0,0.0
R5_aA_m0,g0_d1_s1_snr30,440,88.0,True,3.0991951222025804e-07,0.0,0.0,0.0
R5_aA_m0,g1_d1_s1_snr10,469,93.8,True,3.037774014558181e-07,0.0,0.0,0.0
R5_aA_m0,g2_d2_s4_snr10,927,185.4,True,2.833496928200674e-07,0.0,0.0,0.0
R5_aA_m0,g0_d0_s1_snr30,440,88.0,True,3.0991951222025804e-07,0.0,0.0,0.0
R5_aA_m0,g0_d0_s2_snr10,440,88.0,True,3.0991951222025804e-07,0.0,0.0,0.0
R5_aA_m0,g2_d0_s2_snr30,927,185.4,True,2.833496928200674e-07,0.0,0.0,0.0
R5_aA_m0,g2_d2_s1_snr10,927,185.4,True,2.833496928200674e-07,0.0,0.0,0.0
R5_aA_m0,g0_d1_s4_snr30,440,88.0,True,3.0991951222025804e-07,0.0,0.0,0.0
R5_aA_m0,g0_d0_s4_snr10,440,88.0,True,3.0991951222025804e-07,0.0,0.0,0.0
R5_aA_m0,g2_d1_s3_snr30,927,185.4,True,2.833496928200674e-07,0.0,0.0,0.0
R5_aA_m0,g1_d0_s2_snr10,469,93.8,True,3.037774014558181e-07,0.0,0.0,0.0
R5_aA_m0,g3_d1_s3_snr10,956,191.2,True,4.734389722482746e-07,0.0,0.0,0.0
R5_aA_m0,g0_d1_s3_snr10,440,88.0,True,3.0991951222025804e-07,0.0,0.0,0.0
R5_aA_m0,g3_d2_s4_snr10,956,191.2,True,4.734389722482746e-07,0.0,0.0,0.0
R5_aA_m0,g0_d0_s4_snr30,440,88.0,True,3.0991951222025804e-07,0.0,0.0,0.0
R5_aA_m0,g3_d0_s3_snr30,956,191.2,True,4.734389722482746e-07,0.0,0.0,0.0
R5_aA_m0,g3_d1_s0_snr30,956,191.2,True,4.734389722482746e-07,0.0,0.0,0.0
R5_aA_m0,g2_d2_s2_snr10,927,185.4,True,2.833496928200674e-07,0.0,0.0,0.0
R5_aA_m0,g1_d1_s2_snr10,469,93.8,True,3.037774014558181e-07,0.0,0.0,0.0
R5_aA_m0,g0_d0_s3_snr30,440,88.0,True,3.0991951222025804e-07,0.0,0.0,0.0
R5_aA_m0,g1_d1_s2_snr30,469,93.8,True,3.037774014558181e-07,0.0,0.0,0.0
R5_aA_m0,g0_d1_s1_snr10,440,88.0,True,3.0991951222025804e-07,0.0,0.0,0.0
R5_aA_m0,g1_d2_s4_snr10,469,93.8,True,3.037774014558181e-07,0.0,0.0,0.0
R5_aA_m0,g3_d2_s2_snr10,956,191.2,True,4.734389722482746e-07,0.0,0.0,0.0
R5_aA_m0,g0_d0_s2_snr30,440,88.0,True,3.0991951222025804e-07,0.0,0.0,0.0
R5_aA_m0,g0_d1_s4_snr10,440,88.0,True,3.0991951222025804e-07,0.0,0.0,0.0
R5_aA_m0,g0_d2_s4_snr30,440,88.0,True,3.0991951222025804e-07,0.0,0.0,0.0
R5_aA_m0,g3_d2_s3_snr10,956,191.2,True,4.734389722482746e-07,0.0,0.0,0.0
R5_aA_m0,g1_d2_s3_snr30,469,93.8,True,3.037774014558181e-07,0.0,0.0,0.0
R5_aA_m0,g1_d0_s0_snr10,469,93.8,True,3.037774014558181e-07,0.0,0.0,0.0
R5_aA_m0,g2_d0_s1_snr10,927,185.4,True,2.833496928200674e-07,0.0,0.0,0.0
R5_aA_m0,g3_d0_s1_snr30,956,191.2,True,4.734389722482746e-07,0.0,0.0,0.0
R5_aA_m0,g0_d0_s3_snr10,440,88.0,True,3.0991951222025804e-07,0.0,0.0,0.0
R5_aA_m0,g3_d1_s0_snr10,956,191.2,True,4.734389722482746e-07,0.0,0.0,0.0
R5_aA_m0,g3_d2_s0_snr10,956,191.2,True,4.734389722482746e-07,0.0,0.0,0.0
R5_aA_m0,g1_d0_s3_snr30,469,93.8,True,3.037774014558181e-07,0.0,0.0,0.0
R5_aA_m0,g0_d1_s2_snr10,440,88.0,True,3.0991951222025804e-07,0.0,0.0,0.0
R5_aA_m0,g1_d1_s4_snr30,469,93.8,True,3.037774014558181e-07,0.0,0.0,0.0
R5_aA_m0,g2_d1_s1_snr10,927,185.4,True,2.833496928200674e-07,0.0,0.0,0.0
R5_aA_m0,g2_d1_s3_snr10,927,185.4,True,2.833496928200674e-07,0.0,0.0,0.0
R5_aA_m0,g3_d2_s4_snr30,956,191.2,True,4.734389722482746e-07,0.0,0.0,0.0
R5_aA_m0,g0_d2_s2_snr10,440,88.0,True,3.0991951222025804e-07,0.0,0.0,0.0
R5_aA_m0,g2_d1_s4_snr30,927,185.4,True,2.833496928200674e-07,0.0,0.0,0.0
R5_aA_m0,g1_d0_s2_snr30,469,93.8,True,3.037774014558181e-07,0.0,0.0,0.0
R4_aB_m0,g4_d0_s3_snr30,255,51.0,True,3.884753638772054e-07,0.0,0.0,0.0
R4_aB_m0,g4_d1_s1_snr10,255,51.0,True,3.884753638772054e-07,0.0,0.0,0.0
R4_aB_m0,g4_d1_s3_snr30,255,51.0,True,3.884753638772054e-07,0.0,0.0,0.0
R4_aB_m0,g11_d2_s0_snr30,633,126.6,True,2.989927097019063e-07,0.0,0.0,0.0
R4_aB_m0,g8_d0_s0_snr10,471,94.2,True,4.775610733531721e-07,0.0,0.0,0.0
R4_aB_m0,g5_d0_s1_snr30,309,61.8,True,3.647221760161301e-07,0.0,0.0,0.0
R4_aB_m0,g9_d0_s4_snr10,525,105.0,True,3.3579204083977743e-07,0.0,0.0,0.0
R4_aB_m0,g7_d2_s4_snr10,417,83.4,True,3.775107023096247e-07,0.0,0.0,0.0
R4_aB_m0,g7_d1_s0_snr10,417,83.4,True,3.775107023096247e-07,0.0,0.0,0.0
R4_aB_m0,g6_d0_s0_snr10,363,72.60000000000001,True,4.317763711014777e-07,0.0,0.0,0.0
R4_aB_m0,g12_d0_s0_snr10,687,137.4,True,3.006837729913059e-07,0.0,0.0,0.0
R4_aB_m0,g4_d2_s1_snr10,255,51.0,True,3.884753638772054e-07,0.0,0.0,0.0
R4_aB_m0,g5_d2_s1_snr30,309,61.8,True,3.647221760161301e-07,0.0,0.0,0.0
R4_aB_m0,g10_d1_s2_snr30,579,115.8,True,4.6333533454401277e-07,0.0,0.0,0.0
R4_aB_m0,g9_d0_s3_snr30,525,105.0,True,3.3579204083977743e-07,0.0,0.0,0.0
R4_aB_m0,g8_d0_s2_snr30,471,94.2,True,4.775610733531721e-07,0.0,0.0,0.0
R4_aB_m0,g4_d0_s0_snr10,255,51.0,True,3.884753638772054e-07,0.0,0.0,0.0
R4_aB_m0,g6_d1_s4_snr30,363,72.60000000000001,True,4.317763711014777e-07,0.0,0.0,0.0
R4_aB_m0,g3_d0_s2_snr30,201,40.2,True,4.685290527217667e-07,0.0,0.0,0.0
R4_aB_m0,g8_d2_s4_snr10,471,94.2,True,4.775610733531721e-07,0.0,0.0,0.0
R4_aB_m0,g11_d2_s0_snr10,633,126.6,True,2.989927097019063e-07,0.0,0.0,0.0
R4_aB_m0,g8_d1_s2_snr10,471,94.2,True,4.775610733531721e-07,0.0,0.0,0.0
R4_aB_m0,g10_d0_s1_snr30,579,115.8,True,4.6333533454401277e-07,0.0,0.0,0.0
R4_aB_m0,g7_d0_s1_snr10,417,83.4,True,3.775107023096247e-07,0.0,0.0,0.0
R4_aB_m0,g4_d1_s4_snr30,255,51.0,True,3.884753638772054e-07,0.0,0.0,0.0
R4_aB_m0,g3_d1_s2_snr30,201,40.2,True,4.685290527217667e-07,0.0,0.0,0.0
R4_aB_m0,g8_d1_s1_snr30,471,94.2,True,4.775610733531721e-07,0.0,0.0,0.0
R4_aB_m0,g8_d2_s3_snr30,471,94.2,True,4.775610733531721e-07,0.0,0.0,0.0
R4_aB_m0,g6_d0_s3_snr30,363,72.60000000000001,True,4.317763711014777e-07,0.0,0.0,0.0
R4_aB_m0,g11_d2_s4_snr30,633,126.6,True,2.989927097019063e-07,0.0,0.0,0.0
R4_aB_m0,g4_d1_s3_snr10,255,51.0,True,3.884753638772054e-07,0.0,0.0,0.0
R4_aB_m0,g9_d1_s0_snr10,525,105.0,True,3.3579204083977743e-07,0.0,0.0,0.0
R4_aB_m0,g4_d0_s1_snr30,255,51.0,True,3.884753638772054e-07,0.0,0.0,0.0
R4_aB_m0,g6_d0_s1_snr30,363,72.60000000000001,True,4.317763711014777e-07,0.0,0.0,0.0
R4_aB_m0,g11_d0_s4_snr10,633,126.6,True,2.989927097019063e-07,0.0,0.0,0.0
R4_aB_m0,g8_d1_s3_snr10,471,94.2,True,4.775610733531721e-07,0.0,0.0,0.0
R4_aB_m0,g12_d0_s3_snr10,687,137.4,True,3.006837729913059e-07,0.0,0.0,0.0
R4_aB_m0,g9_d2_s4_snr30,525,105.0,True,3.3579204083977743e-07,0.0,0.0,0.0
R4_aB_m0,g3_d0_s4_snr10,201,40.2,True,4.685290527217667e-07,0.0,0.0,0.0
R4_aB_m0,g12_d2_s2_snr10,687,137.4,True,3.006837729913059e-07,0.0,0.0,0.0
R4_aB_m0,g7_d0_s1_snr30,417,83.4,True,3.775107023096247e-07,0.0,0.0,0.0
R4_aB_m0,g5_d0_s1_snr10,309,61.8,True,3.647221760161301e-07,0.0,0.0,0.0
R4_aB_m0,g11_d1_s0_snr10,633,126.6,True,2.989927097019063e-07,0.0,0.0,0.0
R4_aB_m0,g7_d1_s4_snr30,417,83.4,True,3.775107023096247e-07,0.0,0.0,0.0
R4_aB_m0,g9_d2_s3_snr10,525,105.0,True,3.3579204083977743e-07,0.0,0.0,0.0
R4_aB_m0,g7_d2_s1_snr30,417,83.4,True,3.775107023096247e-07,0.0,0.0,0.0
R4_aB_m0,g12_d1_s3_snr30,687,137.4,True,3.006837729913059e-07,0.0,0.0,0.0
R4_aB_m0,g10_d1_s4_snr30,579,115.8,True,4.6333533454401277e-07,0.0,0.0,0.0
R4_aB_m0,g3_d1_s1_snr10,201,40.2,True,4.685290527217667e-07,0.0,0.0,0.0
R4_aB_m0,g3_d2_s0_snr30,201,40.2,True,4.685290527217667e-07,0.0,0.0,0.0
R4_aB_m0,g4_d0_s1_snr10,255,51.0,True,3.884753638772054e-07,0.0,0.0,0.0
R4_aB_m0,g8_d2_s0_snr10,471,94.2,True,4.775610733531721e-07,0.0,0.0,0.0
R4_aB_m0,g12_d2_s0_snr10,687,137.4,True,3.006837729913059e-07,0.0,0.0,0.0
R4_aB_m0,g10_d0_s1_snr10,579,115.8,True,4.6333533454401277e-07,0.0,0.0,0.0
R4_aB_m0,g12_d1_s2_snr10,687,137.4,True,3.006837729913059e-07,0.0,0.0,0.0
R4_aB_m0,g5_d0_s4_snr30,309,61.8,True,3.647221760161301e-07,0.0,0.0,0.0
R4_aB_m0,g11_d2_s4_snr10,633,126.6,True,2.989927097019063e-07,0.0,0.0,0.0
R4_aB_m0,g8_d2_s0_snr30,471,94.2,True,4.775610733531721e-07,0.0,0.0,0.0
R4_aB_m0,g8_d0_s0_snr30,471,94.2,True,4.775610733531721e-07,0.0,0.0,0.0
R4_aB_m0,g7_d0_s3_snr30,417,83.4,True,3.775107023096247e-07,0.0,0.0,0.0
R4_aB_m0,g10_d2_s2_snr30,579,115.8,True,4.6333533454401277e-07,0.0,0.0,0.0
R4_aB_m0,g11_d1_s3_snr10,633,126.6,True,2.989927097019063e-07,0.0,0.0,0.0
R4_aB_m0,g4_d0_s2_snr10,255,51.0,True,3.884753638772054e-07,0.0,0.0,0.0
R4_aB_m0,g10_d0_s0_snr10,579,115.8,True,4.6333533454401277e-07,0.0,0.0,0.0
R4_aB_m0,g12_d0_s4_snr30,687,137.4,True,3.006837729913059e-07,0.0,0.0,0.0
R4_aB_m0,g10_d2_s0_snr30,579,115.8,True,4.6333533454401277e-07,0.0,0.0,0.0
R4_aB_m0,g3_d1_s1_snr30,201,40.2,True,4.685290527217667e-07,0.0,0.0,0.0
R4_aB_m0,g6_d2_s0_snr30,363,72.60000000000001,True,4.317763711014777e-07,0.0,0.0,0.0
R4_aB_m0,g3_d1_s2_snr10,201,40.2,True,4.685290527217667e-07,0.0,0.0,0.0
R4_aB_m0,g3_d1_s3_snr30,201,40.2,True,4.685290527217667e-07,0.0,0.0,0.0
R4_aB_m0,g5_d2_s4_snr30,309,61.8,True,3.647221760161301e-07,0.0,0.0,0.0
R4_aB_m0,g7_d2_s1_snr10,417,83.4,True,3.775107023096247e-07,0.0,0.0,0.0
R4_aB_m0,g8_d2_s2_snr30,471,94.2,True,4.775610733531721e-07,0.0,0.0,0.0
R4_aB_m0,g4_d1_s0_snr10,255,51.0,True,3.884753638772054e-07,0.0,0.0,0.0
R4_aB_m0,g7_d0_s4_snr30,417,83.4,True,3.775107023096247e-07,0.0,0.0,0.0
R4_aB_m0,g9_d1_s4_snr30,525,105.0,True,3.3579204083977743e-07,0.0,0.0,0.0
R4_aB_m0,g9_d2_s2_snr10,525,105.0,True,3.3579204083977743e-07,0.0,0.0,0.0
R4_aB_m0,g11_d0_s3_snr30,633,126.6,True,2.989927097019063e-07,0.0,0.0,0.0
R4_aB_m0,g5_d0_s2_snr30,309,61.8,True,3.647221760161301e-07,0.0,0.0,0.0
R4_aB_m0,g11_d2_s3_snr10,633,126.6,True,2.989927097019063e-07,0.0,0.0,0.0
R4_aB_m0,g4_d2_s1_snr30,255,51.0,True,3.884753638772054e-07,0.0,0.0,0.0
R4_aB_m0,g9_d0_s1_snr10,525,105.0,True,3.3579204083977743e-07,0.0,0.0,0.0
R4_aB_m0,g12_d1_s2_snr30,687,137.4,True,3.006837729913059e-07,0.0,0.0,0.0
R4_aB_m0,g9_d0_s2_snr10,525,105.0,True,3.3579204083977743e-07,0.0,0.0,0.0
R4_aB_m0,g10_d1_s3_snr30,579,115.8,True,4.6333533454401277e-07,0.0,0.0,0.0
R4_aB_m0,g12_d1_s0_snr30,687,137.4,True,3.006837729913059e-07,0.0,0.0,0.0
R4_aB_m0,g7_d1_s1_snr30,417,83.4,True,3.775107023096247e-07,0.0,0.0,0.0
R4_aB_m0,g6_d1_s3_snr10,363,72.60000000000001,True,4.317763711014777e-07,0.0,0.0,0.0
R4_aB_m0,g10_d1_s0_snr10,579,115.8,True,4.6333533454401277e-07,0.0,0.0,0.0
R4_aB_m0,g6_d0_s2_snr30,363,72.60000000000001,True,4.317763711014777e-07,0.0,0.0,0.0
R4_aB_m0,g10_d2_s1_snr10,579,115.8,True,4.6333533454401277e-07,0.0,0.0,0.0
R4_aB_m0,g3_d2_s1_snr30,201,40.2,True,4.685290527217667e-07,0.0,0.0,0.0
R4_aB_m0,g7_d2_s4_snr30,417,83.4,True,3.775107023096247e-07,0.0,0.0,0.0
R4_aB_m0,g6_d2_s1_snr30,363,72.60000000000001,True,4.317763711014777e-07,0.0,0.0,0.0
R4_aB_m0,g10_d0_s3_snr10,579,115.8,True,4.6333533454401277e-07,0.0,0.0,0.0
R4_aB_m0,g5_d2_s4_snr10,309,61.8,True,3.647221760161301e-07,0.0,0.0,0.0
R4_aB_m0,g11_d0_s2_snr30,633,126.6,True,2.989927097019063e-07,0.0,0.0,0.0
R4_aB_m0,g7_d1_s1_snr10,417,83.4,True,3.775107023096247e-07,0.0,0.0,0.0
R4_aB_m0,g6_d1_s2_snr30,363,72.60000000000001,True,4.317763711014777e-07,0.0,0.0,0.0
R4_aB_m0,g5_d2_s2_snr30,309,61.8,True,3.647221760161301e-07,0.0,0.0,0.0
R4_aB_m0,g8_d1_s0_snr30,471,94.2,True,4.775610733531721e-07,0.0,0.0,0.0
R4_aB_m0,g12_d1_s1_snr10,687,137.4,True,3.006837729913059e-07,0.0,0.0,0.0
R4_aB_m0,g7_d0_s3_snr10,417,83.4,True,3.775107023096247e-07,0.0,0.0,0.0
R4_aB_m0,g9_d0_s2_snr30,525,105.0,True,3.3579204083977743e-07,0.0,0.0,0.0
R4_aB_m0,g11_d2_s1_snr30,633,126.6,True,2.989927097019063e-07,0.0,0.0,0.0
R4_aB_m0,g10_d0_s2_snr10,579,115.8,True,4.6333533454401277e-07,0.0,0.0,0.0
R4_aB_m0,g3_d0_s4_snr30,201,40.2,True,4.685290527217667e-07,0.0,0.0,0.0
R4_aB_m0,g11_d1_s3_snr30,633,126.6,True,2.989927097019063e-07,0.0,0.0,0.0
R4_aB_m0,g12_d2_s3_snr10,687,137.4,True,3.006837729913059e-07,0.0,0.0,0.0
R4_aB_m0,g8_d2_s4_snr30,471,94.2,True,4.775610733531721e-07,0.0,0.0,0.0
R4_aB_m0,g9_d0_s0_snr10,525,105.0,True,3.3579204083977743e-07,0.0,0.0,0.0
R4_aB_m0,g6_d2_s2_snr10,363,72.60000000000001,True,4.317763711014777e-07,0.0,0.0,0.0
R4_aB_m0,g6_d1_s4_snr10,363,72.60000000000001,True,4.317763711014777e-07,0.0,0.0,0.0
R4_aB_m0,g3_d1_s4_snr30,201,40.2,True,4.685290527217667e-07,0.0,0.0,0.0
R4_aB_m0,g5_d1_s1_snr10,309,61.8,True,3.647221760161301e-07,0.0,0.0,0.0
R4_aB_m0,g7_d1_s3_snr10,417,83.4,True,3.775107023096247e-07,0.0,0.0,0.0
R4_aB_m0,g6_d2_s1_snr10,363,72.60000000000001,True,4.317763711014777e-07,0.0,0.0,0.0
R4_aB_m0,g5_d2_s0_snr30,309,61.8,True,3.647221760161301e-07,0.0,0.0,0.0
R4_aB_m0,g9_d1_s1_snr10,525,105.0,True,3.3579204083977743e-07,0.0,0.0,0.0
R4_aB_m0,g4_d2_s2_snr30,255,51.0,True,3.884753638772054e-07,0.0,0.0,0.0
R4_aB_m0,g4_d1_s2_snr10,255,51.0,True,3.884753638772054e-07,0.0,0.0,0.0
R4_aB_m0,g3_d2_s3_snr30,201,40.2,True,4.685290527217667e-07,0.0,0.0,0.0
R4_aB_m0,g4_d2_s3_snr10,255,51.0,True,3.884753638772054e-07,0.0,0.0,0.0
R4_aB_m0,g12_d1_s4_snr30,687,137.4,True,3.006837729913059e-07,0.0,0.0,0.0
R4_aB_m0,g3_d2_s1_snr10,201,40.2,True,4.685290527217667e-07,0.0,0.0,0.0
R4_aB_m0,g9_d1_s3_snr10,525,105.0,True,3.3579204083977743e-07,0.0,0.0,0.0
R4_aB_m0,g8_d0_s2_snr10,471,94.2,True,4.775610733531721e-07,0.0,0.0,0.0
R4_aB_m0,g9_d2_s2_snr30,525,105.0,True,3.3579204083977743e-07,0.0,0.0,0.0
R4_aB_m0,g7_d0_s4_snr10,417,83.4,True,3.775107023096247e-07,0.0,0.0,0.0
R4_aB_m0,g5_d1_s0_snr30,309,61.8,True,3.647221760161301e-07,0.0,0.0,0.0
R4_aB_m0,g12_d0_s3_snr30,687,137.4,True,3.006837729913059e-07,0.0,0.0,0.0
R4_aB_m0,g8_d0_s4_snr10,471,94.2,True,4.775610733531721e-07,0.0,0.0,0.0
R4_aB_m0,g10_d2_s4_snr30,579,115.8,True,4.6333533454401277e-07,0.0,0.0,0.0
R4_aB_m0,g5_d1_s4_snr30,309,61.8,True,3.647221760161301e-07,0.0,0.0,0.0
R4_aB_m0,g7_d2_s2_snr30,417,83.4,True,3.775107023096247e-07,0.0,0.0,0.0
R4_aB_m0,g3_d0_s3_snr10,201,40.2,True,4.685290527217667e-07,0.0,0.0,0.0
R4_aB_m0,g12_d0_s1_snr10,687,137.4,True,3.006837729913059e-07,0.0,0.0,0.0
R4_aB_m0,g7_d2_s3_snr10,417,83.4,True,3.775107023096247e-07,0.0,0.0,0.0
R4_aB_m0,g4_d0_s3_snr10,255,51.0,True,3.884753638772054e-07,0.0,0.0,0.0
R4_aB_m0,g11_d1_s4_snr10,633,126.6,True,2.989927097019063e-07,0.0,0.0,0.0
R4_aB_m0,g5_d0_s3_snr10,309,61.8,True,3.647221760161301e-07,0.0,0.0,0.0
R4_aB_m0,g7_d0_s2_snr30,417,83.4,True,3.775107023096247e-07,0.0,0.0,0.0
R4_aB_m0,g3_d0_s2_snr10,201,40.2,True,4.685290527217667e-07,0.0,0.0,0.0
R4_aB_m0,g11_d1_s1_snr10,633,126.6,True,2.989927097019063e-07,0.0,0.0,0.0
R4_aB_m0,g12_d2_s3_snr30,687,137.4,True,3.006837729913059e-07,0.0,0.0,0.0
R4_aB_m0,g7_d0_s2_snr10,417,83.4,True,3.775107023096247e-07,0.0,0.0,0.0
R4_aB_m0,g7_d2_s0_snr30,417,83.4,True,3.775107023096247e-07,0.0,0.0,0.0
R4_aB_m0,g4_d2_s2_snr10,255,51.0,True,3.884753638772054e-07,0.0,0.0,0.0
R4_aB_m0,g9_d1_s0_snr30,525,105.0,True,3.3579204083977743e-07,0.0,0.0,0.0
R4_aB_m0,g9_d2_s0_snr30,525,105.0,True,3.3579204083977743e-07,0.0,0.0,0.0
R4_aB_m0,g11_d2_s2_snr10,633,126.6,True,2.989927097019063e-07,0.0,0.0,0.0
R4_aB_m0,g5_d1_s2_snr10,309,61.8,True,3.647221760161301e-07,0.0,0.0,0.0
R4_aB_m0,g3_d0_s0_snr10,201,40.2,True,4.685290527217667e-07,0.0,0.0,0.0
R4_aB_m0,g12_d0_s4_snr10,687,137.4,True,3.006837729913059e-07,0.0,0.0,0.0
R4_aB_m0,g6_d2_s3_snr10,363,72.60000000000001,True,4.317763711014777e-07,0.0,0.0,0.0
R4_aB_m0,g6_d0_s0_snr30,363,72.60000000000001,True,4.317763711014777e-07,0.0,0.0,0.0
R4_aB_m0,g10_d0_s4_snr30,579,115.8,True,4.6333533454401277e-07,0.0,0.0,0.0
R4_aB_m0,g5_d2_s1_snr10,309,61.8,True,3.647221760161301e-07,0.0,0.0,0.0
R4_aB_m0,g11_d0_s3_snr10,633,126.6,True,2.989927097019063e-07,0.0,0.0,0.0
R4_aB_m0,g6_d0_s4_snr30,363,72.60000000000001,True,4.317763711014777e-07,0.0,0.0,0.0
R4_aB_m0,g3_d0_s0_snr30,201,40.2,True,4.685290527217667e-07,0.0,0.0,0.0
R4_aB_m0,g6_d0_s3_snr10,363,72.60000000000001,True,4.317763711014777e-07,0.0,0.0,0.0
R4_aB_m0,g6_d1_s2_snr10,363,72.60000000000001,True,4.317763711014777e-07,0.0,0.0,0.0
R4_aB_m0,g10_d2_s3_snr10,579,115.8,True,4.6333533454401277e-07,0.0,0.0,0.0
R4_aB_m0,g3_d2_s2_snr30,201,40.2,True,4.685290527217667e-07,0.0,0.0,0.0
R4_aB_m0,g11_d2_s1_snr10,633,126.6,True,2.989927097019063e-07,0.0,0.0,0.0
R4_aB_m0,g12_d2_s4_snr10,687,137.4,True,3.006837729913059e-07,0.0,0.0,0.0
R4_aB_m0,g12_d2_s1_snr30,687,137.4,True,3.006837729913059e-07,0.0,0.0,0.0
R4_aB_m0,g6_d2_s0_snr10,363,72.60000000000001,True,4.317763711014777e-07,0.0,0.0,0.0
R4_aB_m0,g8_d1_s3_snr30,471,94.2,True,4.775610733531721e-07,0.0,0.0,0.0
R4_aB_m0,g8_d1_s1_snr10,471,94.2,True,4.775610733531721e-07,0.0,0.0,0.0
R4_aB_m0,g5_d1_s3_snr30,309,61.8,True,3.647221760161301e-07,0.0,0.0,0.0
R4_aB_m0,g7_d0_s0_snr30,417,83.4,True,3.775107023096247e-07,0.0,0.0,0.0
R4_aB_m0,g10_d1_s4_snr10,579,115.8,True,4.6333533454401277e-07,0.0,0.0,0.0
R4_aB_m0,g7_d1_s3_snr30,417,83.4,True,3.775107023096247e-07,0.0,0.0,0.0
R4_aB_m0,g7_d1_s2_snr30,417,83.4,True,3.775107023096247e-07,0.0,0.0,0.0
R4_aB_m0,g9_d1_s2_snr30,525,105.0,True,3.3579204083977743e-07,0.0,0.0,0.0
R4_aB_m0,g9_d0_s3_snr10,525,105.0,True,3.3579204083977743e-07,0.0,0.0,0.0
R4_aB_m0,g4_d1_s4_snr10,255,51.0,True,3.884753638772054e-07,0.0,0.0,0.0
R4_aB_m0,g3_d1_s4_snr10,201,40.2,True,4.685290527217667e-07,0.0,0.0,0.0
R4_aB_m0,g9_d0_s1_snr30,525,105.0,True,3.3579204083977743e-07,0.0,0.0,0.0
R4_aB_m0,g5_d0_s4_snr10,309,61.8,True,3.647221760161301e-07,0.0,0.0,0.0
R4_aB_m0,g6_d0_s2_snr10,363,72.60000000000001,True,4.317763711014777e-07,0.0,0.0,0.0
R4_aB_m0,g12_d0_s2_snr10,687,137.4,True,3.006837729913059e-07,0.0,0.0,0.0
R4_aB_m0,g11_d0_s0_snr30,633,126.6,True,2.989927097019063e-07,0.0,0.0,0.0
R4_aB_m0,g10_d1_s0_snr30,579,115.8,True,4.6333533454401277e-07,0.0,0.0,0.0
R4_aB_m0,g4_d2_s4_snr30,255,51.0,True,3.884753638772054e-07,0.0,0.0,0.0
R4_aB_m0,g12_d0_s0_snr30,687,137.4,True,3.006837729913059e-07,0.0,0.0,0.0
R4_aB_m0,g4_d1_s0_snr30,255,51.0,True,3.884753638772054e-07,0.0,0.0,0.0
R4_aB_m0,g4_d2_s4_snr10,255,51.0,True,3.884753638772054e-07,0.0,0.0,0.0
R4_aB_m0,g5_d2_s0_snr10,309,61.8,True,3.647221760161301e-07,0.0,0.0,0.0
R4_aB_m0,g12_d2_s1_snr10,687,137.4,True,3.006837729913059e-07,0.0,0.0,0.0
R4_aB_m0,g12_d1_s3_snr10,687,137.4,True,3.006837729913059e-07,0.0,0.0,0.0
R4_aB_m0,g9_d2_s3_snr30,525,105.0,True,3.3579204083977743e-07,0.0,0.0,0.0
R4_aB_m0,g12_d0_s1_snr30,687,137.4,True,3.006837729913059e-07,0.0,0.0,0.0
R4_aB_m0,g5_d1_s1_snr30,309,61.8,True,3.647221760161301e-07,0.0,0.0,0.0
R4_aB_m0,g12_d2_s2_snr30,687,137.4,True,3.006837729913059e-07,0.0,0.0,0.0
R4_aB_m0,g8_d1_s2_snr30,471,94.2,True,4.775610733531721e-07,0.0,0.0,0.0
R4_aB_m0,g5_d2_s3_snr10,309,61.8,True,3.647221760161301e-07,0.0,0.0,0.0
R4_aB_m0,g10_d2_s4_snr10,579,115.8,True,4.6333533454401277e-07,0.0,0.0,0.0
R4_aB_m0,g9_d1_s2_snr10,525,105.0,True,3.3579204083977743e-07,0.0,0.0,0.0
R4_aB_m0,g8_d0_s3_snr30,471,94.2,True,4.775610733531721e-07,0.0,0.0,0.0
R4_aB_m0,g3_d0_s1_snr10,201,40.2,True,4.685290527217667e-07,0.0,0.0,0.0
R4_aB_m0,g9_d2_s1_snr30,525,105.0,True,3.3579204083977743e-07,0.0,0.0,0.0
R4_aB_m0,g11_d1_s2_snr10,633,126.6,True,2.989927097019063e-07,0.0,0.0,0.0
R4_aB_m0,g12_d0_s2_snr30,687,137.4,True,3.006837729913059e-07,0.0,0.0,0.0
R4_aB_m0,g8_d2_s2_snr10,471,94.2,True,4.775610733531721e-07,0.0,0.0,0.0
R4_aB_m0,g12_d1_s0_snr10,687,137.4,True,3.006837729913059e-07,0.0,0.0,0.0
R4_aB_m0,g5_d0_s3_snr30,309,61.8,True,3.647221760161301e-07,0.0,0.0,0.0
R4_aB_m0,g4_d0_s0_snr30,255,51.0,True,3.884753638772054e-07,0.0,0.0,0.0
R4_aB_m0,g6_d1_s0_snr10,363,72.60000000000001,True,4.317763711014777e-07,0.0,0.0,0.0
R4_aB_m0,g8_d2_s3_snr10,471,94.2,True,4.775610733531721e-07,0.0,0.0,0.0
R4_aB_m0,g9_d2_s0_snr10,525,105.0,True,3.3579204083977743e-07,0.0,0.0,0.0
R4_aB_m0,g9_d2_s1_snr10,525,105.0,True,3.3579204083977743e-07,0.0,0.0,0.0
R4_aB_m0,g12_d2_s0_snr30,687,137.4,True,3.006837729913059e-07,0.0,0.0,0.0
R4_aB_m0,g8_d0_s1_snr30,471,94.2,True,4.775610733531721e-07,0.0,0.0,0.0
R4_aB_m0,g9_d1_s3_snr30,525,105.0,True,3.3579204083977743e-07,0.0,0.0,0.0
R4_aB_m0,g11_d2_s3_snr30,633,126.6,True,2.989927097019063e-07,0.0,0.0,0.0
R4_aB_m0,g7_d2_s0_snr10,417,83.4,True,3.775107023096247e-07,0.0,0.0,0.0
R4_aB_m0,g6_d2_s2_snr30,363,72.60000000000001,True,4.317763711014777e-07,0.0,0.0,0.0
R4_aB_m0,g10_d1_s3_snr10,579,115.8,True,4.6333533454401277e-07,0.0,0.0,0.0
R4_aB_m0,g10_d0_s3_snr30,579,115.8,True,4.6333533454401277e-07,0.0,0.0,0.0
R4_aB_m0,g10_d2_s2_snr10,579,115.8,True,4.6333533454401277e-07,0.0,0.0,0.0
R4_aB_m0,g8_d0_s3_snr10,471,94.2,True,4.775610733531721e-07,0.0,0.0,0.0
R4_aB_m0,g10_d0_s0_snr30,579,115.8,True,4.6333533454401277e-07,0.0,0.0,0.0
R4_aB_m0,g6_d0_s1_snr10,363,72.60000000000001,True,4.317763711014777e-07,0.0,0.0,0.0
R4_aB_m0,g4_d1_s1_snr30,255,51.0,True,3.884753638772054e-07,0.0,0.0,0.0
R4_aB_m0,g8_d1_s4_snr30,471,94.2,True,4.775610733531721e-07,0.0,0.0,0.0
R4_aB_m0,g9_d0_s4_snr30,525,105.0,True,3.3579204083977743e-07,0.0,0.0,0.0
R4_aB_m0,g6_d1_s1_snr10,363,72.60000000000001,True,4.317763711014777e-07,0.0,0.0,0.0
R4_aB_m0,g8_d0_s1_snr10,471,94.2,True,4.775610733531721e-07,0.0,0.0,0.0
R4_aB_m0,g8_d2_s1_snr10,471,94.2,True,4.775610733531721e-07,0.0,0.0,0.0
R4_aB_m0,g7_d2_s2_snr10,417,83.4,True,3.775107023096247e-07,0.0,0.0,0.0
R4_aB_m0,g7_d1_s2_snr10,417,83.4,True,3.775107023096247e-07,0.0,0.0,0.0
R4_aB_m0,g11_d0_s1_snr30,633,126.6,True,2.989927097019063e-07,0.0,0.0,0.0
R4_aB_m0,g6_d1_s0_snr30,363,72.60000000000001,True,4.317763711014777e-07,0.0,0.0,0.0
R4_aB_m0,g4_d2_s3_snr30,255,51.0,True,3.884753638772054e-07,0.0,0.0,0.0
R4_aB_m0,g3_d1_s3_snr10,201,40.2,True,4.685290527217667e-07,0.0,0.0,0.0
R4_aB_m0,g5_d0_s0_snr10,309,61.8,True,3.647221760161301e-07,0.0,0.0,0.0
R4_aB_m0,g5_d0_s0_snr30,309,61.8,True,3.647221760161301e-07,0.0,0.0,0.0
R4_aB_m0,g5_d1_s2_snr30,309,61.8,True,3.647221760161301e-07,0.0,0.0,0.0
R4_aB_m0,g3_d2_s4_snr10,201,40.2,True,4.685290527217667e-07,0.0,0.0,0.0
R4_aB_m0,g6_d1_s1_snr30,363,72.60000000000001,True,4.317763711014777e-07,0.0,0.0,0.0
R4_aB_m0,g11_d0_s2_snr10,633,126.6,True,2.989927097019063e-07,0.0,0.0,0.0
R4_aB_m0,g4_d0_s2_snr30,255,51.0,True,3.884753638772054e-07,0.0,0.0,0.0
R4_aB_m0,g3_d0_s3_snr30,201,40.2,True,4.685290527217667e-07,0.0,0.0,0.0
R4_aB_m0,g3_d1_s0_snr30,201,40.2,True,4.685290527217667e-07,0.0,0.0,0.0
R4_aB_m0,g5_d1_s3_snr10,309,61.8,True,3.647221760161301e-07,0.0,0.0,0.0
R4_aB_m0,g6_d2_s3_snr30,363,72.60000000000001,True,4.317763711014777e-07,0.0,0.0,0.0
R4_aB_m0,g12_d1_s1_snr30,687,137.4,True,3.006837729913059e-07,0.0,0.0,0.0
R4_aB_m0,g4_d0_s4_snr10,255,51.0,True,3.884753638772054e-07,0.0,0.0,0.0
R4_aB_m0,g4_d2_s0_snr10,255,51.0,True,3.884753638772054e-07,0.0,0.0,0.0
R4_aB_m0,g5_d1_s4_snr10,309,61.8,True,3.647221760161301e-07,0.0,0.0,0.0
R4_aB_m0,g10_d2_s1_snr30,579,115.8,True,4.6333533454401277e-07,0.0,0.0,0.0
R4_aB_m0,g11_d0_s1_snr10,633,126.6,True,2.989927097019063e-07,0.0,0.0,0.0
R4_aB_m0,g3_d2_s2_snr10,201,40.2,True,4.685290527217667e-07,0.0,0.0,0.0
R4_aB_m0,g10_d0_s4_snr10,579,115.8,True,4.6333533454401277e-07,0.0,0.0,0.0
R4_aB_m0,g11_d1_s2_snr30,633,126.6,True,2.989927097019063e-07,0.0,0.0,0.0
R4_aB_m0,g5_d0_s2_snr10,309,61.8,True,3.647221760161301e-07,0.0,0.0,0.0
R4_aB_m0,g11_d2_s2_snr30,633,126.6,True,2.989927097019063e-07,0.0,0.0,0.0
R4_aB_m0,g3_d2_s3_snr10,201,40.2,True,4.685290527217667e-07,0.0,0.0,0.0
R4_aB_m0,g5_d1_s0_snr10,309,61.8,True,3.647221760161301e-07,0.0,0.0,0.0
R4_aB_m0,g6_d2_s4_snr10,363,72.60000000000001,True,4.317763711014777e-07,0.0,0.0,0.0
R4_aB_m0,g7_d1_s4_snr10,417,83.4,True,3.775107023096247e-07,0.0,0.0,0.0
R4_aB_m0,g10_d1_s1_snr30,579,115.8,True,4.6333533454401277e-07,0.0,0.0,0.0
R4_aB_m0,g4_d2_s0_snr30,255,51.0,True,3.884753638772054e-07,0.0,0.0,0.0
R4_aB_m0,g12_d2_s4_snr30,687,137.4,True,3.006837729913059e-07,0.0,0.0,0.0
R4_aB_m0,g11_d1_s1_snr30,633,126.6,True,2.989927097019063e-07,0.0,0.0,0.0
R4_aB_m0,g10_d0_s2_snr30,579,115.8,True,4.6333533454401277e-07,0.0,0.0,0.0
R4_aB_m0,g10_d2_s0_snr10,579,115.8,True,4.6333533454401277e-07,0.0,0.0,0.0
R4_aB_m0,g9_d0_s0_snr30,525,105.0,True,3.3579204083977743e-07,0.0,0.0,0.0
R4_aB_m0,g9_d2_s4_snr10,525,105.0,True,3.3579204083977743e-07,0.0,0.0,0.0
R4_aB_m0,g9_d1_s1_snr30,525,105.0,True,3.3579204083977743e-07,0.0,0.0,0.0
R4_aB_m0,g10_d2_s3_snr30,579,115.8,True,4.6333533454401277e-07,0.0,0.0,0.0
R4_aB_m0,g3_d0_s1_snr30,201,40.2,True,4.685290527217667e-07,0.0,0.0,0.0
R4_aB_m0,g11_d1_s4_snr30,633,126.6,True,2.989927097019063e-07,0.0,0.0,0.0
R4_aB_m0,g7_d1_s0_snr30,417,83.4,True,3.775107023096247e-07,0.0,0.0,0.0
R4_aB_m0,g3_d1_s0_snr10,201,40.2,True,4.685290527217667e-07,0.0,0.0,0.0
R4_aB_m0,g4_d0_s4_snr30,255,51.0,True,3.884753638772054e-07,0.0,0.0,0.0
R4_aB_m0,g3_d2_s0_snr10,201,40.2,True,4.685290527217667e-07,0.0,0.0,0.0
R4_aB_m0,g8_d2_s1_snr30,471,94.2,True,4.775610733531721e-07,0.0,0.0,0.0
R4_aB_m0,g10_d1_s2_snr10,579,115.8,True,4.6333533454401277e-07,0.0,0.0,0.0
R4_aB_m0,g10_d1_s1_snr10,579,115.8,True,4.6333533454401277e-07,0.0,0.0,0.0
R4_aB_m0,g5_d2_s2_snr10,309,61.8,True,3.647221760161301e-07,0.0,0.0,0.0
R4_aB_m0,g6_d0_s4_snr10,363,72.60000000000001,True,4.317763711014777e-07,0.0,0.0,0.0
R4_aB_m0,g4_d1_s2_snr30,255,51.0,True,3.884753638772054e-07,0.0,0.0,0.0
R4_aB_m0,g8_d1_s4_snr10,471,94.2,True,4.775610733531721e-07,0.0,0.0,0.0
R4_aB_m0,g9_d1_s4_snr10,525,105.0,True,3.3579204083977743e-07,0.0,0.0,0.0
R4_aB_m0,g3_d2_s4_snr30,201,40.2,True,4.685290527217667e-07,0.0,0.0,0.0
R4_aB_m0,g8_d1_s0_snr10,471,94.2,True,4.775610733531721e-07,0.0,0.0,0.0
R4_aB_m0,g5_d2_s3_snr30,309,61.8,True,3.647221760161301e-07,0.0,0.0,0.0
R4_aB_m0,g12_d1_s4_snr10,687,137.4,True,3.006837729913059e-07,0.0,0.0,0.0
R4_aB_m0,g11_d0_s0_snr10,633,126.6,True,2.989927097019063e-07,0.0,0.0,0.0
R4_aB_m0,g8_d0_s4_snr30,471,94.2,True,4.775610733531721e-07,0.0,0.0,0.0
R4_aB_m0,g7_d2_s3_snr30,417,83.4,True,3.775107023096247e-07,0.0,0.0,0.0
R4_aB_m0,g7_d0_s0_snr10,417,83.4,True,3.775107023096247e-07,0.0,0.0,0.0
R4_aB_m0,g11_d0_s4_snr30,633,126.6,True,2.989927097019063e-07,0.0,0.0,0.0
R4_aB_m0,g6_d2_s4_snr30,363,72.60000000000001,True,4.317763711014777e-07,0.0,0.0,0.0
R4_aB_m0,g11_d1_s0_snr30,633,126.6,True,2.989927097019063e-07,0.0,0.0,0.0
R4_aB_m0,g6_d1_s3_snr30,363,72.60000000000001,True,4.317763711014777e-07,0.0,0.0,0.0
R4_aA_m0,g4_d0_s3_snr30,255,51.0,True,3.884753638772054e-07,0.0,0.0,0.0
R4_aA_m0,g4_d1_s1_snr10,255,51.0,True,3.884753638772054e-07,0.0,0.0,0.0
R4_aA_m0,g4_d1_s3_snr30,255,51.0,True,3.884753638772054e-07,0.0,0.0,0.0
R4_aA_m0,g11_d2_s0_snr30,633,126.6,True,2.989927097019063e-07,0.0,0.0,0.0
R4_aA_m0,g8_d0_s0_snr10,471,94.2,True,4.775610733531721e-07,0.0,0.0,0.0
R4_aA_m0,g5_d0_s1_snr30,309,61.8,True,3.647221760161301e-07,0.0,0.0,0.0
R4_aA_m0,g9_d0_s4_snr10,525,105.0,True,3.3579204083977743e-07,0.0,0.0,0.0
R4_aA_m0,g7_d2_s4_snr10,417,83.4,True,3.775107023096247e-07,0.0,0.0,0.0
R4_aA_m0,g7_d1_s0_snr10,417,83.4,True,3.775107023096247e-07,0.0,0.0,0.0
R4_aA_m0,g6_d0_s0_snr10,363,72.60000000000001,True,4.317763711014777e-07,0.0,0.0,0.0
R4_aA_m0,g12_d0_s0_snr10,687,137.4,True,3.006837729913059e-07,0.0,0.0,0.0
R4_aA_m0,g4_d2_s1_snr10,255,51.0,True,3.884753638772054e-07,0.0,0.0,0.0
R4_aA_m0,g5_d2_s1_snr30,309,61.8,True,3.647221760161301e-07,0.0,0.0,0.0
R4_aA_m0,g10_d1_s2_snr30,579,115.8,True,4.6333533454401277e-07,0.0,0.0,0.0
R4_aA_m0,g9_d0_s3_snr30,525,105.0,True,3.3579204083977743e-07,0.0,0.0,0.0
R4_aA_m0,g8_d0_s2_snr30,471,94.2,True,4.775610733531721e-07,0.0,0.0,0.0
R4_aA_m0,g4_d0_s0_snr10,255,51.0,True,3.884753638772054e-07,0.0,0.0,0.0
R4_aA_m0,g6_d1_s4_snr30,363,72.60000000000001,True,4.317763711014777e-07,0.0,0.0,0.0
R4_aA_m0,g3_d0_s2_snr30,201,40.2,True,4.685290527217667e-07,0.0,0.0,0.0
R4_aA_m0,g8_d2_s4_snr10,471,94.2,True,4.775610733531721e-07,0.0,0.0,0.0
R4_aA_m0,g11_d2_s0_snr10,633,126.6,True,2.989927097019063e-07,0.0,0.0,0.0
R4_aA_m0,g8_d1_s2_snr10,471,94.2,True,4.775610733531721e-07,0.0,0.0,0.0
R4_aA_m0,g10_d0_s1_snr30,579,115.8,True,4.6333533454401277e-07,0.0,0.0,0.0
R4_aA_m0,g7_d0_s1_snr10,417,83.4,True,3.775107023096247e-07,0.0,0.0,0.0
R4_aA_m0,g4_d1_s4_snr30,255,51.0,True,3.884753638772054e-07,0.0,0.0,0.0
R4_aA_m0,g3_d1_s2_snr30,201,40.2,True,4.685290527217667e-07,0.0,0.0,0.0
R4_aA_m0,g8_d1_s1_snr30,471,94.2,True,4.775610733531721e-07,0.0,0.0,0.0
R4_aA_m0,g8_d2_s3_snr30,471,94.2,True,4.775610733531721e-07,0.0,0.0,0.0
R4_aA_m0,g6_d0_s3_snr30,363,72.60000000000001,True,4.317763711014777e-07,0.0,0.0,0.0
R4_aA_m0,g11_d2_s4_snr30,633,126.6,True,2.989927097019063e-07,0.0,0.0,0.0
R4_aA_m0,g4_d1_s3_snr10,255,51.0,True,3.884753638772054e-07,0.0,0.0,0.0
R4_aA_m0,g9_d1_s0_snr10,525,105.0,True,3.3579204083977743e-07,0.0,0.0,0.0
R4_aA_m0,g4_d0_s1_snr30,255,51.0,True,3.884753638772054e-07,0.0,0.0,0.0
R4_aA_m0,g6_d0_s1_snr30,363,72.60000000000001,True,4.317763711014777e-07,0.0,0.0,0.0
R4_aA_m0,g11_d0_s4_snr10,633,126.6,True,2.989927097019063e-07,0.0,0.0,0.0
R4_aA_m0,g8_d1_s3_snr10,471,94.2,True,4.775610733531721e-07,0.0,0.0,0.0
R4_aA_m0,g12_d0_s3_snr10,687,137.4,True,3.006837729913059e-07,0.0,0.0,0.0
R4_aA_m0,g9_d2_s4_snr30,525,105.0,True,3.3579204083977743e-07,0.0,0.0,0.0
R4_aA_m0,g3_d0_s4_snr10,201,40.2,True,4.685290527217667e-07,0.0,0.0,0.0
R4_aA_m0,g12_d2_s2_snr10,687,137.4,True,3.006837729913059e-07,0.0,0.0,0.0
R4_aA_m0,g7_d0_s1_snr30,417,83.4,True,3.775107023096247e-07,0.0,0.0,0.0
R4_aA_m0,g5_d0_s1_snr10,309,61.8,True,3.647221760161301e-07,0.0,0.0,0.0
R4_aA_m0,g11_d1_s0_snr10,633,126.6,True,2.989927097019063e-07,0.0,0.0,0.0
R4_aA_m0,g7_d1_s4_snr30,417,83.4,True,3.775107023096247e-07,0.0,0.0,0.0
R4_aA_m0,g9_d2_s3_snr10,525,105.0,True,3.3579204083977743e-07,0.0,0.0,0.0
R4_aA_m0,g7_d2_s1_snr30,417,83.4,True,3.775107023096247e-07,0.0,0.0,0.0
R4_aA_m0,g12_d1_s3_snr30,687,137.4,True,3.006837729913059e-07,0.0,0.0,0.0
R4_aA_m0,g10_d1_s4_snr30,579,115.8,True,4.6333533454401277e-07,0.0,0.0,0.0
R4_aA_m0,g3_d1_s1_snr10,201,40.2,True,4.685290527217667e-07,0.0,0.0,0.0
R4_aA_m0,g3_d2_s0_snr30,201,40.2,True,4.685290527217667e-07,0.0,0.0,0.0
R4_aA_m0,g4_d0_s1_snr10,255,51.0,True,3.884753638772054e-07,0.0,0.0,0.0
R4_aA_m0,g8_d2_s0_snr10,471,94.2,True,4.775610733531721e-07,0.0,0.0,0.0
R4_aA_m0,g12_d2_s0_snr10,687,137.4,True,3.006837729913059e-07,0.0,0.0,0.0
R4_aA_m0,g10_d0_s1_snr10,579,115.8,True,4.6333533454401277e-07,0.0,0.0,0.0
R4_aA_m0,g12_d1_s2_snr10,687,137.4,True,3.006837729913059e-07,0.0,0.0,0.0
R4_aA_m0,g5_d0_s4_snr30,309,61.8,True,3.647221760161301e-07,0.0,0.0,0.0
R4_aA_m0,g11_d2_s4_snr10,633,126.6,True,2.989927097019063e-07,0.0,0.0,0.0
R4_aA_m0,g8_d2_s0_snr30,471,94.2,True,4.775610733531721e-07,0.0,0.0,0.0
R4_aA_m0,g8_d0_s0_snr30,471,94.2,True,4.775610733531721e-07,0.0,0.0,0.0
R4_aA_m0,g7_d0_s3_snr30,417,83.4,True,3.775107023096247e-07,0.0,0.0,0.0
R4_aA_m0,g10_d2_s2_snr30,579,115.8,True,4.6333533454401277e-07,0.0,0.0,0.0
R4_aA_m0,g11_d1_s3_snr10,633,126.6,True,2.989927097019063e-07,0.0,0.0,0.0
R4_aA_m0,g4_d0_s2_snr10,255,51.0,True,3.884753638772054e-07,0.0,0.0,0.0
R4_aA_m0,g10_d0_s0_snr10,579,115.8,True,4.6333533454401277e-07,0.0,0.0,0.0
R4_aA_m0,g12_d0_s4_snr30,687,137.4,True,3.006837729913059e-07,0.0,0.0,0.0
R4_aA_m0,g10_d2_s0_snr30,579,115.8,True,4.6333533454401277e-07,0.0,0.0,0.0
R4_aA_m0,g3_d1_s1_snr30,201,40.2,True,4.685290527217667e-07,0.0,0.0,0.0
R4_aA_m0,g6_d2_s0_snr30,363,72.60000000000001,True,4.317763711014777e-07,0.0,0.0,0.0
R4_aA_m0,g3_d1_s2_snr10,201,40.2,True,4.685290527217667e-07,0.0,0.0,0.0
R4_aA_m0,g3_d1_s3_snr30,201,40.2,True,4.685290527217667e-07,0.0,0.0,0.0
R4_aA_m0,g5_d2_s4_snr30,309,61.8,True,3.647221760161301e-07,0.0,0.0,0.0
R4_aA_m0,g7_d2_s1_snr10,417,83.4,True,3.775107023096247e-07,0.0,0.0,0.0
R4_aA_m0,g8_d2_s2_snr30,471,94.2,True,4.775610733531721e-07,0.0,0.0,0.0
R4_aA_m0,g4_d1_s0_snr10,255,51.0,True,3.884753638772054e-07,0.0,0.0,0.0
R4_aA_m0,g7_d0_s4_snr30,417,83.4,True,3.775107023096247e-07,0.0,0.0,0.0
R4_aA_m0,g9_d1_s4_snr30,525,105.0,True,3.3579204083977743e-07,0.0,0.0,0.0
R4_aA_m0,g9_d2_s2_snr10,525,105.0,True,3.3579204083977743e-07,0.0,0.0,0.0
R4_aA_m0,g11_d0_s3_snr30,633,126.6,True,2.989927097019063e-07,0.0,0.0,0.0
R4_aA_m0,g5_d0_s2_snr30,309,61.8,True,3.647221760161301e-07,0.0,0.0,0.0
R4_aA_m0,g11_d2_s3_snr10,633,126.6,True,2.989927097019063e-07,0.0,0.0,0.0
R4_aA_m0,g4_d2_s1_snr30,255,51.0,True,3.884753638772054e-07,0.0,0.0,0.0
R4_aA_m0,g9_d0_s1_snr10,525,105.0,True,3.3579204083977743e-07,0.0,0.0,0.0
R4_aA_m0,g12_d1_s2_snr30,687,137.4,True,3.006837729913059e-07,0.0,0.0,0.0
R4_aA_m0,g9_d0_s2_snr10,525,105.0,True,3.3579204083977743e-07,0.0,0.0,0.0
R4_aA_m0,g10_d1_s3_snr30,579,115.8,True,4.6333533454401277e-07,0.0,0.0,0.0
R4_aA_m0,g12_d1_s0_snr30,687,137.4,True,3.006837729913059e-07,0.0,0.0,0.0
R4_aA_m0,g7_d1_s1_snr30,417,83.4,True,3.775107023096247e-07,0.0,0.0,0.0
R4_aA_m0,g6_d1_s3_snr10,363,72.60000000000001,True,4.317763711014777e-07,0.0,0.0,0.0
R4_aA_m0,g10_d1_s0_snr10,579,115.8,True,4.6333533454401277e-07,0.0,0.0,0.0
R4_aA_m0,g6_d0_s2_snr30,363,72.60000000000001,True,4.317763711014777e-07,0.0,0.0,0.0
R4_aA_m0,g10_d2_s1_snr10,579,115.8,True,4.6333533454401277e-07,0.0,0.0,0.0
R4_aA_m0,g3_d2_s1_snr30,201,40.2,True,4.685290527217667e-07,0.0,0.0,0.0
R4_aA_m0,g7_d2_s4_snr30,417,83.4,True,3.775107023096247e-07,0.0,0.0,0.0
R4_aA_m0,g6_d2_s1_snr30,363,72.60000000000001,True,4.317763711014777e-07,0.0,0.0,0.0
R4_aA_m0,g10_d0_s3_snr10,579,115.8,True,4.6333533454401277e-07,0.0,0.0,0.0
R4_aA_m0,g5_d2_s4_snr10,309,61.8,True,3.647221760161301e-07,0.0,0.0,0.0
R4_aA_m0,g11_d0_s2_snr30,633,126.6,True,2.989927097019063e-07,0.0,0.0,0.0
R4_aA_m0,g7_d1_s1_snr10,417,83.4,True,3.775107023096247e-07,0.0,0.0,0.0
R4_aA_m0,g6_d1_s2_snr30,363,72.60000000000001,True,4.317763711014777e-07,0.0,0.0,0.0
R4_aA_m0,g5_d2_s2_snr30,309,61.8,True,3.647221760161301e-07,0.0,0.0,0.0
R4_aA_m0,g8_d1_s0_snr30,471,94.2,True,4.775610733531721e-07,0.0,0.0,0.0
R4_aA_m0,g12_d1_s1_snr10,687,137.4,True,3.006837729913059e-07,0.0,0.0,0.0
R4_aA_m0,g7_d0_s3_snr10,417,83.4,True,3.775107023096247e-07,0.0,0.0,0.0
R4_aA_m0,g9_d0_s2_snr30,525,105.0,True,3.3579204083977743e-07,0.0,0.0,0.0
R4_aA_m0,g11_d2_s1_snr30,633,126.6,True,2.989927097019063e-07,0.0,0.0,0.0
R4_aA_m0,g10_d0_s2_snr10,579,115.8,True,4.6333533454401277e-07,0.0,0.0,0.0
R4_aA_m0,g3_d0_s4_snr30,201,40.2,True,4.685290527217667e-07,0.0,0.0,0.0
R4_aA_m0,g11_d1_s3_snr30,633,126.6,True,2.989927097019063e-07,0.0,0.0,0.0
R4_aA_m0,g12_d2_s3_snr10,687,137.4,True,3.006837729913059e-07,0.0,0.0,0.0
R4_aA_m0,g8_d2_s4_snr30,471,94.2,True,4.775610733531721e-07,0.0,0.0,0.0
R4_aA_m0,g9_d0_s0_snr10,525,105.0,True,3.3579204083977743e-07,0.0,0.0,0.0
R4_aA_m0,g6_d2_s2_snr10,363,72.60000000000001,True,4.317763711014777e-07,0.0,0.0,0.0
R4_aA_m0,g6_d1_s4_snr10,363,72.60000000000001,True,4.317763711014777e-07,0.0,0.0,0.0
R4_aA_m0,g3_d1_s4_snr30,201,40.2,True,4.685290527217667e-07,0.0,0.0,0.0
R4_aA_m0,g5_d1_s1_snr10,309,61.8,True,3.647221760161301e-07,0.0,0.0,0.0
R4_aA_m0,g7_d1_s3_snr10,417,83.4,True,3.775107023096247e-07,0.0,0.0,0.0
R4_aA_m0,g6_d2_s1_snr10,363,72.60000000000001,True,4.317763711014777e-07,0.0,0.0,0.0
R4_aA_m0,g5_d2_s0_snr30,309,61.8,True,3.647221760161301e-07,0.0,0.0,0.0
R4_aA_m0,g9_d1_s1_snr10,525,105.0,True,3.3579204083977743e-07,0.0,0.0,0.0
R4_aA_m0,g4_d2_s2_snr30,255,51.0,True,3.884753638772054e-07,0.0,0.0,0.0
R4_aA_m0,g4_d1_s2_snr10,255,51.0,True,3.884753638772054e-07,0.0,0.0,0.0
R4_aA_m0,g3_d2_s3_snr30,201,40.2,True,4.685290527217667e-07,0.0,0.0,0.0
R4_aA_m0,g4_d2_s3_snr10,255,51.0,True,3.884753638772054e-07,0.0,0.0,0.0
R4_aA_m0,g12_d1_s4_snr30,687,137.4,True,3.006837729913059e-07,0.0,0.0,0.0
R4_aA_m0,g3_d2_s1_snr10,201,40.2,True,4.685290527217667e-07,0.0,0.0,0.0
R4_aA_m0,g9_d1_s3_snr10,525,105.0,True,3.3579204083977743e-07,0.0,0.0,0.0
R4_aA_m0,g8_d0_s2_snr10,471,94.2,True,4.775610733531721e-07,0.0,0.0,0.0
R4_aA_m0,g9_d2_s2_snr30,525,105.0,True,3.3579204083977743e-07,0.0,0.0,0.0
R4_aA_m0,g7_d0_s4_snr10,417,83.4,True,3.775107023096247e-07,0.0,0.0,0.0
R4_aA_m0,g5_d1_s0_snr30,309,61.8,True,3.647221760161301e-07,0.0,0.0,0.0
R4_aA_m0,g12_d0_s3_snr30,687,137.4,True,3.006837729913059e-07,0.0,0.0,0.0
R4_aA_m0,g8_d0_s4_snr10,471,94.2,True,4.775610733531721e-07,0.0,0.0,0.0
R4_aA_m0,g10_d2_s4_snr30,579,115.8,True,4.6333533454401277e-07,0.0,0.0,0.0
R4_aA_m0,g5_d1_s4_snr30,309,61.8,True,3.647221760161301e-07,0.0,0.0,0.0
R4_aA_m0,g7_d2_s2_snr30,417,83.4,True,3.775107023096247e-07,0.0,0.0,0.0
R4_aA_m0,g3_d0_s3_snr10,201,40.2,True,4.685290527217667e-07,0.0,0.0,0.0
R4_aA_m0,g12_d0_s1_snr10,687,137.4,True,3.006837729913059e-07,0.0,0.0,0.0
R4_aA_m0,g7_d2_s3_snr10,417,83.4,True,3.775107023096247e-07,0.0,0.0,0.0
R4_aA_m0,g4_d0_s3_snr10,255,51.0,True,3.884753638772054e-07,0.0,0.0,0.0
R4_aA_m0,g11_d1_s4_snr10,633,126.6,True,2.989927097019063e-07,0.0,0.0,0.0
R4_aA_m0,g5_d0_s3_snr10,309,61.8,True,3.647221760161301e-07,0.0,0.0,0.0
R4_aA_m0,g7_d0_s2_snr30,417,83.4,True,3.775107023096247e-07,0.0,0.0,0.0
R4_aA_m0,g3_d0_s2_snr10,201,40.2,True,4.685290527217667e-07,0.0,0.0,0.0
R4_aA_m0,g11_d1_s1_snr10,633,126.6,True,2.989927097019063e-07,0.0,0.0,0.0
R4_aA_m0,g12_d2_s3_snr30,687,137.4,True,3.006837729913059e-07,0.0,0.0,0.0
R4_aA_m0,g7_d0_s2_snr10,417,83.4,True,3.775107023096247e-07,0.0,0.0,0.0
R4_aA_m0,g7_d2_s0_snr30,417,83.4,True,3.775107023096247e-07,0.0,0.0,0.0
R4_aA_m0,g4_d2_s2_snr10,255,51.0,True,3.884753638772054e-07,0.0,0.0,0.0
R4_aA_m0,g9_d1_s0_snr30,525,105.0,True,3.3579204083977743e-07,0.0,0.0,0.0
R4_aA_m0,g9_d2_s0_snr30,525,105.0,True,3.3579204083977743e-07,0.0,0.0,0.0
R4_aA_m0,g11_d2_s2_snr10,633,126.6,True,2.989927097019063e-07,0.0,0.0,0.0
R4_aA_m0,g5_d1_s2_snr10,309,61.8,True,3.647221760161301e-07,0.0,0.0,0.0
R4_aA_m0,g3_d0_s0_snr10,201,40.2,True,4.685290527217667e-07,0.0,0.0,0.0
R4_aA_m0,g12_d0_s4_snr10,687,137.4,True,3.006837729913059e-07,0.0,0.0,0.0
R4_aA_m0,g6_d2_s3_snr10,363,72.60000000000001,True,4.317763711014777e-07,0.0,0.0,0.0
R4_aA_m0,g6_d0_s0_snr30,363,72.60000000000001,True,4.317763711014777e-07,0.0,0.0,0.0
R4_aA_m0,g10_d0_s4_snr30,579,115.8,True,4.6333533454401277e-07,0.0,0.0,0.0
R4_aA_m0,g5_d2_s1_snr10,309,61.8,True,3.647221760161301e-07,0.0,0.0,0.0
R4_aA_m0,g11_d0_s3_snr10,633,126.6,True,2.989927097019063e-07,0.0,0.0,0.0
R4_aA_m0,g6_d0_s4_snr30,363,72.60000000000001,True,4.317763711014777e-07,0.0,0.0,0.0
R4_aA_m0,g3_d0_s0_snr30,201,40.2,True,4.685290527217667e-07,0.0,0.0,0.0
R4_aA_m0,g6_d0_s3_snr10,363,72.60000000000001,True,4.317763711014777e-07,0.0,0.0,0.0
R4_aA_m0,g6_d1_s2_snr10,363,72.60000000000001,True,4.317763711014777e-07,0.0,0.0,0.0
R4_aA_m0,g10_d2_s3_snr10,579,115.8,True,4.6333533454401277e-07,0.0,0.0,0.0
R4_aA_m0,g3_d2_s2_snr30,201,40.2,True,4.685290527217667e-07,0.0,0.0,0.0
R4_aA_m0,g11_d2_s1_snr10,633,126.6,True,2.989927097019063e-07,0.0,0.0,0.0
R4_aA_m0,g12_d2_s4_snr10,687,137.4,True,3.006837729913059e-07,0.0,0.0,0.0
R4_aA_m0,g12_d2_s1_snr30,687,137.4,True,3.006837729913059e-07,0.0,0.0,0.0
R4_aA_m0,g6_d2_s0_snr10,363,72.60000000000001,True,4.317763711014777e-07,0.0,0.0,0.0
R4_aA_m0,g8_d1_s3_snr30,471,94.2,True,4.775610733531721e-07,0.0,0.0,0.0
R4_aA_m0,g8_d1_s1_snr10,471,94.2,True,4.775610733531721e-07,0.0,0.0,0.0
R4_aA_m0,g5_d1_s3_snr30,309,61.8,True,3.647221760161301e-07,0.0,0.0,0.0
R4_aA_m0,g7_d0_s0_snr30,417,83.4,True,3.775107023096247e-07,0.0,0.0,0.0
R4_aA_m0,g10_d1_s4_snr10,579,115.8,True,4.6333533454401277e-07,0.0,0.0,0.0
R4_aA_m0,g7_d1_s3_snr30,417,83.4,True,3.775107023096247e-07,0.0,0.0,0.0
R4_aA_m0,g7_d1_s2_snr30,417,83.4,True,3.775107023096247e-07,0.0,0.0,0.0
R4_aA_m0,g9_d1_s2_snr30,525,105.0,True,3.3579204083977743e-07,0.0,0.0,0.0
R4_aA_m0,g9_d0_s3_snr10,525,105.0,True,3.3579204083977743e-07,0.0,0.0,0.0
R4_aA_m0,g4_d1_s4_snr10,255,51.0,True,3.884753638772054e-07,0.0,0.0,0.0
R4_aA_m0,g3_d1_s4_snr10,201,40.2,True,4.685290527217667e-07,0.0,0.0,0.0
R4_aA_m0,g9_d0_s1_snr30,525,105.0,True,3.3579204083977743e-07,0.0,0.0,0.0
R4_aA_m0,g5_d0_s4_snr10,309,61.8,True,3.647221760161301e-07,0.0,0.0,0.0
R4_aA_m0,g6_d0_s2_snr10,363,72.60000000000001,True,4.317763711014777e-07,0.0,0.0,0.0
R4_aA_m0,g12_d0_s2_snr10,687,137.4,True,3.006837729913059e-07,0.0,0.0,0.0
R4_aA_m0,g11_d0_s0_snr30,633,126.6,True,2.989927097019063e-07,0.0,0.0,0.0
R4_aA_m0,g10_d1_s0_snr30,579,115.8,True,4.6333533454401277e-07,0.0,0.0,0.0
R4_aA_m0,g4_d2_s4_snr30,255,51.0,True,3.884753638772054e-07,0.0,0.0,0.0
R4_aA_m0,g12_d0_s0_snr30,687,137.4,True,3.006837729913059e-07,0.0,0.0,0.0
R4_aA_m0,g4_d1_s0_snr30,255,51.0,True,3.884753638772054e-07,0.0,0.0,0.0
R4_aA_m0,g4_d2_s4_snr10,255,51.0,True,3.884753638772054e-07,0.0,0.0,0.0
R4_aA_m0,g5_d2_s0_snr10,309,61.8,True,3.647221760161301e-07,0.0,0.0,0.0
R4_aA_m0,g12_d2_s1_snr10,687,137.4,True,3.006837729913059e-07,0.0,0.0,0.0
R4_aA_m0,g12_d1_s3_snr10,687,137.4,True,3.006837729913059e-07,0.0,0.0,0.0
R4_aA_m0,g9_d2_s3_snr30,525,105.0,True,3.3579204083977743e-07,0.0,0.0,0.0
R4_aA_m0,g12_d0_s1_snr30,687,137.4,True,3.006837729913059e-07,0.0,0.0,0.0
R4_aA_m0,g5_d1_s1_snr30,309,61.8,True,3.647221760161301e-07,0.0,0.0,0.0
R4_aA_m0,g12_d2_s2_snr30,687,137.4,True,3.006837729913059e-07,0.0,0.0,0.0
R4_aA_m0,g8_d1_s2_snr30,471,94.2,True,4.775610733531721e-07,0.0,0.0,0.0
R4_aA_m0,g5_d2_s3_snr10,309,61.8,True,3.647221760161301e-07,0.0,0.0,0.0
R4_aA_m0,g10_d2_s4_snr10,579,115.8,True,4.6333533454401277e-07,0.0,0.0,0.0
R4_aA_m0,g9_d1_s2_snr10,525,105.0,True,3.3579204083977743e-07,0.0,0.0,0.0
R4_aA_m0,g8_d0_s3_snr30,471,94.2,True,4.775610733531721e-07,0.0,0.0,0.0
R4_aA_m0,g3_d0_s1_snr10,201,40.2,True,4.685290527217667e-07,0.0,0.0,0.0
R4_aA_m0,g9_d2_s1_snr30,525,105.0,True,3.3579204083977743e-07,0.0,0.0,0.0
R4_aA_m0,g11_d1_s2_snr10,633,126.6,True,2.989927097019063e-07,0.0,0.0,0.0
R4_aA_m0,g12_d0_s2_snr30,687,137.4,True,3.006837729913059e-07,0.0,0.0,0.0
R4_aA_m0,g8_d2_s2_snr10,471,94.2,True,4.775610733531721e-07,0.0,0.0,0.0
R4_aA_m0,g12_d1_s0_snr10,687,137.4,True,3.006837729913059e-07,0.0,0.0,0.0
R4_aA_m0,g5_d0_s3_snr30,309,61.8,True,3.647221760161301e-07,0.0,0.0,0.0
R4_aA_m0,g4_d0_s0_snr30,255,51.0,True,3.884753638772054e-07,0.0,0.0,0.0
R4_aA_m0,g6_d1_s0_snr10,363,72.60000000000001,True,4.317763711014777e-07,0.0,0.0,0.0
R4_aA_m0,g8_d2_s3_snr10,471,94.2,True,4.775610733531721e-07,0.0,0.0,0.0
R4_aA_m0,g9_d2_s0_snr10,525,105.0,True,3.3579204083977743e-07,0.0,0.0,0.0
R4_aA_m0,g9_d2_s1_snr10,525,105.0,True,3.3579204083977743e-07,0.0,0.0,0.0
R4_aA_m0,g12_d2_s0_snr30,687,137.4,True,3.006837729913059e-07,0.0,0.0,0.0
R4_aA_m0,g8_d0_s1_snr30,471,94.2,True,4.775610733531721e-07,0.0,0.0,0.0
R4_aA_m0,g9_d1_s3_snr30,525,105.0,True,3.3579204083977743e-07,0.0,0.0,0.0
R4_aA_m0,g11_d2_s3_snr30,633,126.6,True,2.989927097019063e-07,0.0,0.0,0.0
R4_aA_m0,g7_d2_s0_snr10,417,83.4,True,3.775107023096247e-07,0.0,0.0,0.0
R4_aA_m0,g6_d2_s2_snr30,363,72.60000000000001,True,4.317763711014777e-07,0.0,0.0,0.0
R4_aA_m0,g10_d1_s3_snr10,579,115.8,True,4.6333533454401277e-07,0.0,0.0,0.0
R4_aA_m0,g10_d0_s3_snr30,579,115.8,True,4.6333533454401277e-07,0.0,0.0,0.0
R4_aA_m0,g10_d2_s2_snr10,579,115.8,True,4.6333533454401277e-07,0.0,0.0,0.0
R4_aA_m0,g8_d0_s3_snr10,471,94.2,True,4.775610733531721e-07,0.0,0.0,0.0
R4_aA_m0,g10_d0_s0_snr30,579,115.8,True,4.6333533454401277e-07,0.0,0.0,0.0
R4_aA_m0,g6_d0_s1_snr10,363,72.60000000000001,True,4.317763711014777e-07,0.0,0.0,0.0
R4_aA_m0,g4_d1_s1_snr30,255,51.0,True,3.884753638772054e-07,0.0,0.0,0.0
R4_aA_m0,g8_d1_s4_snr30,471,94.2,True,4.775610733531721e-07,0.0,0.0,0.0
R4_aA_m0,g9_d0_s4_snr30,525,105.0,True,3.3579204083977743e-07,0.0,0.0,0.0
R4_aA_m0,g6_d1_s1_snr10,363,72.60000000000001,True,4.317763711014777e-07,0.0,0.0,0.0
R4_aA_m0,g8_d0_s1_snr10,471,94.2,True,4.775610733531721e-07,0.0,0.0,0.0
R4_aA_m0,g8_d2_s1_snr10,471,94.2,True,4.775610733531721e-07,0.0,0.0,0.0
R4_aA_m0,g7_d2_s2_snr10,417,83.4,True,3.775107023096247e-07,0.0,0.0,0.0
R4_aA_m0,g7_d1_s2_snr10,417,83.4,True,3.775107023096247e-07,0.0,0.0,0.0
R4_aA_m0,g11_d0_s1_snr30,633,126.6,True,2.989927097019063e-07,0.0,0.0,0.0
R4_aA_m0,g6_d1_s0_snr30,363,72.60000000000001,True,4.317763711014777e-07,0.0,0.0,0.0
R4_aA_m0,g4_d2_s3_snr30,255,51.0,True,3.884753638772054e-07,0.0,0.0,0.0
R4_aA_m0,g3_d1_s3_snr10,201,40.2,True,4.685290527217667e-07,0.0,0.0,0.0
R4_aA_m0,g5_d0_s0_snr10,309,61.8,True,3.647221760161301e-07,0.0,0.0,0.0
R4_aA_m0,g5_d0_s0_snr30,309,61.8,True,3.647221760161301e-07,0.0,0.0,0.0
R4_aA_m0,g5_d1_s2_snr30,309,61.8,True,3.647221760161301e-07,0.0,0.0,0.0
R4_aA_m0,g3_d2_s4_snr10,201,40.2,True,4.685290527217667e-07,0.0,0.0,0.0
R4_aA_m0,g6_d1_s1_snr30,363,72.60000000000001,True,4.317763711014777e-07,0.0,0.0,0.0
R4_aA_m0,g11_d0_s2_snr10,633,126.6,True,2.989927097019063e-07,0.0,0.0,0.0
R4_aA_m0,g4_d0_s2_snr30,255,51.0,True,3.884753638772054e-07,0.0,0.0,0.0
R4_aA_m0,g3_d0_s3_snr30,201,40.2,True,4.685290527217667e-07,0.0,0.0,0.0
R4_aA_m0,g3_d1_s0_snr30,201,40.2,True,4.685290527217667e-07,0.0,0.0,0.0
R4_aA_m0,g5_d1_s3_snr10,309,61.8,True,3.647221760161301e-07,0.0,0.0,0.0
R4_aA_m0,g6_d2_s3_snr30,363,72.60000000000001,True,4.317763711014777e-07,0.0,0.0,0.0
R4_aA_m0,g12_d1_s1_snr30,687,137.4,True,3.006837729913059e-07,0.0,0.0,0.0
R4_aA_m0,g4_d0_s4_snr10,255,51.0,True,3.884753638772054e-07,0.0,0.0,0.0
R4_aA_m0,g4_d2_s0_snr10,255,51.0,True,3.884753638772054e-07,0.0,0.0,0.0
R4_aA_m0,g5_d1_s4_snr10,309,61.8,True,3.647221760161301e-07,0.0,0.0,0.0
R4_aA_m0,g10_d2_s1_snr30,579,115.8,True,4.6333533454401277e-07,0.0,0.0,0.0
R4_aA_m0,g11_d0_s1_snr10,633,126.6,True,2.989927097019063e-07,0.0,0.0,0.0
R4_aA_m0,g3_d2_s2_snr10,201,40.2,True,4.685290527217667e-07,0.0,0.0,0.0
R4_aA_m0,g10_d0_s4_snr10,579,115.8,True,4.6333533454401277e-07,0.0,0.0,0.0
R4_aA_m0,g11_d1_s2_snr30,633,126.6,True,2.989927097019063e-07,0.0,0.0,0.0
R4_aA_m0,g5_d0_s2_snr10,309,61.8,True,3.647221760161301e-07,0.0,0.0,0.0
R4_aA_m0,g11_d2_s2_snr30,633,126.6,True,2.989927097019063e-07,0.0,0.0,0.0
R4_aA_m0,g3_d2_s3_snr10,201,40.2,True,4.685290527217667e-07,0.0,0.0,0.0
R4_aA_m0,g5_d1_s0_snr10,309,61.8,True,3.647221760161301e-07,0.0,0.0,0.0
R4_aA_m0,g6_d2_s4_snr10,363,72.60000000000001,True,4.317763711014777e-07,0.0,0.0,0.0
R4_aA_m0,g7_d1_s4_snr10,417,83.4,True,3.775107023096247e-07,0.0,0.0,0.0
R4_aA_m0,g10_d1_s1_snr30,579,115.8,True,4.6333533454401277e-07,0.0,0.0,0.0
R4_aA_m0,g4_d2_s0_snr30,255,51.0,True,3.884753638772054e-07,0.0,0.0,0.0
R4_aA_m0,g12_d2_s4_snr30,687,137.4,True,3.006837729913059e-07,0.0,0.0,0.0
R4_aA_m0,g11_d1_s1_snr30,633,126.6,True,2.989927097019063e-07,0.0,0.0,0.0
R4_aA_m0,g10_d0_s2_snr30,579,115.8,True,4.6333533454401277e-07,0.0,0.0,0.0
R4_aA_m0,g10_d2_s0_snr10,579,115.8,True,4.6333533454401277e-07,0.0,0.0,0.0
R4_aA_m0,g9_d0_s0_snr30,525,105.0,True,3.3579204083977743e-07,0.0,0.0,0.0
R4_aA_m0,g9_d2_s4_snr10,525,105.0,True,3.3579204083977743e-07,0.0,0.0,0.0
R4_aA_m0,g9_d1_s1_snr30,525,105.0,True,3.3579204083977743e-07,0.0,0.0,0.0
R4_aA_m0,g10_d2_s3_snr30,579,115.8,True,4.6333533454401277e-07,0.0,0.0,0.0
R4_aA_m0,g3_d0_s1_snr30,201,40.2,True,4.685290527217667e-07,0.0,0.0,0.0
R4_aA_m0,g11_d1_s4_snr30,633,126.6,True,2.989927097019063e-07,0.0,0.0,0.0
R4_aA_m0,g7_d1_s0_snr30,417,83.4,True,3.775107023096247e-07,0.0,0.0,0.0
R4_aA_m0,g3_d1_s0_snr10,201,40.2,True,4.685290527217667e-07,0.0,0.0,0.0
R4_aA_m0,g4_d0_s4_snr30,255,51.0,True,3.884753638772054e-07,0.0,0.0,0.0
R4_aA_m0,g3_d2_s0_snr10,201,40.2,True,4.685290527217667e-07,0.0,0.0,0.0
R4_aA_m0,g8_d2_s1_snr30,471,94.2,True,4.775610733531721e-07,0.0,0.0,0.0
R4_aA_m0,g10_d1_s2_snr10,579,115.8,True,4.6333533454401277e-07,0.0,0.0,0.0
R4_aA_m0,g10_d1_s1_snr10,579,115.8,True,4.6333533454401277e-07,0.0,0.0,0.0
R4_aA_m0,g5_d2_s2_snr10,309,61.8,True,3.647221760161301e-07,0.0,0.0,0.0
R4_aA_m0,g6_d0_s4_snr10,363,72.60000000000001,True,4.317763711014777e-07,0.0,0.0,0.0
R4_aA_m0,g4_d1_s2_snr30,255,51.0,True,3.884753638772054e-07,0.0,0.0,0.0
R4_aA_m0,g8_d1_s4_snr10,471,94.2,True,4.775610733531721e-07,0.0,0.0,0.0
R4_aA_m0,g9_d1_s4_snr10,525,105.0,True,3.3579204083977743e-07,0.0,0.0,0.0
R4_aA_m0,g3_d2_s4_snr30,201,40.2,True,4.685290527217667e-07,0.0,0.0,0.0
R4_aA_m0,g8_d1_s0_snr10,471,94.2,True,4.775610733531721e-07,0.0,0.0,0.0
R4_aA_m0,g5_d2_s3_snr30,309,61.8,True,3.647221760161301e-07,0.0,0.0,0.0
R4_aA_m0,g12_d1_s4_snr10,687,137.4,True,3.006837729913059e-07,0.0,0.0,0.0
R4_aA_m0,g11_d0_s0_snr10,633,126.6,True,2.989927097019063e-07,0.0,0.0,0.0
R4_aA_m0,g8_d0_s4_snr30,471,94.2,True,4.775610733531721e-07,0.0,0.0,0.0
R4_aA_m0,g7_d2_s3_snr30,417,83.4,True,3.775107023096247e-07,0.0,0.0,0.0
R4_aA_m0,g7_d0_s0_snr10,417,83.4,True,3.775107023096247e-07,0.0,0.0,0.0
R4_aA_m0,g11_d0_s4_snr30,633,126.6,True,2.989927097019063e-07,0.0,0.0,0.0
R4_aA_m0,g6_d2_s4_snr30,363,72.60000000000001,True,4.317763711014777e-07,0.0,0.0,0.0
R4_aA_m0,g11_d1_s0_snr30,633,126.6,True,2.989927097019063e-07,0.0,0.0,0.0
R4_aA_m0,g6_d1_s3_snr30,363,72.60000000000001,True,4.317763711014777e-07,0.0,0.0,0.0
R2_aA_m0,g2_d0_s1_snr30,520,104.0,True,4.966923102256438e-07,0.0,0.0,0.0
R2_aA_m0,g1_d1_s3_snr10,480,96.0,True,7.314770655852953e-08,0.0,0.0,0.0
R2_aA_m0,g2_d0_s3_snr30,520,104.0,True,4.966923102256438e-07,0.0,0.0,0.0
R2_aA_m0,g2_d2_s1_snr30,520,104.0,True,4.966923102256438e-07,0.0,0.0,0.0
R2_aA_m0,g1_d0_s4_snr10,480,96.0,True,7.314770655852953e-08,0.0,0.0,0.0
R2_aA_m0,g1_d0_s0_snr30,480,96.0,True,7.314770655852953e-08,0.0,0.0,0.0
R2_aA_m0,g2_d0_s0_snr10,520,104.0,True,4.966923102256438e-07,0.0,0.0,0.0
R2_aA_m0,g2_d1_s4_snr10,520,104.0,True,4.966923102256438e-07,0.0,0.0,0.0
R2_aA_m0,g1_d1_s4_snr10,480,96.0,True,7.314770655852953e-08,0.0,0.0,0.0
R2_aA_m0,g2_d1_s1_snr30,520,104.0,True,4.966923102256438e-07,0.0,0.0,0.0
R2_aA_m0,g1_d1_s0_snr10,480,96.0,True,7.314770655852953e-08,0.0,0.0,0.0
R2_aA_m0,g2_d0_s2_snr10,520,104.0,True,4.966923102256438e-07,0.0,0.0,0.0
R2_aA_m0,g2_d2_s0_snr30,520,104.0,True,4.966923102256438e-07,0.0,0.0,0.0
R2_aA_m0,g1_d2_s2_snr10,480,96.0,True,7.314770655852953e-08,0.0,0.0,0.0
R2_aA_m0,g2_d1_s0_snr10,520,104.0,True,4.966923102256438e-07,0.0,0.0,0.0
R2_aA_m0,g1_d2_s2_snr30,480,96.0,True,7.314770655852953e-08,0.0,0.0,0.0
R2_aA_m0,g2_d0_s0_snr30,520,104.0,True,4.966923102256438e-07,0.0,0.0,0.0
R2_aA_m0,g1_d2_s4_snr30,480,96.0,True,7.314770655852953e-08,0.0,0.0,0.0
R2_aA_m0,g1_d1_s1_snr30,480,96.0,True,7.314770655852953e-08,0.0,0.0,0.0
R2_aA_m0,g2_d2_s3_snr10,520,104.0,True,4.966923102256438e-07,0.0,0.0,0.0
R2_aA_m0,g1_d2_s0_snr30,480,96.0,True,7.314770655852953e-08,0.0,0.0,0.0
R2_aA_m0,g2_d1_s0_snr30,520,104.0,True,4.966923102256438e-07,0.0,0.0,0.0
R2_aA_m0,g1_d2_s3_snr10,480,96.0,True,7.314770655852953e-08,0.0,0.0,0.0
R2_aA_m0,g1_d1_s3_snr30,480,96.0,True,7.314770655852953e-08,0.0,0.0,0.0
R2_aA_m0,g2_d2_s4_snr30,520,104.0,True,4.966923102256438e-07,0.0,0.0,0.0
R2_aA_m0,g2_d2_s3_snr30,520,104.0,True,4.966923102256438e-07,0.0,0.0,0.0
R2_aA_m0,g1_d1_s0_snr30,480,96.0,True,7.314770655852953e-08,0.0,0.0,0.0
R2_aA_m0,g1_d0_s4_snr30,480,96.0,True,7.314770655852953e-08,0.0,0.0,0.0
R2_aA_m0,g2_d0_s4_snr30,520,104.0,True,4.966923102256438e-07,0.0,0.0,0.0
R2_aA_m0,g1_d2_s0_snr10,480,96.0,True,7.314770655852953e-08,0.0,0.0,0.0
R2_aA_m0,g1_d0_s1_snr30,480,96.0,True,7.314770655852953e-08,0.0,0.0,0.0
R2_aA_m0,g1_d0_s1_snr10,480,96.0,True,7.314770655852953e-08,0.0,0.0,0.0
R2_aA_m0,g2_d1_s2_snr10,520,104.0,True,4.966923102256438e-07,0.0,0.0,0.0
R2_aA_m0,g2_d2_s2_snr30,520,104.0,True,4.966923102256438e-07,0.0,0.0,0.0
R2_aA_m0,g2_d0_s3_snr10,520,104.0,True,4.966923102256438e-07,0.0,0.0,0.0
R2_aA_m0,g1_d2_s1_snr30,480,96.0,True,7.314770655852953e-08,0.0,0.0,0.0
R2_aA_m0,g1_d2_s1_snr10,480,96.0,True,7.314770655852953e-08,0.0,0.0,0.0
R2_aA_m0,g2_d1_s2_snr30,520,104.0,True,4.966923102256438e-07,0.0,0.0,0.0
R2_aA_m0,g1_d0_s3_snr10,480,96.0,True,7.314770655852953e-08,0.0,0.0,0.0
R2_aA_m0,g2_d2_s0_snr10,520,104.0,True,4.966923102256438e-07,0.0,0.0,0.0
R2_aA_m0,g2_d0_s4_snr10,520,104.0,True,4.966923102256438e-07,0.0,0.0,0.0
R2_aA_m0,g1_d1_s1_snr10,480,96.0,True,7.314770655852953e-08,0.0,0.0,0.0
R2_aA_m0,g2_d2_s4_snr10,520,104.0,True,4.966923102256438e-07,0.0,0.0,0.0
R2_aA_m0,g2_d0_s2_snr30,520,104.0,True,4.966923102256438e-07,0.0,0.0,0.0
R2_aA_m0,g2_d2_s1_snr10,520,104.0,True,4.966923102256438e-07,0.0,0.0,0.0
R2_aA_m0,g2_d1_s3_snr30,520,104.0,True,4.966923102256438e-07,0.0,0.0,0.0
R2_aA_m0,g1_d0_s2_snr10,480,96.0,True,7.314770655852953e-08,0.0,0.0,0.0
R2_aA_m0,g2_d2_s2_snr10,520,104.0,True,4.966923102256438e-07,0.0,0.0,0.0
R2_aA_m0,g1_d1_s2_snr10,480,96.0,True,7.314770655852953e-08,0.0,0.0,0.0
R2_aA_m0,g1_d1_s2_snr30,480,96.0,True,7.314770655852953e-08,0.0,0.0,0.0
R2_aA_m0,g1_d2_s4_snr10,480,96.0,True,7.314770655852953e-08,0.0,0.0,0.0
R2_aA_m0,g1_d2_s3_snr30,480,96.0,True,7.314770655852953e-08,0.0,0.0,0.0
R2_aA_m0,g1_d0_s0_snr10,480,96.0,True,7.314770655852953e-08,0.0,0.0,0.0
R2_aA_m0,g2_d0_s1_snr10,520,104.0,True,4.966923102256438e-07,0.0,0.0,0.0
R2_aA_m0,g1_d0_s3_snr30,480,96.0,True,7.314770655852953e-08,0.0,0.0,0.0
R2_aA_m0,g1_d1_s4_snr30,480,96.0,True,7.314770655852953e-08,0.0,0.0,0.0
R2_aA_m0,g2_d1_s1_snr10,520,104.0,True,4.966923102256438e-07,0.0,0.0,0.0
R2_aA_m0,g2_d1_s3_snr10,520,104.0,True,4.966923102256438e-07,0.0,0.0,0.0
R2_aA_m0,g2_d1_s4_snr30,520,104.0,True,4.966923102256438e-07,0.0,0.0,0.0
R2_aA_m0,g1_d0_s2_snr30,480,96.0,True,7.314770655852953e-08,0.0,0.0,0.0
R2_aB_m0,g2_d0_s1_snr30,520,104.0,True,4.966923102256438e-07,0.0,0.0,0.0
R2_aB_m0,g1_d1_s3_snr10,480,96.0,True,7.314770655852953e-08,0.0,0.0,0.0
R2_aB_m0,g2_d0_s3_snr30,520,104.0,True,4.966923102256438e-07,0.0,0.0,0.0
R2_aB_m0,g2_d2_s1_snr30,520,104.0,True,4.966923102256438e-07,0.0,0.0,0.0
R2_aB_m0,g1_d0_s4_snr10,480,96.0,True,7.314770655852953e-08,0.0,0.0,0.0
R2_aB_m0,g1_d0_s0_snr30,480,96.0,True,7.314770655852953e-08,0.0,0.0,0.0
R2_aB_m0,g2_d0_s0_snr10,520,104.0,True,4.966923102256438e-07,0.0,0.0,0.0
R2_aB_m0,g2_d1_s4_snr10,520,104.0,True,4.966923102256438e-07,0.0,0.0,0.0
R2_aB_m0,g1_d1_s4_snr10,480,96.0,True,7.314770655852953e-08,0.0,0.0,0.0
R2_aB_m0,g2_d1_s1_snr30,520,104.0,True,4.966923102256438e-07,0.0,0.0,0.0
R2_aB_m0,g1_d1_s0_snr10,480,96.0,True,7.314770655852953e-08,0.0,0.0,0.0
R2_aB_m0,g2_d0_s2_snr10,520,104.0,True,4.966923102256438e-07,0.0,0.0,0.0
R2_aB_m0,g2_d2_s0_snr30,520,104.0,True,4.966923102256438e-07,0.0,0.0,0.0
R2_aB_m0,g1_d2_s2_snr10,480,96.0,True,7.314770655852953e-08,0.0,0.0,0.0
R2_aB_m0,g2_d1_s0_snr10,520,104.0,True,4.966923102256438e-07,0.0,0.0,0.0
R2_aB_m0,g1_d2_s2_snr30,480,96.0,True,7.314770655852953e-08,0.0,0.0,0.0
R2_aB_m0,g2_d0_s0_snr30,520,104.0,True,4.966923102256438e-07,0.0,0.0,0.0
R2_aB_m0,g1_d2_s4_snr30,480,96.0,True,7.314770655852953e-08,0.0,0.0,0.0
R2_aB_m0,g1_d1_s1_snr30,480,96.0,True,7.314770655852953e-08,0.0,0.0,0.0
R2_aB_m0,g2_d2_s3_snr10,520,104.0,True,4.966923102256438e-07,0.0,0.0,0.0
R2_aB_m0,g1_d2_s0_snr30,480,96.0,True,7.314770655852953e-08,0.0,0.0,0.0
R2_aB_m0,g2_d1_s0_snr30,520,104.0,True,4.966923102256438e-07,0.0,0.0,0.0
R2_aB_m0,g1_d2_s3_snr10,480,96.0,True,7.314770655852953e-08,0.0,0.0,0.0
R2_aB_m0,g1_d1_s3_snr30,480,96.0,True,7.314770655852953e-08,0.0,0.0,0.0
R2_aB_m0,g2_d2_s4_snr30,520,104.0,True,4.966923102256438e-07,0.0,0.0,0.0
R2_aB_m0,g2_d2_s3_snr30,520,104.0,True,4.966923102256438e-07,0.0,0.0,0.0
R2_aB_m0,g1_d1_s0_snr30,480,96.0,True,7.314770655852953e-08,0.0,0.0,0.0
R2_aB_m0,g1_d0_s4_snr30,480,96.0,True,7.314770655852953e-08,0.0,0.0,0.0
R2_aB_m0,g2_d0_s4_snr30,520,104.0,True,4.966923102256438e-07,0.0,0.0,0.0
R2_aB_m0,g1_d2_s0_snr10,480,96.0,True,7.314770655852953e-08,0.0,0.0,0.0
R2_aB_m0,g1_d0_s1_snr30,480,96.0,True,7.314770655852953e-08,0.0,0.0,0.0
R2_aB_m0,g1_d0_s1_snr10,480,96.0,True,7.314770655852953e-08,0.0,0.0,0.0
R2_aB_m0,g2_d1_s2_snr10,520,104.0,True,4.966923102256438e-07,0.0,0.0,0.0
R2_aB_m0,g2_d2_s2_snr30,520,104.0,True,4.966923102256438e-07,0.0,0.0,0.0
R2_aB_m0,g2_d0_s3_snr10,520,104.0,True,4.966923102256438e-07,0.0,0.0,0.0
R2_aB_m0,g1_d2_s1_snr30,480,96.0,True,7.314770655852953e-08,0.0,0.0,0.0
R2_aB_m0,g1_d2_s1_snr10,480,96.0,True,7.314770655852953e-08,0.0,0.0,0.0
R2_aB_m0,g2_d1_s2_snr30,520,104.0,True,4.966923102256438e-07,0.0,0.0,0.0
R2_aB_m0,g1_d0_s3_snr10,480,96.0,True,7.314770655852953e-08,0.0,0.0,0.0
R2_aB_m0,g2_d2_s0_snr10,520,104.0,True,4.966923102256438e-07,0.0,0.0,0.0
R2_aB_m0,g2_d0_s4_snr10,520,104.0,True,4.966923102256438e-07,0.0,0.0,0.0
R2_aB_m0,g1_d1_s1_snr10,480,96.0,True,7.314770655852953e-08,0.0,0.0,0.0
R2_aB_m0,g2_d2_s4_snr10,520,104.0,True,4.966923102256438e-07,0.0,0.0,0.0
R2_aB_m0,g2_d0_s2_snr30,520,104.0,True,4.966923102256438e-07,0.0,0.0,0.0
R2_aB_m0,g2_d2_s1_snr10,520,104.0,True,4.966923102256438e-07,0.0,0.0,0.0
R2_aB_m0,g2_d1_s3_snr30,520,104.0,True,4.966923102256438e-07,0.0,0.0,0.0
R2_aB_m0,g1_d0_s2_snr10,480,96.0,True,7.314770655852953e-08,0.0,0.0,0.0
R2_aB_m0,g2_d2_s2_snr10,520,104.0,True,4.966923102256438e-07,0.0,0.0,0.0
R2_aB_m0,g1_d1_s2_snr10,480,96.0,True,7.314770655852953e-08,0.0,0.0,0.0
R2_aB_m0,g1_d1_s2_snr30,480,96.0,True,7.314770655852953e-08,0.0,0.0,0.0
R2_aB_m0,g1_d2_s4_snr10,480,96.0,True,7.314770655852953e-08,0.0,0.0,0.0
R2_aB_m0,g1_d2_s3_snr30,480,96.0,True,7.314770655852953e-08,0.0,0.0,0.0
R2_aB_m0,g1_d0_s0_snr10,480,96.0,True,7.314770655852953e-08,0.0,0.0,0.0
R2_aB_m0,g2_d0_s1_snr10,520,104.0,True,4.966923102256438e-07,0.0,0.0,0.0
R2_aB_m0,g1_d0_s3_snr30,480,96.0,True,7.314770655852953e-08,0.0,0.0,0.0
R2_aB_m0,g1_d1_s4_snr30,480,96.0,True,7.314770655852953e-08,0.0,0.0,0.0
R2_aB_m0,g2_d1_s1_snr10,520,104.0,True,4.966923102256438e-07,0.0,0.0,0.0
R2_aB_m0,g2_d1_s3_snr10,520,104.0,True,4.966923102256438e-07,0.0,0.0,0.0
R2_aB_m0,g2_d1_s4_snr30,520,104.0,True,4.966923102256438e-07,0.0,0.0,0.0
R2_aB_m0,g1_d0_s2_snr30,480,96.0,True,7.314770655852953e-08,0.0,0.0,0.0
