case,mount_deg,arm,fed_s_mean,fed_s_var,fed_s_rms,fed_s_phi,fed_r_mean,fed_r_var,fed_r_rms,fed_r_phi,fed_corr_s_r,noise_corr_pre,j2_target_corr,j2_innovation_corr,j2_clipped
R2A,0.0,A0_real_real,0.046467219575899596,0.029883519889370453,0.17900074152375442,0.9265753422140466,0.0529596214690311,0.015117448897017332,0.1338720360605762,0.6625430414624319,0.47481459868350734,nan,nan,nan,nan
R2A,0.0,M0_Rmatched_Rmatched,0.0002893615214693427,0.026074321973785022,0.1615334980345703,-0.0029878495131864724,-0.00013087150110896692,0.006829862698745069,0.08267600910944863,-0.0019321830284414609,0.002906855419592883,0.002844793974911692,nan,nan,nan
R2A,0.0,S1_bias,0.04682004766462582,0.03010503264752151,0.1797654654245822,-0.0029735131572646164,-0.0002100619127491867,0.017596100623377898,0.1327033041176756,-0.0019321830284414305,0.0029026353340246996,0.0028447939749116926,nan,nan,nan
R2A,0.0,S2_ar0,0.0018625866153072408,0.0293945152491717,0.17374041952053,0.9209232504519531,-0.0002100619127491867,0.017596100623377898,0.1327033041176756,-0.0019321830284414305,0.00025769448042122444,0.00019960679189052162,nan,nan,nan
R2A,0.0,S3_ar1,0.048373814812748786,0.0293945152491717,0.18011440978382973,0.9209232504519529,-0.0002100619127491867,0.017596100623377898,0.1327033041176756,-0.0019321830284414305,0.0002576944804212213,0.0001996067918905194,nan,nan,nan
R2A,0.0,S4_iid,0.04573260125235596,0.029715853445041133,0.17752437272143218,0.004421330186999053,-0.0002100619127491867,0.017596100623377898,0.1327033041176756,-0.0019321830284414305,-0.0029065594011796966,-0.0029710918996474172,nan,nan,nan
R2A,0.0,S5_iid0,-0.0007786269450855574,0.029715853445041133,0.17161333731461836,0.004421330186999054,-0.0002100619127491867,0.017596100623377898,0.1327033041176756,-0.0019321830284414305,-0.002906559401179698,-0.0029710918996474164,nan,nan,nan
R2A,0.0,S6_realdem,2.850570025962849e-05,0.029967664621278565,0.17311129907276668,0.9260569155769285,-0.0002100619127491867,0.017596100623377898,0.1327033041176756,-0.0019321830284414305,-0.0022839089993503497,-0.00235320172191394,nan,nan,nan
R2A,0.0,S7_block,0.0462852384925482,0.02949757175079309,0.1702600145862984,0.8871453741132804,-0.0002100619127491867,0.017596100623377898,0.1327033041176756,-0.0019321830284414305,-0.0021885773186153343,-0.0022476726209386083,nan,nan,nan
R2A,0.0,S8_real,0.046467219575899596,0.029883519889370453,0.17900074152375442,0.9265753422140466,-0.0002100619127491867,0.017596100623377898,0.1327033041176756,-0.0019321830284414305,-0.0017572001056517662,nan,nan,nan,nan
R2A,0.0,W0_white_white,0.00031877813088002945,0.03228011224973838,0.17973126421232644,-0.0029669295023630198,-0.0002100619127491867,0.017596100623377898,0.1327033041176756,-0.0019321830284414305,0.0029006898616016083,0.0028447939749116917,nan,nan,nan
