case,mount_deg,drift,arm,metric,n_seeds,arm_mean,minus_W0,denominator,denominator_ci,status,closure,closure_ci,note
R2A,0.0,0,A0_real_real,nees,50,97.56729563755748,94.27496343275217,94.27496343275217,"[90.65752280552388, 97.91640932989927]",defined,1.0,"[1.0, 1.0]",
R2A,0.0,0,A0_real_real,head,50,10.743735168552577,9.228630925022816,9.228630925022818,"[8.860643761336206, 9.58842641645893]",defined,1.0,"[1.0, 1.0]",
R2A,0.0,1,A0_real_real,nees,50,113.23503179255812,106.74412535545798,106.74412535545797,"[90.29882196214784, 133.3374912724189]",defined,1.0,"[1.0, 1.0]",
R2A,0.0,1,A0_real_real,head,50,10.471879482728896,8.722961969509518,8.722961969509516,"[8.223229771733992, 9.179017911439772]",defined,1.0,"[1.0, 1.0]",
R2A,0.0,2,A0_real_real,nees,50,108.75830529091184,103.42589264313582,103.42589264313585,"[97.68935493269636, 109.007871931086]",defined,1.0,"[1.0, 1.0]",
R2A,0.0,2,A0_real_real,head,50,9.992692711505086,7.855738378794964,7.855738378794964,"[7.2184383608505485, 8.480839632967177]",defined,1.0,"[1.0, 1.0]",
R2A,0.0,0,M0_Rmatched_Rmatched,nees,50,1.7419028467166129,-1.550429358088686,94.27496343275217,"[90.65752280552388, 97.91640932989927]",defined,-0.01644582295907897,"[-0.020271351847642068, -0.013333266951221598]",
R2A,0.0,0,M0_Rmatched_Rmatched,head,50,1.2725918066966047,-0.24251243683315377,9.228630925022818,"[8.860643761336206, 9.58842641645893]",defined,-0.026278268012170408,"[-0.04000807442747745, -0.01504885763778496]",
R2A,0.0,1,M0_Rmatched_Rmatched,nees,50,2.4377983789561966,-4.053108058143949,106.74412535545797,"[90.29882196214784, 133.3374912724189]",defined,-0.0379703149437695,"[-0.09033392010310194, -0.012844657583550526]",
R2A,0.0,1,M0_Rmatched_Rmatched,head,50,1.5702399108890277,-0.17867760233035285,8.722961969509516,"[8.223229771733992, 9.179017911439772]",defined,-0.020483592953277466,"[-0.033730541637616115, -0.0080823193049369]",
R2A,0.0,2,M0_Rmatched_Rmatched,nees,50,2.8214103335753355,-2.511002314200653,103.42589264313585,"[97.68935493269636, 109.007871931086]",defined,-0.024278275488176813,"[-0.0348397807871034, -0.016237562973357367]",
R2A,0.0,2,M0_Rmatched_Rmatched,head,50,1.88133427597285,-0.2556200567372714,7.855738378794964,"[7.2184383608505485, 8.480839632967177]",defined,-0.03253927822078038,"[-0.05409763657954663, -0.01515513010164985]",
R2A,0.0,0,S1_bias,nees,50,36.971208554836274,33.67887635003097,94.27496343275217,"[90.65752280552388, 97.91640932989927]",defined,0.35724093782390753,"[0.3144215920428219, 0.4009273864920159]",
R2A,0.0,0,S1_bias,head,50,3.0829735198667323,1.5678692763369741,9.228630925022818,"[8.860643761336206, 9.58842641645893]",defined,0.1698918603501415,"[0.14028106873222632, 0.19843342169198844]",
R2A,0.0,1,S1_bias,nees,50,39.3780062093738,32.88709977227366,106.74412535545797,"[90.29882196214784, 133.3374912724189]",defined,0.30809283098961754,"[0.23531748304289238, 0.37794726041087695]",
R2A,0.0,1,S1_bias,head,50,3.5521904937400914,1.8032729805207115,8.722961969509516,"[8.223229771733992, 9.179017911439772]",defined,0.20672714002696813,"[0.1720467068630401, 0.24408533005508276]",
R2A,0.0,2,S1_bias,nees,50,51.385198723400556,46.05278607562455,103.42589264313585,"[97.68935493269636, 109.007871931086]",defined,0.4452732763402549,"[0.3734170839008384, 0.5298519632655095]",
R2A,0.0,2,S1_bias,head,50,4.01595426641549,1.8789999337053684,7.855738378794964,"[7.2184383608505485, 8.480839632967177]",defined,0.23918820142704386,"[0.18660863840033934, 0.2976621820090722]",
R2A,0.0,0,S2_ar0,nees,50,121.31224976356388,118.01991755875859,94.27496343275217,"[90.65752280552388, 97.91640932989927]",defined,1.25186914172546,"[0.7627622409236378, 1.8764181010094256]",over_reproduced: this synthetic model reproduces a larger degradation than the real observation; it does not establish the cause
R2A,0.0,0,S2_ar0,head,50,6.259828524930145,4.744724281400386,9.228630925022818,"[8.860643761336206, 9.58842641645893]",defined,0.5141308954652616,"[0.41115477449418397, 0.6314032333780438]",
R2A,0.0,1,S2_ar0,nees,50,129.98327797877548,123.49237154167533,106.74412535545797,"[90.29882196214784, 133.3374912724189]",defined,1.1569008704736274,"[0.7680730883459866, 1.6531812837824866]",over_reproduced: this synthetic model reproduces a larger degradation than the real observation; it does not establish the cause
R2A,0.0,1,S2_ar0,head,50,7.136590343462191,5.387672830242812,8.722961969509516,"[8.223229771733992, 9.179017911439772]",defined,0.6176425907937043,"[0.511188147656577, 0.7321206136659604]",
R2A,0.0,2,S2_ar0,nees,50,108.4276405247938,103.09522787701782,103.42589264313585,"[97.68935493269636, 109.007871931086]",defined,0.9968028821635703,"[0.6979122458865862, 1.3868959650099595]",
R2A,0.0,2,S2_ar0,head,50,6.579626938982463,4.44267260627234,7.855738378794964,"[7.2184383608505485, 8.480839632967177]",defined,0.5655321488638764,"[0.4584672854818408, 0.6923406767661631]",
R2A,0.0,0,S3_ar1,nees,50,212.97872504146298,209.6863928366577,94.27496343275217,"[90.65752280552388, 97.91640932989927]",defined,2.2242002033363857,"[1.527717805556058, 3.0972727303374934]",over_reproduced: this synthetic model reproduces a larger degradation than the real observation; it does not establish the cause
R2A,0.0,0,S3_ar1,head,50,8.279593543126422,6.764489299596662,9.228630925022818,"[8.860643761336206, 9.58842641645893]",defined,0.7329894709794063,"[0.5682756857669707, 0.9468949792017943]",
R2A,0.0,1,S3_ar1,nees,50,202.729693574835,196.23878713773487,106.74412535545797,"[90.29882196214784, 133.3374912724189]",defined,1.8384036262816306,"[1.3089139453828076, 2.5224684115345855]",over_reproduced: this synthetic model reproduces a larger degradation than the real observation; it does not establish the cause
R2A,0.0,1,S3_ar1,head,50,8.647718787088458,6.898801273869077,8.722961969509516,"[8.223229771733992, 9.179017911439772]",defined,0.7908782931741923,"[0.6675820207959939, 0.9248084360005397]",
R2A,0.0,2,S3_ar1,nees,50,211.25376499954268,205.9213523517667,103.42589264313585,"[97.68935493269636, 109.007871931086]",defined,1.9910038684634281,"[1.4495356851236796, 2.640319432569092]",over_reproduced: this synthetic model reproduces a larger degradation than the real observation; it does not establish the cause
R2A,0.0,2,S3_ar1,head,50,7.9942561322513805,5.857301799541258,7.855738378794964,"[7.2184383608505485, 8.480839632967177]",defined,0.7456080532610283,"[0.5838483112361353, 0.9342636703960866]",
R2A,0.0,0,S4_iid,nees,50,20.24716538193168,16.95483317712638,94.27496343275217,"[90.65752280552388, 97.91640932989927]",defined,0.17984449486655632,"[0.12637019582807327, 0.2448322410888197]",
R2A,0.0,0,S4_iid,head,50,1.8057952100074284,0.2906909664776699,9.228630925022818,"[8.860643761336206, 9.58842641645893]",defined,0.03149881806297842,"[0.010432196640111774, 0.05037425550405949]",
R2A,0.0,1,S4_iid,nees,50,35.68578712662804,29.1948806895279,106.74412535545797,"[90.29882196214784, 133.3374912724189]",defined,0.2735033950796724,"[0.15149557753115558, 0.44841692154575746]",
R2A,0.0,1,S4_iid,head,50,2.0019629702682833,0.25304545704890336,8.722961969509516,"[8.223229771733992, 9.179017911439772]",defined,0.029009120747448547,"[-0.006562860055583538, 0.058237005572275624]",
R2A,0.0,2,S4_iid,nees,50,44.22308309985897,38.89067045208298,103.42589264313585,"[97.68935493269636, 109.007871931086]",defined,0.37602450854615915,"[0.12017365713658419, 0.8415040057239046]",
R2A,0.0,2,S4_iid,head,50,2.7055465520830886,0.5685922193729666,7.855738378794964,"[7.2184383608505485, 8.480839632967177]",defined,0.07237922038083283,"[0.022244743766719144, 0.12186776699575759]",
R2A,0.0,0,S5_iid0,nees,50,3.9843804130481595,0.6920482082428602,94.27496343275217,"[90.65752280552388, 97.91640932989927]",defined,0.0073407422611890955,"[0.00039091609571722337, 0.015085497859868768]",
R2A,0.0,0,S5_iid0,head,50,1.5634536582551153,0.04834941472535677,9.228630925022818,"[8.860643761336206, 9.58842641645893]",defined,0.005239066890654463,"[-0.017606427827834524, 0.02595254394098212]",
R2A,0.0,1,S5_iid0,nees,50,3.5693638903222613,-2.921542546777884,106.74412535545797,"[90.29882196214784, 133.3374912724189]",defined,-0.027369586261062593,"[-0.08103981874810423, -0.0006766195932570478]",
R2A,0.0,1,S5_iid0,head,50,1.5448023948234626,-0.2041151183959177,8.722961969509516,"[8.223229771733992, 9.179017911439772]",defined,-0.023399748744679528,"[-0.05445374132520349, 0.007195558741630716]",
R2A,0.0,2,S5_iid0,nees,50,3.7764701231894664,-1.555942524586521,103.42589264313585,"[97.68935493269636, 109.007871931086]",defined,-0.015044032831847985,"[-0.03221868041468999, -0.003234262072780388]",
R2A,0.0,2,S5_iid0,head,50,1.8233382104896765,-0.3136161222204452,7.855738378794964,"[7.2184383608505485, 8.480839632967177]",defined,-0.03992191530550338,"[-0.08192471492276679, -0.0024370879114512804]",
R2A,0.0,0,S6_realdem,nees,50,30.991754404489846,27.69942219968454,94.27496343275217,"[90.65752280552388, 97.91640932989927]",defined,0.293815252651283,"[0.26897866144711713, 0.3204215400620989]",
R2A,0.0,0,S6_realdem,head,50,4.3448951429431935,2.829790899413435,9.228630925022818,"[8.860643761336206, 9.58842641645893]",defined,0.3066317119412204,"[0.2859727559845031, 0.32660908150180956]",
R2A,0.0,1,S6_realdem,nees,50,29.60817235043661,23.117265913336464,106.74412535545797,"[90.29882196214784, 133.3374912724189]",defined,0.21656710227711326,"[0.16115750596779005, 0.272892782985586]",
R2A,0.0,1,S6_realdem,head,50,4.163808524851879,2.414891011632498,8.722961969509516,"[8.223229771733992, 9.179017911439772]",defined,0.27684300585897037,"[0.24448163084953908, 0.31415210233295965]",
R2A,0.0,2,S6_realdem,nees,50,31.94232634616389,26.609913698387903,103.42589264313585,"[97.68935493269636, 109.007871931086]",defined,0.2572848347580005,"[0.21623970290342134, 0.30127147900394713]",
R2A,0.0,2,S6_realdem,head,50,4.456781245109902,2.31982691239978,7.855738378794964,"[7.2184383608505485, 8.480839632967177]",defined,0.29530348396806355,"[0.24627551662201272, 0.34591586349426945]",
R2A,0.0,0,S7_block,nees,50,51.81108821489056,48.518756010085255,94.27496343275217,"[90.65752280552388, 97.91640932989927]",defined,0.5146515495038559,"[0.31672009746127433, 0.7854817238577646]",
R2A,0.0,0,S7_block,head,50,3.8652647539177103,2.350160510387952,9.228630925022818,"[8.860643761336206, 9.58842641645893]",defined,0.2546597138277194,"[0.2028908446738551, 0.31114315927527864]",
R2A,0.0,1,S7_block,nees,50,33.108926811019664,26.618020373919517,106.74412535545797,"[90.29882196214784, 133.3374912724189]",defined,0.2493628598790004,"[0.1558501603985796, 0.36293978018363515]",
R2A,0.0,1,S7_block,head,50,3.6009573276280276,1.8520398144086472,8.722961969509516,"[8.223229771733992, 9.179017911439772]",defined,0.21231776785022322,"[0.1497319331001311, 0.2776640097399101]",
R2A,0.0,2,S7_block,nees,50,31.290138668765298,25.957726020989302,103.42589264313585,"[97.68935493269636, 109.007871931086]",defined,0.250978989473697,"[0.1851022879296205, 0.329117842712359]",
R2A,0.0,2,S7_block,head,50,3.684194921961824,1.5472405892517023,7.855738378794964,"[7.2184383608505485, 8.480839632967177]",defined,0.19695673591016946,"[0.14256337381838818, 0.2604735267449747]",
R2A,0.0,0,S8_real,nees,50,95.89053105758884,92.59819885278354,94.27496343275217,"[90.65752280552388, 97.91640932989927]",defined,0.9822141052203675,"[0.9350835840671647, 1.0296096349580568]",
R2A,0.0,0,S8_real,head,50,11.318809820578055,9.803705577048296,9.228630925022818,"[8.860643761336206, 9.58842641645893]",defined,1.0623141890381813,"[1.0314133009581254, 1.09418762919558]",over_reproduced: this synthetic model reproduces a larger degradation than the real observation; it does not establish the cause
R2A,0.0,1,S8_real,nees,50,98.62452488362271,92.13361844652256,106.74412535545797,"[90.29882196214784, 133.3374912724189]",defined,0.8631258923122709,"[0.6783652072829152, 1.0157180730764055]",
R2A,0.0,1,S8_real,head,50,11.294818277211787,9.545900763992407,8.722961969509516,"[8.223229771733992, 9.179017911439772]",defined,1.0943416694191048,"[1.0496450338907761, 1.1436484470667068]",over_reproduced: this synthetic model reproduces a larger degradation than the real observation; it does not establish the cause
R2A,0.0,2,S8_real,nees,50,105.33148713813962,99.99907449036365,103.42589264313585,"[97.68935493269636, 109.007871931086]",defined,0.9668669221488257,"[0.9231120686494753, 1.0104229560902607]",
R2A,0.0,2,S8_real,head,50,10.7612591144262,8.624304781716077,7.855738378794964,"[7.2184383608505485, 8.480839632967177]",defined,1.0978350303767384,"[1.0579749949052955, 1.1470852153740083]",over_reproduced: this synthetic model reproduces a larger degradation than the real observation; it does not establish the cause
R2A,0.0,0,W0_white_white,nees,50,3.292332204805299,0.0,94.27496343275217,"[90.65752280552388, 97.91640932989927]",defined,0.0,"[0.0, 0.0]",
R2A,0.0,0,W0_white_white,head,50,1.5151042435297584,0.0,9.228630925022818,"[8.860643761336206, 9.58842641645893]",defined,0.0,"[0.0, 0.0]",
R2A,0.0,1,W0_white_white,nees,50,6.490906437100147,0.0,106.74412535545797,"[90.29882196214784, 133.3374912724189]",defined,0.0,"[0.0, 0.0]",
R2A,0.0,1,W0_white_white,head,50,1.7489175132193802,0.0,8.722961969509516,"[8.223229771733992, 9.179017911439772]",defined,0.0,"[0.0, 0.0]",
R2A,0.0,2,W0_white_white,nees,50,5.332412647775987,0.0,103.42589264313585,"[97.68935493269636, 109.007871931086]",defined,0.0,"[0.0, 0.0]",
R2A,0.0,2,W0_white_white,head,50,2.1369543327101215,0.0,7.855738378794964,"[7.2184383608505485, 8.480839632967177]",defined,0.0,"[0.0, 0.0]",
