case,mount_deg,drift,arm,n,nees,tail_lo,tail_hi,cov_pose,cov_head,head_rmse,pos_rmse,nis_s_pre,nis_s_acc,s_rej,nis_r_pre,nis_r_acc,r_rej
R2A,0.0,0,A0_real_real,50,97.56729563755748,0.005428226779252084,0.791869722557298,0.19732207478890224,0.22581423401688777,10.778207136466701,0.8983291751959392,1.4733713486946312,0.45608516896494694,0.04217129071170079,1.4246682085773525,0.8930122072511183,0.028299155609167622
R2A,0.0,0,M0_Rmatched_Rmatched,50,1.7419028467166129,0.06031363088057898,0.0035705669481302616,0.9912665862484922,0.9682750301568155,1.2173388364964461,0.14425223610037785,1.0042365700085363,0.9265703833168909,0.010325693606755067,0.9513830461830634,0.8870446836970188,0.00861278648974661
R2A,0.0,0,S1_bias,50,36.971208554836274,0.00069963811821471,0.8190108564535585,0.1512424607961399,0.6092641737032569,3.0860647817196822,0.7893215240600748,1.2198963879674463,1.0592467921702002,0.020772014475271362,2.4481451708314763,1.5222337868300884,0.10101326899879368
R2A,0.0,0,S2_ar0,50,121.3122497635639,0.0024125452352231503,0.7360675512665863,0.22455971049457177,0.3324728588661037,5.422200255686085,0.627838663464107,1.4803563961280068,1.0717610933434123,0.03688781664656207,2.4889752796665054,1.5316634891608703,0.10381182147165255
R2A,0.0,0,S3_ar1,50,212.97872504146292,0.000651387213510246,0.8440289505428227,0.13539203860072374,0.27572979493365496,6.821230508590238,1.0835290619672615,2.132725722899923,1.0990529185839966,0.055440289505428175,2.580075291291715,1.533677123172481,0.10810615199034977
R2A,0.0,0,S4_iid,50,20.247165381931676,0.002943305186972246,0.32998793727382386,0.5717249698431845,0.8951749095295537,1.7696683652661886,0.4507238223227912,1.172110555457003,0.3958224874283676,0.0216405307599517,2.4674212019636563,1.5252469699587874,0.10212303980699634
R2A,0.0,0,S5_iid0,50,3.984380413048159,0.01218335343787694,0.08709288299155606,0.881447527141134,0.9921592279855247,1.571202206116727,0.2641535172999837,1.1306099587435938,0.3964473923750747,0.020289505428226728,2.4483419267145696,1.5239517788553787,0.1006513872135102
R2A,0.0,0,S6_realdem,50,30.991754404489843,2.4125452352229998e-05,0.7695054282267794,0.18439083232810613,0.5297949336550061,4.424492626405771,0.9750994946415055,1.1539066925333588,0.40169892521669043,0.023618817852834685,2.485331835442669,1.529365509738583,0.10344993968636908
R2A,0.0,0,S7_block,50,51.81108821489056,0.002171290711700832,0.6660796139927624,0.29211097708082023,0.4802412545235223,3.440047094696186,0.5867764542783265,1.38688364970587,0.429775445062754,0.027141133896260515,2.453257323434799,1.5234705980010432,0.10106151990349815
R2A,0.0,0,S8_real,50,95.89053105758883,0.009360675512665836,0.7658383594692402,0.22470446320868512,0.22110977080820263,11.679368388832334,0.9057951549547013,1.4742905857416457,0.45569793371574685,0.04236429433051866,2.5895888630669774,1.545791470702913,0.11102533172496981
R2A,0.0,0,W0_white_white,50,3.292332204805299,0.025597104945717698,0.05129071170084435,0.9152955367913148,0.9320627261761157,1.4514776747228644,0.1649066923579091,1.2451251718456045,1.0768857303374435,0.02164053075995169,2.4424692891928235,1.522607506879657,0.10024125452352228
R2A,0.0,1,A0_real_real,50,113.23503179255812,0.004414957780458372,0.7948371531966224,0.1955126658624849,0.22320868516284675,10.841425409398816,0.8962564013453953,1.4628821566523198,0.45265334471547275,0.041616405307599476,1.4263945332620427,0.8909137973727542,0.02858866103739439
R2A,0.0,1,M0_Rmatched_Rmatched,50,2.4377983789561966,0.05022919179734617,0.02904704463208684,0.9551266586248492,0.9230639324487333,1.4148645111652876,0.18174099114868003,1.0063789413017412,0.9325600707206948,0.009746682750301498,0.9388476652836598,0.8801933188125011,0.0078407720144752
R2A,0.0,1,S1_bias,50,39.3780062093738,0.001230398069963804,0.8313148371531967,0.13785283474065133,0.5700120627261761,3.392199004065489,0.8131762026854352,1.2348492799800628,1.072076179983517,0.02055488540410128,2.41488956580976,1.5242236076550872,0.09724969843184555
R2A,0.0,1,S2_ar0,50,129.98327797877548,0.001133896260554876,0.8075271411338963,0.16591073582629673,0.2880337756332931,5.996290955621365,0.9385942246358858,1.4336564669774325,1.1074416879985818,0.03273823884197823,2.4616547265074535,1.5324076822148538,0.10127864897466823
R2A,0.0,1,S3_ar1,50,202.729693574835,0.0009650180940892579,0.8816164053075995,0.10130277442702049,0.23370325693606753,7.851264311160435,1.2194091374582103,1.5321526746471474,1.1174492994725247,0.03821471652593481,2.4904101065855464,1.5304703153781094,0.10373944511459586
R2A,0.0,1,S4_iid,50,35.68578712662804,0.001712907117008438,0.3731966224366707,0.5315560916767189,0.8476236429433053,2.000445670175245,0.4579780030353868,1.2076607383688143,0.3929536883673866,0.022291917973461944,2.4402258745975103,1.529008103492245,0.09903498190591069
R2A,0.0,1,S5_iid0,50,3.5693638903222613,0.006610373944511432,0.04641737032569356,0.920723763570567,0.9850180940892642,1.422553561061346,0.2832418096361381,1.1626308085344026,0.38870331142811276,0.021230398069963758,2.4105332264887394,1.519695149923093,0.09768395657418573
R2A,0.0,1,S6_realdem,50,29.608172350436618,0.000144752714113388,0.7704221954161641,0.18458383594692396,0.5267551266586249,4.245454686832989,0.9621823208855218,1.1505635440104696,0.39661363785721077,0.023425814234016823,2.439451247455674,1.525831051589163,0.09990349819059104
R2A,0.0,1,S7_block,50,33.108926811019664,0.002098914354644144,0.6240530759951749,0.33220747889022917,0.5408202653799759,3.0411891729926723,0.5747707081714148,1.1463424907593518,0.4006403131846821,0.021568154402894994,2.424217045689436,1.522147057469297,0.09862484921592275
R2A,0.0,1,S8_real,50,98.62452488362271,0.006079613992762344,0.7688781664656212,0.2208443908323281,0.2161399276236429,11.868944797110226,0.8918894757966009,1.4687474766146684,0.45887882230953153,0.041905910735826266,2.544528186044771,1.5482669010173824,0.10779252110977078
R2A,0.0,1,W0_white_white,50,6.490906437100145,0.028130277442702023,0.101254523522316,0.8549336550060314,0.888443908323281,1.6453409538468562,0.1932272228132617,1.2462583240685208,1.0896623244652215,0.020096501809408873,2.4083184933641935,1.520516795006891,0.09708082026537992
R2A,0.0,2,A0_real_real,50,108.7583052909118,0.003956574185765972,0.8270928829915561,0.16009650180940888,0.16453558504221952,10.643141044955254,0.8995628692955803,1.4372469662278655,0.47091125351716717,0.038914354644149524,1.4165448549849609,0.8870214768559646,0.027816646562122987
R2A,0.0,2,M0_Rmatched_Rmatched,50,2.821410333575335,0.0324728588661037,0.0300120627261761,0.9537273823884198,0.8934137515078407,1.7215533950049258,0.1796506687601005,1.0132116948724315,0.9402349887861291,0.009650180940892584,0.9462129059960934,0.8880639715639924,0.007744270205066268
R2A,0.0,2,S1_bias,50,51.385198723400556,0.0006996381182147119,0.8427261761158021,0.12511459589867308,0.5126417370325693,3.5505418179404553,0.8734164365658824,1.2774534145208456,1.0922152058124188,0.022822677925211043,2.4305206334508016,1.5168283605279425,0.09910735826296739
R2A,0.0,2,S2_ar0,50,108.4276405247938,0.00190591073582629,0.8066103739445114,0.16405307599517488,0.3092400482509047,5.75289665443062,0.7981872141669799,1.3434209555832064,1.0423130366001054,0.030156815440289458,2.513297319021402,1.527102167399626,0.10427020506634495
R2A,0.0,2,S3_ar1,50,211.25376499954265,0.000796139927623636,0.8939686369119422,0.09018094089264171,0.2638118214716526,6.615842546516202,1.112711848690988,1.4942773275203638,1.0648639047695718,0.039903498190591025,2.5620178876989157,1.5307560032212013,0.10673100120627257
R2A,0.0,2,S4_iid,50,44.22308309985897,0.003474065138721348,0.48378769601930033,0.4338721351025332,0.6978045838359469,2.4012784791981767,0.4878890162521444,1.1956625301580095,0.417736597571291,0.021881785283474006,2.44740959067189,1.5211836278033812,0.10012062726176112
R2A,0.0,2,S5_iid0,50,3.7764701231894664,0.009336550060313609,0.05565741857659827,0.909071170084439,0.9353679131483714,1.4783754115053456,0.276310090978737,1.1414077813660795,0.40353182839940405,0.02055488540410127,2.4317418856579156,1.5118366741098048,0.09978287092882987
R2A,0.0,2,S6_realdem,50,31.94232634616389,0.0007478890229191761,0.7599276236429433,0.19640530759951744,0.4070446320868516,4.683310751868747,0.9691819819865692,1.1642959851871582,0.40008176166140624,0.02453558504221948,2.4700567539138643,1.519659402204565,0.10241254523522311
R2A,0.0,2,S7_block,50,31.290138668765298,0.0018576598311218259,0.631773220747889,0.31729794933655003,0.5049939686369119,3.2839463223075636,0.5287792374141771,1.1038015051715964,0.40898511258676384,0.020723763570566902,2.4408179886300263,1.5170103000977002,0.10007237635705664
R2A,0.0,2,S8_real,50,105.33148713813964,0.005018094089264152,0.8052110977080821,0.18101326899879366,0.16219541616405306,11.323867821010957,0.9070441195999652,1.4532387558254714,0.4726248769197504,0.039927623642943263,2.547516504126026,1.536544937044822,0.10784077201447523
R2A,0.0,2,W0_white_white,50,5.332412647775987,0.013920386007237611,0.11956574185765978,0.8315078407720145,0.8229433051869722,1.896482116422316,0.20676013468799798,1.2579763407117333,1.0954624711026288,0.02098914354644144,2.4256019531096773,1.5109809464415291,0.09958986731001201
