arm,drift,nees_mean,nees_min,nees_median,nees_p95,nees_max,heading_median,heading_max,pos_median,pos_max
A0_real_real,0,97.56729563755748,68.84691816149657,95.95999316586904,120.18430922001346,124.0972894002605,10.778207136466701,12.337783531703794,0.8983291751959392,0.978509649672226
A0_real_real,1,113.23503179255812,71.84358823980537,99.70389830131512,128.65991545311581,693.9522395269428,10.841425409398816,12.402571820935629,0.8962564013453953,1.037998612733401
A0_real_real,2,108.7583052909118,79.43089960207699,102.93125885109743,147.79802866553763,167.4534904372207,10.643141044955254,12.46115698091686,0.8995628692955803,1.2684491773855304
M0_Rmatched_Rmatched,0,1.7419028467166129,0.8004595559309389,1.5717605306794074,3.1863961172233246,4.728115184839265,1.2173388364964461,2.237517465754671,0.14425223610037785,0.2981485907416674
M0_Rmatched_Rmatched,1,2.4377983789561966,0.7786656460476895,1.8034826716858257,4.721380149583872,13.84430430683284,1.4148645111652876,4.112113515993694,0.18174099114868003,0.5964647983734693
M0_Rmatched_Rmatched,2,2.821410333575335,1.0090142276193232,2.186494376631937,5.119804247946346,15.799082555271813,1.7215533950049258,4.864052309296213,0.1796506687601005,0.6296194823121197
S1_bias,0,36.971208554836274,10.538769560805813,35.207428941815806,63.435988149689514,71.07377459337303,3.0860647817196822,5.455904700993951,0.7893215240600748,1.0665640353531725
S1_bias,1,39.3780062093738,13.345455177032749,38.400340599482014,63.22504032868875,78.84481529463571,3.392199004065489,7.3712131922039745,0.8131762026854352,1.1777118498537669
S1_bias,2,51.385198723400556,6.327578623992123,44.026132894485364,119.26541227973445,181.01242112735,3.5505418179404553,9.768174256938575,0.8734164365658824,1.200598648475951
S2_ar0,0,121.3122497635639,6.290616051560858,58.851566172983176,472.6126061380294,965.0432964402872,5.422200255686085,18.043598055664955,0.627838663464107,2.8622088978917875
S2_ar0,1,129.98327797877548,7.912115679705824,78.42710782249284,451.5273515430458,605.9135040127265,5.996290955621365,14.52545327278077,0.9385942246358858,2.5531802228178244
S2_ar0,2,108.4276405247938,6.738085746421255,66.41982277470545,314.3421919958224,704.2120931399504,5.75289665443062,21.465830489993763,0.7981872141669799,2.2885612832335718
S3_ar1,0,212.97872504146292,6.92653276162519,130.8060822222527,746.580874906332,1187.5937541284725,6.821230508590238,35.58013215337622,1.0835290619672615,2.960096746822414
S3_ar1,1,202.729693574835,10.900905305001537,145.33142938920645,470.2529014701916,816.3497937168925,7.851264311160435,17.819011413019304,1.2194091374582103,2.5943589623777856
S3_ar1,2,211.25376499954265,12.3550059490813,131.50765018543436,574.789755866425,1042.849920761386,6.615842546516202,24.045999670100212,1.112711848690988,2.3360033567968097
S4_iid,0,20.247165381931676,3.1706050948132125,14.663475352167225,60.56716310256126,87.6895805453604,1.7696683652661886,3.198789396682741,0.4507238223227912,0.7761294294817607
S4_iid,1,35.68578712662804,4.235762365135123,16.290239439427637,117.11050872689006,321.2427865362117,2.000445670175245,3.0993603608300395,0.4579780030353868,0.6362167769350727
S4_iid,2,44.22308309985897,2.558079165281447,17.562455074082116,53.64451795400116,1116.377309101656,2.4012784791981767,6.650867466895454,0.4878890162521444,0.6689855218731039
S5_iid0,0,3.984380413048159,1.7620648849294185,3.0568386544159427,10.078314035744617,14.527695214114964,1.571202206116727,3.0074677199286133,0.2641535172999837,0.7227391127575767
S5_iid0,1,3.5693638903222613,2.1026022246755844,3.143462996301875,6.054645672860093,7.473892247381575,1.422553561061346,3.129082698306833,0.2832418096361381,0.5640258571682251
S5_iid0,2,3.7764701231894664,1.9023939327552937,3.4153953917779685,5.992768246151687,6.731131255511281,1.4783754115053456,3.860047594866128,0.276310090978737,0.500858259209172
S6_realdem,0,30.991754404489843,8.939282915543624,30.28835883742388,45.69580784798373,48.934000617713465,4.424492626405771,5.035220665740103,0.9750994946415055,1.2500997448560065
S6_realdem,1,29.608172350436618,11.964292808863664,28.421330968156795,46.7618959794829,49.35668798703751,4.245454686832989,5.470103307894309,0.9621823208855218,1.2232022408238408
S6_realdem,2,31.94232634616389,4.570049894420655,30.361046694917274,54.7731913288354,95.31386187812278,4.683310751868747,6.382872582660241,0.9691819819865692,1.6218409458323957
S7_block,0,51.81108821489056,3.6362148694132927,35.53312013800199,87.90809143913009,539.9952835959848,3.440047094696186,11.52606455206608,0.5867764542783265,1.3106056574869058
S7_block,1,33.108926811019664,2.460341474475413,28.219391055037413,70.79031931296404,186.79950970104505,3.0411891729926723,10.257567049630351,0.5747707081714148,1.3790357081513176
S7_block,2,31.290138668765298,3.220161474141242,24.42881728553372,66.41213573598372,150.41669608738258,3.2839463223075636,9.096345470726144,0.5287792374141771,1.3595845799918476
S8_real,0,95.89053105758883,54.4480797532554,98.19053496259957,126.64420352567124,135.25518088754063,11.679368388832334,13.302257546858131,0.9057951549547013,1.0101105086317343
S8_real,1,98.62452488362271,55.13462652551791,102.01104278050525,121.91635181278332,129.94390860503512,11.868944797110226,13.173451830853342,0.8918894757966009,1.2358176574643178
S8_real,2,105.33148713813964,62.50214928846713,106.59651608772532,138.1588967620593,168.67382880047182,11.323867821010957,13.020165819611805,0.9070441195999652,1.4387969674032053
W0_white_white,0,3.292332204805299,1.4442691186427348,2.8181323653380272,6.098345022368347,9.564872838759946,1.4514776747228644,3.156623507068549,0.1649066923579091,0.6951907183807532
W0_white_white,1,6.490906437100145,1.761058438700849,3.1357644143278094,14.777196942394283,108.25897666577232,1.6453409538468562,4.254284792409539,0.1932272228132617,0.6717243576589955
W0_white_white,2,5.332412647775987,1.8858490971673891,3.880383104132051,13.984175233375316,32.32291144576507,1.896482116422316,5.604661193894142,0.20676013468799798,0.9204052171748536
