case,mount_deg,drift,arm,metric,n_seeds,arm_mean,minus_W0,denominator,denominator_ci,status,closure,closure_ci,note
R2A,0.0,0,A0_real_real,nees,50,97.56729563755748,94.27496343275217,94.27496343275217,"[90.65752280552388, 97.91640932989927]",defined,1.0,"[1.0, 1.0]",
R2A,0.0,0,A0_real_real,head,50,10.743735168552577,9.228630925022816,9.228630925022818,"[8.860643761336206, 9.58842641645893]",defined,1.0,"[1.0, 1.0]",
R2A,0.0,1,A0_real_real,nees,50,113.23503179255812,106.74412535545798,106.74412535545797,"[90.29882196214784, 133.3374912724189]",defined,1.0,"[1.0, 1.0]",
R2A,0.0,1,A0_real_real,head,50,10.471879482728896,8.722961969509518,8.722961969509516,"[8.223229771733992, 9.179017911439772]",defined,1.0,"[1.0, 1.0]",
R2A,0.0,2,A0_real_real,nees,50,108.75830529091184,103.42589264313582,103.42589264313585,"[97.68935493269636, 109.007871931086]",defined,1.0,"[1.0, 1.0]",
R2A,0.0,2,A0_real_real,head,50,9.992692711505086,7.855738378794964,7.855738378794964,"[7.2184383608505485, 8.480839632967177]",defined,1.0,"[1.0, 1.0]",
R2A,0.0,0,J1_ar_indep,nees,50,240.21449811926632,236.922165914461,94.27496343275217,"[90.65752280552388, 97.91640932989927]",defined,2.5130974045241756,"[1.8390956350026089, 3.3483749374327942]",over_reproduced: this synthetic model reproduces a larger degradation than the real observation; it does not establish the cause
R2A,0.0,0,J1_ar_indep,head,50,7.728700414183579,6.213596170653822,9.228630925022818,"[8.860643761336206, 9.58842641645893]",defined,0.6732955539272969,"[0.5201525519523409, 0.8619467515203855]",
R2A,0.0,1,J1_ar_indep,nees,50,245.67363048350356,239.18272404640345,106.74412535545797,"[90.29882196214784, 133.3374912724189]",defined,2.2407108892402734,"[1.5770146696919138, 3.0530813432312485]",over_reproduced: this synthetic model reproduces a larger degradation than the real observation; it does not establish the cause
R2A,0.0,1,J1_ar_indep,head,50,8.2321476041095,6.48323009089012,8.722961969509516,"[8.223229771733992, 9.179017911439772]",defined,0.7432372299170605,"[0.6310511228843367, 0.8771073850454167]",
R2A,0.0,2,J1_ar_indep,nees,50,234.32838171135379,228.99596906357783,103.42589264313585,"[97.68935493269636, 109.007871931086]",defined,2.2141067697014045,"[1.7079979357011028, 2.804918724653963]",over_reproduced: this synthetic model reproduces a larger degradation than the real observation; it does not establish the cause
R2A,0.0,2,J1_ar_indep,head,50,7.7276429167660945,5.5906885840559735,7.855738378794964,"[7.2184383608505485, 8.480839632967177]",defined,0.7116693956034672,"[0.5609573827416672, 0.889353125524]",
R2A,0.0,0,J2_ar_corr,nees,50,237.85136312716477,234.55903092235948,94.27496343275217,"[90.65752280552388, 97.91640932989927]",defined,2.4880309934002165,"[1.8015772010086926, 3.309186031968065]",over_reproduced: this synthetic model reproduces a larger degradation than the real observation; it does not establish the cause
R2A,0.0,0,J2_ar_corr,head,50,8.288356611926565,6.773252368396806,9.228630925022818,"[8.860643761336206, 9.58842641645893]",defined,0.7339390233963723,"[0.5745825118137461, 0.929602291174381]",
R2A,0.0,1,J2_ar_corr,nees,50,264.63169292721153,258.14078649011134,106.74412535545797,"[90.29882196214784, 133.3374912724189]",defined,2.418313753852987,"[1.6961938312602183, 3.3454990785975465]",over_reproduced: this synthetic model reproduces a larger degradation than the real observation; it does not establish the cause
R2A,0.0,1,J2_ar_corr,head,50,8.717923919263276,6.969006406043894,8.722961969509516,"[8.223229771733992, 9.179017911439772]",defined,0.7989266066278352,"[0.6773139585342441, 0.9365650928659527]",
R2A,0.0,2,J2_ar_corr,nees,50,246.77523460303254,241.44282195525656,103.42589264313585,"[97.68935493269636, 109.007871931086]",defined,2.334452386969856,"[1.6618852027290618, 3.187814905665865]",over_reproduced: this synthetic model reproduces a larger degradation than the real observation; it does not establish the cause
R2A,0.0,2,J2_ar_corr,head,50,7.82238544114607,5.685431108435947,7.855738378794964,"[7.2184383608505485, 8.480839632967177]",defined,0.7237296908693729,"[0.571758811542025, 0.8973025642995358]",
R2A,0.0,0,J3_joint_block,nees,50,53.60616120205911,50.313828997253815,94.27496343275217,"[90.65752280552388, 97.91640932989927]",defined,0.5336923735127563,"[0.40114805846105683, 0.6984018933706141]",
R2A,0.0,0,J3_joint_block,head,50,3.2922006029023607,1.7770963593726021,9.228630925022818,"[8.860643761336206, 9.58842641645893]",defined,0.19256337953164038,"[0.14062301944050346, 0.24944240956399094]",
R2A,0.0,1,J3_joint_block,nees,50,54.66350912503907,48.17260268793891,106.74412535545797,"[90.29882196214784, 133.3374912724189]",defined,0.451290434274712,"[0.3013631289468447, 0.6353660642868637]",
R2A,0.0,1,J3_joint_block,head,50,3.1188553468895446,1.3699378336701644,8.722961969509516,"[8.223229771733992, 9.179017911439772]",defined,0.15704961668509884,"[0.10484469758783896, 0.21467939797658445]",
R2A,0.0,2,J3_joint_block,nees,50,47.87951324900044,42.54710060122446,103.42589264313585,"[97.68935493269636, 109.007871931086]",defined,0.41137764938641025,"[0.3280530059199125, 0.49374169760413955]",
R2A,0.0,2,J3_joint_block,head,50,3.482342394889069,1.3453880621789474,7.855738378794964,"[7.2184383608505485, 8.480839632967177]",defined,0.17126182127074913,"[0.1150099015631428, 0.22642680763206494]",
R2A,0.0,0,M0_Rmatched_Rmatched,nees,50,1.7419028467166129,-1.550429358088686,94.27496343275217,"[90.65752280552388, 97.91640932989927]",defined,-0.01644582295907897,"[-0.020271351847642068, -0.013333266951221598]",
R2A,0.0,0,M0_Rmatched_Rmatched,head,50,1.2725918066966047,-0.24251243683315377,9.228630925022818,"[8.860643761336206, 9.58842641645893]",defined,-0.026278268012170408,"[-0.04000807442747745, -0.01504885763778496]",
R2A,0.0,1,M0_Rmatched_Rmatched,nees,50,2.4377983789561966,-4.053108058143949,106.74412535545797,"[90.29882196214784, 133.3374912724189]",defined,-0.0379703149437695,"[-0.09033392010310194, -0.012844657583550526]",
R2A,0.0,1,M0_Rmatched_Rmatched,head,50,1.5702399108890277,-0.17867760233035285,8.722961969509516,"[8.223229771733992, 9.179017911439772]",defined,-0.020483592953277466,"[-0.033730541637616115, -0.0080823193049369]",
R2A,0.0,2,M0_Rmatched_Rmatched,nees,50,2.8214103335753355,-2.511002314200653,103.42589264313585,"[97.68935493269636, 109.007871931086]",defined,-0.024278275488176813,"[-0.0348397807871034, -0.016237562973357367]",
R2A,0.0,2,M0_Rmatched_Rmatched,head,50,1.88133427597285,-0.2556200567372714,7.855738378794964,"[7.2184383608505485, 8.480839632967177]",defined,-0.03253927822078038,"[-0.05409763657954663, -0.01515513010164985]",
R2A,0.0,0,R1_bias,nees,50,8.38659716177884,5.094264956973541,94.27496343275217,"[90.65752280552388, 97.91640932989927]",defined,0.054036244316417695,"[0.04734154065369361, 0.06031016969460859]",
R2A,0.0,0,R1_bias,head,50,1.4705962403228,-0.0445080032069583,9.228630925022818,"[8.860643761336206, 9.58842641645893]",defined,-0.004822817552089767,"[-0.016157531037904897, 0.005497896184795256]",
R2A,0.0,1,R1_bias,nees,50,8.244695593204899,1.7537891561047507,106.74412535545797,"[90.29882196214784, 133.3374912724189]",defined,0.016429842394273534,"[-0.02748988803043556, 0.04301200992390132]",
R2A,0.0,1,R1_bias,head,50,1.6283190051205654,-0.12059850809881478,8.722961969509516,"[8.223229771733992, 9.179017911439772]",defined,-0.013825407988749483,"[-0.02999440481882615, 0.0017638564422871523]",
R2A,0.0,2,R1_bias,nees,50,9.923576468763388,4.591163820987401,103.42589264313585,"[97.68935493269636, 109.007871931086]",defined,0.04439085516843355,"[0.033043350710114806, 0.054789815087782086]",
R2A,0.0,2,R1_bias,head,50,1.8109307785052937,-0.32602355420482837,7.855738378794964,"[7.2184383608505485, 8.480839632967177]",defined,-0.04150132533497613,"[-0.07470544813677993, -0.016333321559728997]",
R2A,0.0,0,R2_ar0,nees,50,10.288822796113932,6.996490591308633,94.27496343275217,"[90.65752280552388, 97.91640932989927]",defined,0.0742136653948356,"[0.056947719512152634, 0.10237718506456601]",
R2A,0.0,0,R2_ar0,head,50,1.80062374312671,0.2855194995969514,9.228630925022818,"[8.860643761336206, 9.58842641645893]",defined,0.030938446007498746,"[0.008070779335797603, 0.060058878446398865]",
R2A,0.0,1,R2_ar0,nees,50,11.880975933396009,5.390069496295866,106.74412535545797,"[90.29882196214784, 133.3374912724189]",defined,0.05049523314137362,"[0.001763850201584628, 0.09745833789634405]",
R2A,0.0,1,R2_ar0,head,50,2.0884916006914453,0.339574087472065,8.722961969509516,"[8.223229771733992, 9.179017911439772]",defined,0.038928759366259065,"[0.016715826247639315, 0.07030967467202538]",
R2A,0.0,2,R2_ar0,nees,50,16.14039578060717,10.807983132831179,103.42589264313585,"[97.68935493269636, 109.007871931086]",defined,0.10449978101831241,"[0.05661769646174093, 0.1795521034013975]",
R2A,0.0,2,R2_ar0,head,50,2.478560134183522,0.34160580147340064,7.855738378794964,"[7.2184383608505485, 8.480839632967177]",defined,0.04348487500493892,"[0.008860249418222669, 0.09048651982199295]",
R2A,0.0,0,R3_ar1,nees,50,16.010645213591086,12.71831300878579,94.27496343275217,"[90.65752280552388, 97.91640932989927]",defined,0.13490658119276772,"[0.11670957381883666, 0.1554329609066059]",
R2A,0.0,0,R3_ar1,head,50,1.7140635357277147,0.19895929219795622,9.228630925022818,"[8.860643761336206, 9.58842641645893]",defined,0.021558917440125544,"[0.001842338271077061, 0.04202256362337281]",
R2A,0.0,1,R3_ar1,nees,50,14.795822971959128,8.30491653485898,106.74412535545797,"[90.29882196214784, 133.3374912724189]",defined,0.07780209456214669,"[0.035692542800016505, 0.11341846498667289]",
R2A,0.0,1,R3_ar1,head,50,1.7689185878408105,0.020001074621430373,8.722961969509516,"[8.223229771733992, 9.179017911439772]",defined,0.0022929223687255104,"[-0.013478979112797216, 0.01865260477432811]",
R2A,0.0,2,R3_ar1,nees,50,33.801596063855044,28.469183416079048,103.42589264313585,"[97.68935493269636, 109.007871931086]",defined,0.27526166502918253,"[0.10555307661897194, 0.5285970955249746]",
R2A,0.0,2,R3_ar1,head,50,2.35264221604661,0.2156878833364882,7.855738378794964,"[7.2184383608505485, 8.480839632967177]",defined,0.027456092977675504,"[-0.02800727380846867, 0.09349958848244422]",
R2A,0.0,0,R4_iid,nees,50,4.8330910340210265,1.5407588292157275,94.27496343275217,"[90.65752280552388, 97.91640932989927]",defined,0.01634324504739559,"[0.011190336319115425, 0.02072714830918343]",
R2A,0.0,0,R4_iid,head,50,1.4198555428568307,-0.09524870067292794,9.228630925022818,"[8.860643761336206, 9.58842641645893]",defined,-0.010321000097063928,"[-0.022094812300449854, 0.00018639838352058497]",
R2A,0.0,1,R4_iid,nees,50,5.794468195103482,-0.6964382419966644,106.74412535545797,"[90.29882196214784, 133.3374912724189]",defined,-0.0065243706824851064,"[-0.05154672880677108, 0.017707185717974305]",
R2A,0.0,1,R4_iid,head,50,1.6539393062889545,-0.09497820693042565,8.722961969509516,"[8.223229771733992, 9.179017911439772]",defined,-0.010888297720707159,"[-0.032852278459569235, 0.009532524125792077]",
R2A,0.0,2,R4_iid,nees,50,6.632341069013449,1.2999284212374622,103.42589264313585,"[97.68935493269636, 109.007871931086]",defined,0.012568694241032838,"[0.00283723054478226, 0.020773986567470808]",
R2A,0.0,2,R4_iid,head,50,1.8345722074212159,-0.30238212528890523,7.855738378794964,"[7.2184383608505485, 8.480839632967177]",defined,-0.03849187825617097,"[-0.07123896448448241, -0.014567051095706976]",
R2A,0.0,0,R5_realdem,nees,50,11.256686187122575,7.964353982317277,94.27496343275217,"[90.65752280552388, 97.91640932989927]",defined,0.08448005379496515,"[0.06839610273683913, 0.10530457246073188]",
R2A,0.0,0,R5_realdem,head,50,2.0604236003101004,0.5453193567803418,9.228630925022818,"[8.860643761336206, 9.58842641645893]",defined,0.05908995182608776,"[0.03301482132066501, 0.08928662863160612]",
R2A,0.0,1,R5_realdem,nees,50,19.48459595600739,12.993689518907244,106.74412535545797,"[90.29882196214784, 133.3374912724189]",defined,0.12172744378801412,"[0.043243485133225706, 0.23565157493430713]",
R2A,0.0,1,R5_realdem,head,50,2.596240103541062,0.8473225903216814,8.722961969509516,"[8.223229771733992, 9.179017911439772]",defined,0.09713702676721928,"[0.05784535681496194, 0.14705172138188966]",
R2A,0.0,2,R5_realdem,nees,50,17.201646980040977,11.869234332264988,103.42589264313585,"[97.68935493269636, 109.007871931086]",defined,0.11476076279292063,"[0.0846531389375375, 0.14801610185722058]",
R2A,0.0,2,R5_realdem,head,50,3.1459073460405538,1.0089530133304319,7.855738378794964,"[7.2184383608505485, 8.480839632967177]",defined,0.12843515971126335,"[0.07981265870878755, 0.18361888433007545]",
R2A,0.0,0,R6_distbin,nees,50,9.577345446580658,6.285013241775357,94.27496343275217,"[90.65752280552388, 97.91640932989927]",defined,0.06666683298433267,"[0.06237782684462274, 0.07089326978595017]",
R2A,0.0,0,R6_distbin,head,50,1.4654425168920215,-0.04966172663773658,9.228630925022818,"[8.860643761336206, 9.58842641645893]",defined,-0.005381266955110575,"[-0.015652600722990618, 0.004977886443216767]",
R2A,0.0,1,R6_distbin,nees,50,10.605366730827825,4.11446029372768,106.74412535545797,"[90.29882196214784, 133.3374912724189]",defined,0.03854507477602654,"[-0.0014645079405571412, 0.06596507166595822]",
R2A,0.0,1,R6_distbin,head,50,1.8090387610774297,0.06012124785804944,8.722961969509516,"[8.223229771733992, 9.179017911439772]",defined,0.006892297371947624,"[-0.00552629258488773, 0.021548266907217003]",
R2A,0.0,2,R6_distbin,nees,50,12.445783936774816,7.113371288998826,103.42589264313585,"[97.68935493269636, 109.007871931086]",defined,0.06877747058507915,"[0.057258790314616684, 0.0823099339506717]",
R2A,0.0,2,R6_distbin,head,50,2.173764283909969,0.036809951199847625,7.855738378794964,"[7.2184383608505485, 8.480839632967177]",defined,0.004685740464474853,"[-0.011694609892664454, 0.023193034124549827]",
R2A,0.0,0,R7_tapbin,nees,50,8.023658402873169,4.731326198067871,94.27496343275217,"[90.65752280552388, 97.91640932989927]",defined,0.05018645487402178,"[0.043846545127626105, 0.055868618961961665]",
R2A,0.0,0,R7_tapbin,head,50,1.456486499277967,-0.05861774425179165,9.228630925022818,"[8.860643761336206, 9.58842641645893]",defined,-0.0063517270034987895,"[-0.01807349111284953, 0.0037261016829056633]",
R2A,0.0,1,R7_tapbin,nees,50,8.185872969104317,1.6949665320041714,106.74412535545797,"[90.29882196214784, 133.3374912724189]",defined,0.015878780460844386,"[-0.027765562287802265, 0.04225779535885706]",
R2A,0.0,1,R7_tapbin,head,50,1.6491961210003134,-0.09972139221906652,8.722961969509516,"[8.223229771733992, 9.179017911439772]",defined,-0.011432056286343521,"[-0.027356672438505297, 0.004268734256351417]",
R2A,0.0,2,R7_tapbin,nees,50,9.762878877104715,4.430466229328727,103.42589264313585,"[97.68935493269636, 109.007871931086]",defined,0.042837108929924886,"[0.032055619671623015, 0.053080517709823236]",
R2A,0.0,2,R7_tapbin,head,50,1.8164613275418093,-0.32049300516831186,7.855738378794964,"[7.2184383608505485, 8.480839632967177]",defined,-0.04079731143203809,"[-0.07202453638232412, -0.016774422662432936]",
R2A,0.0,0,R8_real,nees,50,10.44580306711623,7.153470862310932,94.27496343275217,"[90.65752280552388, 97.91640932989927]",defined,0.07587879752839805,"[0.06804351523835243, 0.08543495420226883]",
R2A,0.0,0,R8_real,head,50,1.4828865040844077,-0.032217739445350974,9.228630925022818,"[8.860643761336206, 9.58842641645893]",defined,-0.003491063810775487,"[-0.01538796292720942, 0.006899799773646627]",
R2A,0.0,1,R8_real,nees,50,12.602864539687202,6.111958102587055,106.74412535545797,"[90.29882196214784, 133.3374912724189]",defined,0.057258027851502205,"[0.02614893543626888, 0.08592365484177444]",
R2A,0.0,1,R8_real,head,50,1.8835579670568772,0.1346404538374971,8.722961969509516,"[8.223229771733992, 9.179017911439772]",defined,0.015435176068418387,"[-0.006720504363643324, 0.04261758445867702]",
R2A,0.0,2,R8_real,nees,50,12.25329032758785,6.920877679811863,103.42589264313585,"[97.68935493269636, 109.007871931086]",defined,0.06691629632525281,"[0.05615886159477606, 0.07756215956104599]",
R2A,0.0,2,R8_real,head,50,2.1570476080677072,0.02009327535758585,7.855738378794964,"[7.2184383608505485, 8.480839632967177]",defined,0.002557783162919942,"[-0.022920455212091063, 0.024115946873215596]",
R2A,0.0,0,S1_bias,nees,50,36.971208554836274,33.67887635003097,94.27496343275217,"[90.65752280552388, 97.91640932989927]",defined,0.35724093782390753,"[0.3144215920428219, 0.4009273864920159]",
R2A,0.0,0,S1_bias,head,50,3.0829735198667323,1.5678692763369741,9.228630925022818,"[8.860643761336206, 9.58842641645893]",defined,0.1698918603501415,"[0.14028106873222632, 0.19843342169198844]",
R2A,0.0,1,S1_bias,nees,50,39.3780062093738,32.88709977227366,106.74412535545797,"[90.29882196214784, 133.3374912724189]",defined,0.30809283098961754,"[0.23531748304289238, 0.37794726041087695]",
R2A,0.0,1,S1_bias,head,50,3.5521904937400914,1.8032729805207115,8.722961969509516,"[8.223229771733992, 9.179017911439772]",defined,0.20672714002696813,"[0.1720467068630401, 0.24408533005508276]",
R2A,0.0,2,S1_bias,nees,50,51.385198723400556,46.05278607562455,103.42589264313585,"[97.68935493269636, 109.007871931086]",defined,0.4452732763402549,"[0.3734170839008384, 0.5298519632655095]",
R2A,0.0,2,S1_bias,head,50,4.01595426641549,1.8789999337053684,7.855738378794964,"[7.2184383608505485, 8.480839632967177]",defined,0.23918820142704386,"[0.18660863840033934, 0.2976621820090722]",
R2A,0.0,0,S2_ar0,nees,50,121.31224976356388,118.01991755875859,94.27496343275217,"[90.65752280552388, 97.91640932989927]",defined,1.25186914172546,"[0.7627622409236378, 1.8764181010094256]",over_reproduced: this synthetic model reproduces a larger degradation than the real observation; it does not establish the cause
R2A,0.0,0,S2_ar0,head,50,6.259828524930145,4.744724281400386,9.228630925022818,"[8.860643761336206, 9.58842641645893]",defined,0.5141308954652616,"[0.41115477449418397, 0.6314032333780438]",
R2A,0.0,1,S2_ar0,nees,50,129.98327797877548,123.49237154167533,106.74412535545797,"[90.29882196214784, 133.3374912724189]",defined,1.1569008704736274,"[0.7680730883459866, 1.6531812837824866]",over_reproduced: this synthetic model reproduces a larger degradation than the real observation; it does not establish the cause
R2A,0.0,1,S2_ar0,head,50,7.136590343462191,5.387672830242812,8.722961969509516,"[8.223229771733992, 9.179017911439772]",defined,0.6176425907937043,"[0.511188147656577, 0.7321206136659604]",
R2A,0.0,2,S2_ar0,nees,50,108.4276405247938,103.09522787701782,103.42589264313585,"[97.68935493269636, 109.007871931086]",defined,0.9968028821635703,"[0.6979122458865862, 1.3868959650099595]",
R2A,0.0,2,S2_ar0,head,50,6.579626938982463,4.44267260627234,7.855738378794964,"[7.2184383608505485, 8.480839632967177]",defined,0.5655321488638764,"[0.4584672854818408, 0.6923406767661631]",
R2A,0.0,0,S3_ar1,nees,50,212.97872504146298,209.6863928366577,94.27496343275217,"[90.65752280552388, 97.91640932989927]",defined,2.2242002033363857,"[1.527717805556058, 3.0972727303374934]",over_reproduced: this synthetic model reproduces a larger degradation than the real observation; it does not establish the cause
R2A,0.0,0,S3_ar1,head,50,8.279593543126422,6.764489299596662,9.228630925022818,"[8.860643761336206, 9.58842641645893]",defined,0.7329894709794063,"[0.5682756857669707, 0.9468949792017943]",
R2A,0.0,1,S3_ar1,nees,50,202.729693574835,196.23878713773487,106.74412535545797,"[90.29882196214784, 133.3374912724189]",defined,1.8384036262816306,"[1.3089139453828076, 2.5224684115345855]",over_reproduced: this synthetic model reproduces a larger degradation than the real observation; it does not establish the cause
R2A,0.0,1,S3_ar1,head,50,8.647718787088458,6.898801273869077,8.722961969509516,"[8.223229771733992, 9.179017911439772]",defined,0.7908782931741923,"[0.6675820207959939, 0.9248084360005397]",
R2A,0.0,2,S3_ar1,nees,50,211.25376499954268,205.9213523517667,103.42589264313585,"[97.68935493269636, 109.007871931086]",defined,1.9910038684634281,"[1.4495356851236796, 2.640319432569092]",over_reproduced: this synthetic model reproduces a larger degradation than the real observation; it does not establish the cause
R2A,0.0,2,S3_ar1,head,50,7.9942561322513805,5.857301799541258,7.855738378794964,"[7.2184383608505485, 8.480839632967177]",defined,0.7456080532610283,"[0.5838483112361353, 0.9342636703960866]",
R2A,0.0,0,S4_iid,nees,50,20.24716538193168,16.95483317712638,94.27496343275217,"[90.65752280552388, 97.91640932989927]",defined,0.17984449486655632,"[0.12637019582807327, 0.2448322410888197]",
R2A,0.0,0,S4_iid,head,50,1.8057952100074284,0.2906909664776699,9.228630925022818,"[8.860643761336206, 9.58842641645893]",defined,0.03149881806297842,"[0.010432196640111774, 0.05037425550405949]",
R2A,0.0,1,S4_iid,nees,50,35.68578712662804,29.1948806895279,106.74412535545797,"[90.29882196214784, 133.3374912724189]",defined,0.2735033950796724,"[0.15149557753115558, 0.44841692154575746]",
R2A,0.0,1,S4_iid,head,50,2.0019629702682833,0.25304545704890336,8.722961969509516,"[8.223229771733992, 9.179017911439772]",defined,0.029009120747448547,"[-0.006562860055583538, 0.058237005572275624]",
R2A,0.0,2,S4_iid,nees,50,44.22308309985897,38.89067045208298,103.42589264313585,"[97.68935493269636, 109.007871931086]",defined,0.37602450854615915,"[0.12017365713658419, 0.8415040057239046]",
R2A,0.0,2,S4_iid,head,50,2.7055465520830886,0.5685922193729666,7.855738378794964,"[7.2184383608505485, 8.480839632967177]",defined,0.07237922038083283,"[0.022244743766719144, 0.12186776699575759]",
R2A,0.0,0,S5_iid0,nees,50,3.9843804130481595,0.6920482082428602,94.27496343275217,"[90.65752280552388, 97.91640932989927]",defined,0.0073407422611890955,"[0.00039091609571722337, 0.015085497859868768]",
R2A,0.0,0,S5_iid0,head,50,1.5634536582551153,0.04834941472535677,9.228630925022818,"[8.860643761336206, 9.58842641645893]",defined,0.005239066890654463,"[-0.017606427827834524, 0.02595254394098212]",
R2A,0.0,1,S5_iid0,nees,50,3.5693638903222613,-2.921542546777884,106.74412535545797,"[90.29882196214784, 133.3374912724189]",defined,-0.027369586261062593,"[-0.08103981874810423, -0.0006766195932570478]",
R2A,0.0,1,S5_iid0,head,50,1.5448023948234626,-0.2041151183959177,8.722961969509516,"[8.223229771733992, 9.179017911439772]",defined,-0.023399748744679528,"[-0.05445374132520349, 0.007195558741630716]",
R2A,0.0,2,S5_iid0,nees,50,3.7764701231894664,-1.555942524586521,103.42589264313585,"[97.68935493269636, 109.007871931086]",defined,-0.015044032831847985,"[-0.03221868041468999, -0.003234262072780388]",
R2A,0.0,2,S5_iid0,head,50,1.8233382104896765,-0.3136161222204452,7.855738378794964,"[7.2184383608505485, 8.480839632967177]",defined,-0.03992191530550338,"[-0.08192471492276679, -0.0024370879114512804]",
R2A,0.0,0,S6_realdem,nees,50,30.991754404489846,27.69942219968454,94.27496343275217,"[90.65752280552388, 97.91640932989927]",defined,0.293815252651283,"[0.26897866144711713, 0.3204215400620989]",
R2A,0.0,0,S6_realdem,head,50,4.3448951429431935,2.829790899413435,9.228630925022818,"[8.860643761336206, 9.58842641645893]",defined,0.3066317119412204,"[0.2859727559845031, 0.32660908150180956]",
R2A,0.0,1,S6_realdem,nees,50,29.60817235043661,23.117265913336464,106.74412535545797,"[90.29882196214784, 133.3374912724189]",defined,0.21656710227711326,"[0.16115750596779005, 0.272892782985586]",
R2A,0.0,1,S6_realdem,head,50,4.163808524851879,2.414891011632498,8.722961969509516,"[8.223229771733992, 9.179017911439772]",defined,0.27684300585897037,"[0.24448163084953908, 0.31415210233295965]",
R2A,0.0,2,S6_realdem,nees,50,31.94232634616389,26.609913698387903,103.42589264313585,"[97.68935493269636, 109.007871931086]",defined,0.2572848347580005,"[0.21623970290342134, 0.30127147900394713]",
R2A,0.0,2,S6_realdem,head,50,4.456781245109902,2.31982691239978,7.855738378794964,"[7.2184383608505485, 8.480839632967177]",defined,0.29530348396806355,"[0.24627551662201272, 0.34591586349426945]",
R2A,0.0,0,S7_block,nees,50,51.81108821489056,48.518756010085255,94.27496343275217,"[90.65752280552388, 97.91640932989927]",defined,0.5146515495038559,"[0.31672009746127433, 0.7854817238577646]",
R2A,0.0,0,S7_block,head,50,3.8652647539177103,2.350160510387952,9.228630925022818,"[8.860643761336206, 9.58842641645893]",defined,0.2546597138277194,"[0.2028908446738551, 0.31114315927527864]",
R2A,0.0,1,S7_block,nees,50,33.108926811019664,26.618020373919517,106.74412535545797,"[90.29882196214784, 133.3374912724189]",defined,0.2493628598790004,"[0.1558501603985796, 0.36293978018363515]",
R2A,0.0,1,S7_block,head,50,3.6009573276280276,1.8520398144086472,8.722961969509516,"[8.223229771733992, 9.179017911439772]",defined,0.21231776785022322,"[0.1497319331001311, 0.2776640097399101]",
R2A,0.0,2,S7_block,nees,50,31.290138668765298,25.957726020989302,103.42589264313585,"[97.68935493269636, 109.007871931086]",defined,0.250978989473697,"[0.1851022879296205, 0.329117842712359]",
R2A,0.0,2,S7_block,head,50,3.684194921961824,1.5472405892517023,7.855738378794964,"[7.2184383608505485, 8.480839632967177]",defined,0.19695673591016946,"[0.14256337381838818, 0.2604735267449747]",
R2A,0.0,0,S8_real,nees,50,95.89053105758884,92.59819885278354,94.27496343275217,"[90.65752280552388, 97.91640932989927]",defined,0.9822141052203675,"[0.9350835840671647, 1.0296096349580568]",
R2A,0.0,0,S8_real,head,50,11.318809820578055,9.803705577048296,9.228630925022818,"[8.860643761336206, 9.58842641645893]",defined,1.0623141890381813,"[1.0314133009581254, 1.09418762919558]",over_reproduced: this synthetic model reproduces a larger degradation than the real observation; it does not establish the cause
R2A,0.0,1,S8_real,nees,50,98.62452488362271,92.13361844652256,106.74412535545797,"[90.29882196214784, 133.3374912724189]",defined,0.8631258923122709,"[0.6783652072829152, 1.0157180730764055]",
R2A,0.0,1,S8_real,head,50,11.294818277211787,9.545900763992407,8.722961969509516,"[8.223229771733992, 9.179017911439772]",defined,1.0943416694191048,"[1.0496450338907761, 1.1436484470667068]",over_reproduced: this synthetic model reproduces a larger degradation than the real observation; it does not establish the cause
R2A,0.0,2,S8_real,nees,50,105.33148713813962,99.99907449036365,103.42589264313585,"[97.68935493269636, 109.007871931086]",defined,0.9668669221488257,"[0.9231120686494753, 1.0104229560902607]",
R2A,0.0,2,S8_real,head,50,10.7612591144262,8.624304781716077,7.855738378794964,"[7.2184383608505485, 8.480839632967177]",defined,1.0978350303767384,"[1.0579749949052955, 1.1470852153740083]",over_reproduced: this synthetic model reproduces a larger degradation than the real observation; it does not establish the cause
R2A,0.0,0,W0_white_white,nees,50,3.292332204805299,0.0,94.27496343275217,"[90.65752280552388, 97.91640932989927]",defined,0.0,"[0.0, 0.0]",
R2A,0.0,0,W0_white_white,head,50,1.5151042435297584,0.0,9.228630925022818,"[8.860643761336206, 9.58842641645893]",defined,0.0,"[0.0, 0.0]",
R2A,0.0,1,W0_white_white,nees,50,6.490906437100147,0.0,106.74412535545797,"[90.29882196214784, 133.3374912724189]",defined,0.0,"[0.0, 0.0]",
R2A,0.0,1,W0_white_white,head,50,1.7489175132193802,0.0,8.722961969509516,"[8.223229771733992, 9.179017911439772]",defined,0.0,"[0.0, 0.0]",
R2A,0.0,2,W0_white_white,nees,50,5.332412647775987,0.0,103.42589264313585,"[97.68935493269636, 109.007871931086]",defined,0.0,"[0.0, 0.0]",
R2A,0.0,2,W0_white_white,head,50,2.1369543327101215,0.0,7.855738378794964,"[7.2184383608505485, 8.480839632967177]",defined,0.0,"[0.0, 0.0]",
