arm,drift,nees_mean,nees_median,nees_max,heading_median,heading_max,pos_median,pos_max
A0_real_real,0,97.56729563755748,95.95999316586904,124.0972894002605,10.778207136466701,12.337783531703794,0.8983291751959392,0.978509649672226
A0_real_real,1,113.23503179255812,99.70389830131512,693.9522395269428,10.841425409398816,12.402571820935629,0.8962564013453953,1.037998612733401
A0_real_real,2,108.7583052909118,102.93125885109743,167.4534904372207,10.643141044955254,12.46115698091686,0.8995628692955803,1.2684491773855304
J1_ar_indep,0,240.21449811926632,175.0060426235836,1181.8077800525623,6.538328683598699,34.52167111437691,1.06493261619321,2.771332872316125
J1_ar_indep,1,245.6736304835036,181.64100835319272,947.5689862701807,7.493793711839174,16.422894153175637,1.2146354037015048,3.407061266006685
J1_ar_indep,2,234.32838171135379,180.8556826579005,984.80835630524,6.584566676308906,22.84886012833257,1.136164529126844,2.1987807564440027
J2_ar_corr,0,237.85136312716477,172.85073705231758,1141.5507992694872,6.709638421843962,34.415411895717284,1.0154836376230343,2.8797684892961075
J2_ar_corr,1,264.6316929272115,187.87087033827248,1260.4490491601423,7.835830371657271,16.485461436767668,1.2627551190460682,3.576299387117045
J2_ar_corr,2,246.77523460303252,146.8587803097109,1463.6397908926406,6.452257288606578,22.093533842878337,1.0778075387889592,3.691670277789541
J3_joint_block,0,53.60616120205911,44.51155303084513,290.6418448643323,2.757854410597721,9.01005041465997,0.5348058056547015,1.854517977722594
J3_joint_block,1,54.66350912503906,37.75126158240623,301.7764068670776,2.9694870470313752,9.367207186679718,0.5614650024028699,1.167322578348111
J3_joint_block,2,47.879513249000446,41.97410541726526,112.93160343783912,3.3782615173086166,7.036107382106883,0.622782285977588,1.2127937861748022
M0_Rmatched_Rmatched,0,1.7419028467166129,1.5717605306794074,4.728115184839265,1.2173388364964461,2.237517465754671,0.14425223610037785,0.2981485907416674
M0_Rmatched_Rmatched,1,2.4377983789561966,1.8034826716858257,13.84430430683284,1.4148645111652876,4.112113515993694,0.18174099114868003,0.5964647983734693
M0_Rmatched_Rmatched,2,2.821410333575335,2.186494376631937,15.799082555271813,1.7215533950049258,4.864052309296213,0.1796506687601005,0.6296194823121197
R1_bias,0,8.38659716177884,8.020518545839744,16.848804760678167,1.4267673033690387,2.7847989732862977,0.1995097811059683,0.4569764672834939
R1_bias,1,8.244695593204899,7.663029584665704,17.234130562384333,1.5686805600320337,3.470598142481621,0.20984088536260753,0.5876026858936549
R1_bias,2,9.92357646876339,9.287224105233406,34.586992395628286,1.5841332831006305,5.387617272263722,0.2314970002666809,0.7043887720860069
R2_ar0,0,10.288822796113932,8.612391475330785,62.38597407700952,1.55486152376062,6.562173993649576,0.22645473495074997,1.2407409002064511
R2_ar0,1,11.880975933396012,8.942935355598905,68.58009647986046,1.8465773510665473,6.417757992818976,0.26451928928223506,1.2504363945811596
R2_ar0,2,16.140395780607168,9.848466914222701,167.6534210353064,1.7284124565559278,8.19491701532599,0.2719896097901356,2.0049121188690395
R3_ar1,0,16.01064521359109,14.753267574942218,41.70831306566379,1.6019117745676685,4.613065323180899,0.229256377809415,0.7162874411896266
R3_ar1,1,14.795822971959126,13.74014432003412,35.985014597897646,1.587323383561548,4.192139705430662,0.2635308329546032,0.6870665281577213
R3_ar1,2,33.80159606385504,16.671522171674376,551.7353276579288,1.6962729122222109,10.488832847056704,0.29063608431411747,2.8098786733291243
R4_iid,0,4.8330910340210265,4.476988172754821,12.65157719140163,1.4213354436173398,2.7183665342488403,0.15643240773842587,0.4400184046254838
R4_iid,1,5.794468195103482,5.324346143901103,14.969129681803738,1.523296753429243,3.658174513936971,0.18548071549520123,0.5870921082060133
R4_iid,2,6.632341069013449,5.517722247509559,37.12332307152878,1.6507238283474397,5.654210195230002,0.20653927736569827,0.7504701945951777
R5_realdem,0,11.256686187122575,9.414089332002185,40.65590589133684,1.7106790723727268,5.968140731985714,0.30867613800786214,0.89629919400104
R5_realdem,1,19.484595956007393,9.996930647896555,215.60487390593656,2.1289035817748507,7.571631409782539,0.36403674377147194,1.2023419938529836
R5_realdem,2,17.201646980040977,11.351394476004792,67.87895442186169,2.5513302546205745,7.496006913320925,0.3703334254465078,1.0972184478750742
R6_distbin,0,9.577345446580658,9.367503421249195,14.139351572558017,1.3629929309930233,2.8271154629961046,0.180398251187883,0.4953359477344043
R6_distbin,1,10.605366730827827,9.831718775572627,19.86800373947444,1.6856970962242708,3.939420192857124,0.1980090483420949,0.5442706472042671
R6_distbin,2,12.445783936774815,10.50302551580286,48.48659922496411,2.04369326612915,5.692205137661484,0.23131891699351076,0.9086632096564392
R7_tapbin,0,8.023658402873169,7.718733112336805,14.074680286782629,1.4334920983496597,2.750244820387492,0.19314921443605304,0.36906838098787
R7_tapbin,1,8.185872969104317,7.565835048873011,16.773069097323937,1.5597767294621865,3.4196457484971097,0.2191835749315852,0.5902891075093165
R7_tapbin,2,9.762878877104715,9.176952644024023,35.20516519716924,1.6307501101997364,5.4271922271202415,0.22958312884935655,0.7063010907825531
R8_real,0,10.44580306711623,9.62328887101636,32.824917258972306,1.3333930877265416,3.0930138889226573,0.18327348616051703,0.4325221309813867
R8_real,1,12.602864539687202,10.152219329153677,49.548845090247625,1.7215520510631734,5.441594812764438,0.2122224908949764,0.6415447686689772
R8_real,2,12.25329032758785,11.13647831858756,47.1888768796163,2.04276715971068,5.865112320084549,0.21919191095390544,0.7902329176348583
S1_bias,0,36.971208554836274,35.207428941815806,71.07377459337303,3.0860647817196822,5.455904700993951,0.7893215240600748,1.0665640353531725
S1_bias,1,39.3780062093738,38.400340599482014,78.84481529463571,3.392199004065489,7.3712131922039745,0.8131762026854352,1.1777118498537669
S1_bias,2,51.385198723400556,44.026132894485364,181.01242112735,3.5505418179404553,9.768174256938575,0.8734164365658824,1.200598648475951
S2_ar0,0,121.3122497635639,58.851566172983176,965.0432964402872,5.422200255686085,18.043598055664955,0.627838663464107,2.8622088978917875
S2_ar0,1,129.98327797877548,78.42710782249284,605.9135040127265,5.996290955621365,14.52545327278077,0.9385942246358858,2.5531802228178244
S2_ar0,2,108.4276405247938,66.41982277470545,704.2120931399504,5.75289665443062,21.465830489993763,0.7981872141669799,2.2885612832335718
S3_ar1,0,212.97872504146292,130.8060822222527,1187.5937541284725,6.821230508590238,35.58013215337622,1.0835290619672615,2.960096746822414
S3_ar1,1,202.729693574835,145.33142938920645,816.3497937168925,7.851264311160435,17.819011413019304,1.2194091374582103,2.5943589623777856
S3_ar1,2,211.25376499954265,131.50765018543436,1042.849920761386,6.615842546516202,24.045999670100212,1.112711848690988,2.3360033567968097
S4_iid,0,20.247165381931676,14.663475352167225,87.6895805453604,1.7696683652661886,3.198789396682741,0.4507238223227912,0.7761294294817607
S4_iid,1,35.68578712662804,16.290239439427637,321.2427865362117,2.000445670175245,3.0993603608300395,0.4579780030353868,0.6362167769350727
S4_iid,2,44.22308309985897,17.562455074082116,1116.377309101656,2.4012784791981767,6.650867466895454,0.4878890162521444,0.6689855218731039
S5_iid0,0,3.984380413048159,3.0568386544159427,14.527695214114964,1.571202206116727,3.0074677199286133,0.2641535172999837,0.7227391127575767
S5_iid0,1,3.5693638903222613,3.143462996301875,7.473892247381575,1.422553561061346,3.129082698306833,0.2832418096361381,0.5640258571682251
S5_iid0,2,3.7764701231894664,3.4153953917779685,6.731131255511281,1.4783754115053456,3.860047594866128,0.276310090978737,0.500858259209172
S6_realdem,0,30.991754404489843,30.28835883742388,48.934000617713465,4.424492626405771,5.035220665740103,0.9750994946415055,1.2500997448560065
S6_realdem,1,29.608172350436618,28.421330968156795,49.35668798703751,4.245454686832989,5.470103307894309,0.9621823208855218,1.2232022408238408
S6_realdem,2,31.94232634616389,30.361046694917274,95.31386187812278,4.683310751868747,6.382872582660241,0.9691819819865692,1.6218409458323957
S7_block,0,51.81108821489056,35.53312013800199,539.9952835959848,3.440047094696186,11.52606455206608,0.5867764542783265,1.3106056574869058
S7_block,1,33.108926811019664,28.219391055037413,186.79950970104505,3.0411891729926723,10.257567049630351,0.5747707081714148,1.3790357081513176
S7_block,2,31.290138668765298,24.42881728553372,150.41669608738258,3.2839463223075636,9.096345470726144,0.5287792374141771,1.3595845799918476
S8_real,0,95.89053105758883,98.19053496259957,135.25518088754063,11.679368388832334,13.302257546858131,0.9057951549547013,1.0101105086317343
S8_real,1,98.62452488362271,102.01104278050525,129.94390860503512,11.868944797110226,13.173451830853342,0.8918894757966009,1.2358176574643178
S8_real,2,105.33148713813964,106.59651608772532,168.67382880047182,11.323867821010957,13.020165819611805,0.9070441195999652,1.4387969674032053
W0_white_white,0,3.292332204805299,2.8181323653380272,9.564872838759946,1.4514776747228644,3.156623507068549,0.1649066923579091,0.6951907183807532
W0_white_white,1,6.490906437100145,3.1357644143278094,108.25897666577232,1.6453409538468562,4.254284792409539,0.1932272228132617,0.6717243576589955
W0_white_white,2,5.332412647775987,3.880383104132051,32.32291144576507,1.896482116422316,5.604661193894142,0.20676013468799798,0.9204052171748536
