route,model,available_n,accepted_at_half,false_accept_fraction_at_half,high_confidence_n,high_confidence_false_accept_fraction,no_match_ambiguity_excluded_before_this_table
R2,q_prevalence,281894,281894,0.5983667619743591,0,,True
R2,q_distance,281894,137595,0.5016388676914132,0,,True
R2,q_distance_slope,281894,116441,0.46180469078760916,9,0.6666666666666666,True
R2,q_D,281894,169654,0.5495125372817617,173,1.0,True
R2,q_P,281894,156244,0.5474002201684545,0,,True
R2,q_DP,281894,158418,0.5407150702571677,0,,True
R2,q_DPK,281894,130515,0.4689269432632264,44,0.0,True
R4,q_prevalence,172529,0,,0,,True
R4,q_distance,172529,33591,0.18868149206632728,0,,True
R4,q_distance_slope,172529,84162,0.18269527815403627,0,,True
R4,q_D,172529,6600,0.2459090909090909,0,,True
R4,q_P,172529,44740,0.18303531515422442,0,,True
R4,q_DP,172529,50286,0.18891938113987988,0,,True
R4,q_DPK,172529,113312,0.21919125953120588,2,0.0,True
R5,q_prevalence,204216,204216,0.6186880557840718,0,,True
R5,q_distance,204216,106357,0.537059149844392,0,,True
R5,q_distance_slope,204216,72014,0.5443108284500237,10,0.3,True
R5,q_D,204216,76089,0.5726320493106757,1622,0.31319358816276205,True
R5,q_P,204216,52599,0.5570448107378467,0,,True
R5,q_DP,204216,57789,0.5197528941494056,3372,0.31465005931198103,True
R5,q_DPK,204216,26614,0.522732396483054,1565,0.29968051118210864,True
