lateral,mount_deg,drift,snr_db,n,median_a,median_b,median_diff,ci_lo,ci_hi,median_rel_improvement,p,p_holm,significant,improved,worse
0.0,0.0,0,10.0,50,3.605379563396087,5.02537833442541,-1.1213939971350055,-1.7137688146671068,-0.4446476904900294,-0.32515455439817176,0.038081706053025854,0.15232682421210342,False,False,False
0.0,0.0,0,30.0,50,3.605379563396087,3.7810904927646654,0.015584448122356154,-0.761344036821946,1.4712978587174437,0.0042081533390170645,0.42072286282100535,1.0,False,False,False
0.0,0.0,1,10.0,50,7.471460612845774,4.88298205668849,2.3585509355192777,0.3984254718489657,3.913110537178903,0.30349507602586534,5.121092026350027e-05,0.00025605460131750135,True,True,False
0.0,0.0,1,30.0,50,7.471460612845774,3.7225285595641466,3.69910129971429,1.360206442515965,5.084783796395178,0.5179462210429844,1.9326371614170057e-09,1.1595822968502034e-08,True,True,False
0.0,0.0,2,10.0,50,22.97018466062818,5.410449823294389,17.139830558321883,14.800815753077089,19.041701231532876,0.7571381734800683,1.7763568394002505e-15,4.263256414560601e-14,True,True,False
0.0,0.0,2,30.0,50,22.97018466062818,4.372717272343104,17.911245752750318,15.78578745739157,20.272365741633624,0.7980583303519275,1.7763568394002505e-15,4.263256414560601e-14,True,True,False
0.0,45.0,0,10.0,50,3.605379563396087,0.9833762912898039,2.6107627020319573,2.024380667488887,4.106741119760017,0.7387187884293738,1.7763568394002505e-15,4.263256414560601e-14,True,True,False
0.0,45.0,0,30.0,50,3.605379563396087,1.2428951323083681,2.3848284522980427,1.4556499704660852,3.80545923183624,0.6582224101420733,1.6058265828178264e-12,1.766409241099609e-11,True,True,False
0.0,45.0,1,10.0,50,7.471460612845774,1.1017147871735191,5.984091255159601,3.594767482316903,7.807137060783472,0.81944880814699,1.7763568394002505e-15,4.263256414560601e-14,True,True,False
0.0,45.0,1,30.0,50,7.471460612845774,1.2377366670680274,5.679019320547866,3.69564929581147,7.488296467692786,0.7997880989053645,1.7763568394002505e-15,4.263256414560601e-14,True,True,False
0.0,45.0,2,10.0,50,22.97018466062818,1.2905191181799875,21.76838430862643,19.912030755822116,23.319600246222155,0.9466559087341511,1.7763568394002505e-15,4.263256414560601e-14,True,True,False
0.0,45.0,2,30.0,50,22.97018466062818,1.397444090688543,21.34134601784071,19.96099792412869,23.297540655331932,0.9401359966580524,1.7763568394002505e-15,4.263256414560601e-14,True,True,False
0.35,0.0,0,10.0,50,3.605379563396087,7.535410566278561,-3.519693261950133,-4.467822669710153,-2.5913800679044496,-0.9776154942840285,1.616786704516926e-10,1.1317506931618482e-09,True,False,True
0.35,0.0,0,30.0,50,3.605379563396087,7.288160981114029,-3.412981565957864,-4.1934425512055755,-2.0627391158131902,-0.9243948393052469,1.2871659293978155e-10,1.0297327435182524e-09,True,False,True
0.35,0.0,1,10.0,50,7.471460612845774,7.489281886222358,-0.39213029296369895,-2.472217388773175,1.6881534524222817,-0.06048304238349587,1.0,1.0,False,False,False
0.35,0.0,1,30.0,50,7.471460612845774,7.277507523967953,0.04456270934835738,-2.2846572028148495,1.5268759612353486,0.0045111356679535235,0.7740531775538848,1.0,False,False,False
0.35,0.0,2,10.0,50,22.97018466062818,8.004338470155504,14.452578650952631,13.268758997497283,17.101056881845693,0.6578027699096713,1.7763568394002505e-15,4.263256414560601e-14,True,True,False
0.35,0.0,2,30.0,50,22.97018466062818,7.690495074798994,15.099367633320739,13.47899688977018,17.110549699553808,0.6708768327733186,1.7763568394002505e-15,4.263256414560601e-14,True,True,False
0.35,45.0,0,10.0,50,3.605379563396087,1.4779295999412605,2.117478558057884,1.4795143531829975,3.487358966201653,0.5925669180505381,3.40367733997482e-11,3.063309605977338e-10,True,True,False
0.35,45.0,0,30.0,50,3.605379563396087,1.3881906219160367,2.2443016799073714,1.613754344198795,3.8269100715521835,0.607499819887225,2.994404724177002e-11,2.994404724177002e-10,True,True,False
0.35,45.0,1,10.0,50,7.471460612845774,1.5339625265009302,5.670670772523853,3.324521653031675,7.351471275877703,0.7648006349394282,1.7763568394002505e-15,4.263256414560601e-14,True,True,False
0.35,45.0,1,30.0,50,7.471460612845774,1.483326683884887,5.80667856724784,3.447409297357396,7.466079871352854,0.7837180494486404,1.7763568394002505e-15,4.263256414560601e-14,True,True,False
0.35,45.0,2,10.0,50,22.97018466062818,1.6277271530773942,21.4968705293935,19.315200290188262,22.92637956052848,0.9285497096291817,1.7763568394002505e-15,4.263256414560601e-14,True,True,False
0.35,45.0,2,30.0,50,22.97018466062818,1.4628005437892497,21.44123244810507,19.530332744815162,22.883067633665735,0.9296070886226322,1.7763568394002505e-15,4.263256414560601e-14,True,True,False
