lateral,mount_deg,drift,snr_db,ub_T10,ub_T20,ub_T60,ub_P0,largest_T_ok
0.0,0.0,0,10.0,0.0,0.0,0.0,0.0,60
0.0,0.0,0,30.0,0.0,0.0,0.0,0.0,60
0.0,0.0,1,10.0,0.0,0.0,0.0,0.0,60
0.0,0.0,1,30.0,0.0,0.0,0.0,0.0,60
0.0,0.0,2,10.0,0.0,0.0,0.0,0.0,60
0.0,0.0,2,30.0,0.0,0.0,0.0,0.0,60
0.0,45.0,0,10.0,0.0,0.0,0.0,0.0,60
0.0,45.0,0,30.0,0.0,0.0,0.0,0.0,60
0.0,45.0,1,10.0,0.0,0.0,0.0,0.0,60
0.0,45.0,1,30.0,0.0,0.0,0.0,0.0,60
0.0,45.0,2,10.0,0.0,0.0,0.0,0.0,60
0.0,45.0,2,30.0,0.0,0.0,0.0,0.0,60
0.35,0.0,0,10.0,0.0,0.0,0.0,0.0,60
0.35,0.0,0,30.0,0.0,0.0,0.0,0.0,60
0.35,0.0,1,10.0,0.0,0.0,0.0,0.0,60
0.35,0.0,1,30.0,0.0,0.0,0.0,0.0,60
0.35,0.0,2,10.0,0.0,0.0,0.0,0.0,60
0.35,0.0,2,30.0,0.0,0.0,0.0,0.0,60
0.35,45.0,0,10.0,0.0,0.0,0.0,0.0,60
0.35,45.0,0,30.0,0.0,0.0,0.0,0.0,60
0.35,45.0,1,10.0,0.0,0.0,0.0,0.0,60
0.35,45.0,1,30.0,0.0,0.0,0.0,0.0,60
0.35,45.0,2,10.0,0.0,0.0,0.0,0.0,60
0.35,45.0,2,30.0,0.0,0.0,0.0,0.0,60
