baseline,heading_rmse_median,pos_rmse_median,wrong_branch_mean,nees_mean,nis_s_mean,s_reject_mean,probes,duration_s
gyro_only,8.361371436784799,1.395501581482665,0.17741851368970013,3.9261281098776437,,,0.0,183.2
inverse_heading_P0,5.710277026257429,0.7077547687703278,0.12438613646240763,307.1315683566672,15.291926142904805,0.2923316957787481,0.0,183.2
odom_imu,7.7854549039634655,1.2306329790459667,0.09832246849196001,3.414784564140824,,,0.0,183.2
range,7.892897250579123,0.9476989895348945,0.10301716644936984,99.67479819059153,,,0.0,183.2
range_s_P0,2.3890106511046434,0.586533600311451,0.0,43.730649291923996,0.8574321472849963,0.024437772925764142,0.0,183.2
range_s_P0_noturn,2.4641927901258875,0.5901450490146262,0.10355714906562363,110.86172599693062,0.9375576146749164,0.025494318181818135,0.0,183.2
range_s_P1_T10,1.5798701610274208,0.2998713914054578,0.0,24.23797243416213,0.940847665902872,0.027279123036649172,17.0,305.6
range_s_P1_T20,2.138518594736452,0.409694562622427,0.0,27.689643879413893,0.8350281067205227,0.02391472868217049,8.0,240.8
range_s_P1_T60,1.7169053767174718,0.39755747111811995,0.0,27.387957183303534,0.8325135778434831,0.023823380566801566,2.0,197.6
