route,anchor,lateral,mount_deg,drift,drift_name,snr_db,seed,baseline,filter,period_s,closure_err_m,disp_err_m,final_pos_err_m,heading_rmse_deg,pos_rmse_m,heading_final_abs_deg,heading_rmse_return_deg,wrong_branch_frac,wrong_branch_frac_10,wrong_branch_frac_30,nees_mean,nis_s_mean,s_reject_frac,r_reject_frac,n_probes,duration_s,n_samples,nis_s_eval_pre,nis_s_eval_acc,s_reject_frac_eval,n_s_eval,nis_r_eval_pre,nis_r_eval_acc,r_reject_frac_eval,n_r_eval,nees_tail_lo,nees_tail_hi,nees_cov95,heading_cov95,heading_rmse_common_deg,pos_rmse_common_m,heading_rmse_probe_deg,n_common_samples,error,arm,case,variant
R2,A,0.0,0.0,0,low,30.0,0,range_s_P0,ekf,,0.14862949694755295,0.0819563167468749,0.03575190537660206,8.73988869029862,0.9143355795514598,4.234672340325195,9.547905436267571,0.0,0.2762364294330519,0.0,71.37921137510321,1.2240238714576008,0.034764826175869123,0.02147239263803681,0,195.60000000000002,979,1.4379032271234737,0.41919827154772793,0.04101326899879376,829,1.3382978351194945,0.8762791476894896,0.02533172496984315,829,0.0,0.7913148371531966,0.1942098914354644,0.22919179734620024,8.829067030648822,0.9242079671446873,,811,,A0_real_real,R2A,F0aug
R2,A,0.0,0.0,0,low,30.0,1,range_s_P0,ekf,,0.44742806598118595,0.3852380040659186,0.36675396478088096,10.848592811375688,0.8856284376237622,6.5732119670205,12.692197637922902,0.0,0.609167671893848,0.0,95.69305454465496,1.2797342739973179,0.03578732106339468,0.024539877300613498,0,195.60000000000002,979,1.5037091696906295,0.46251674787289526,0.04221954161640529,829,1.520813711510847,0.8939704272199139,0.02895054282267795,829,0.027744270205066344,0.8057901085645356,0.1881785283474065,0.21712907117008443,10.968279246451024,0.8953908188342512,,811,,A0_real_real,R2A,F0aug
R2,A,0.0,0.0,0,low,30.0,2,range_s_P0,ekf,,0.37220068966112463,0.3038447230844537,0.3111375202601909,10.76044877014903,0.9280812695552882,6.120761340059112,12.589127171423902,0.0,0.5922798552472859,0.0,95.93750733887694,1.227929378825902,0.034764826175869123,0.024539877300613498,0,195.60000000000002,979,1.4431033521626102,0.466989479272623,0.04101326899879376,829,1.3738613467990721,0.8792462429822936,0.02533172496984315,829,0.0048250904704463205,0.7913148371531966,0.20627261761158022,0.22919179734620024,10.876098991885785,0.93822879545015,,811,,A0_real_real,R2A,F0aug
R2,A,0.0,0.0,0,low,30.0,3,range_s_P0,ekf,,0.6035861846338583,0.5505247860860379,0.436023963574208,10.961948338230377,0.889917458387578,6.790885251814385,12.84944411399744,0.0,0.6031363088057901,0.0,97.7076528799021,1.2377218965135934,0.03578732106339468,0.02044989775051125,0,195.60000000000002,979,1.4551750285534535,0.45644679886236095,0.04221954161640529,829,1.4633388486654402,0.9321273021098211,0.024125452352231624,829,0.0,0.8033775633293124,0.19059107358262967,0.22195416164053075,11.078744706434597,0.8994743681368708,,811,,A0_real_real,R2A,F0aug
R2,A,0.0,0.0,0,low,30.0,4,range_s_P0,ekf,,0.4343213026680361,0.37442065258370566,0.3700682060662019,10.614118514684373,0.8798182114027382,6.555749713907975,12.37496800394958,0.0,0.5922798552472859,0.0,90.91868729336926,1.2544827025275322,0.034764826175869123,0.023517382413087935,0,195.60000000000002,979,1.473850626421837,0.4530562451413713,0.04101326899879376,829,1.4333631036130396,0.8628770562864692,0.026537997587454787,829,0.0,0.8009650180940893,0.19059107358262967,0.22074788902291917,10.726525496025411,0.8892890046952983,,811,,A0_real_real,R2A,F0aug
R2,A,0.0,0.0,0,low,30.0,5,range_s_P0,ekf,,0.2856739227713094,0.3535437652657884,0.3646889211087834,7.9757201205561135,0.9785096496722259,3.7473283191359053,8.21996665791215,0.0,0.1652593486127865,0.0,101.21417360445135,1.193765639651692,0.03374233128834356,0.018404907975460124,0,195.60000000000002,979,1.4027737669046636,0.39209264741431415,0.039806996381182125,829,1.3422695854391826,0.8813400338470565,0.021712907117008462,829,0.007237635705669481,0.7937273823884198,0.20024125452352232,0.2243667068757539,8.061701072839687,0.9892863813698508,,811,,A0_real_real,R2A,F0aug
R2,A,0.0,0.0,0,low,30.0,6,range_s_P0,ekf,,0.6036046599004898,0.5361836670747236,0.3355186452814093,10.174435953792223,0.9306487489765306,5.93100078077513,11.869342553203163,0.0,0.5778045838359469,0.0,87.98336766571836,1.2693986204563814,0.03680981595092025,0.02147239263803681,0,195.60000000000002,979,1.4888960002061014,0.45632002970580937,0.043425814234016924,829,1.475626760177866,0.9272086098466739,0.02533172496984315,829,0.0024125452352231603,0.7828709288299156,0.19662243667068757,0.25331724969843183,10.275953747032771,0.9406325499369685,,811,,A0_real_real,R2A,F0aug
R2,A,0.0,0.0,0,low,30.0,7,range_s_P0,ekf,,0.28551461337167794,0.3538347616679027,0.36150891289104026,7.78950995156591,0.9621056279260225,3.4269199646339366,8.035766419273028,0.0,0.1218335343787696,0.0,85.92225850502766,1.2090271547328493,0.032719836400818,0.016359918200409,0,195.60000000000002,979,1.4183212948034747,0.40856336622833134,0.0386007237635706,829,1.2869903934377633,0.8675996090910716,0.0193003618817853,829,0.007237635705669481,0.7683956574185766,0.218335343787696,0.23039806996381182,7.869431975481411,0.9726305858024008,,811,,A0_real_real,R2A,F0aug
R2,A,0.0,0.0,0,low,30.0,8,range_s_P0,ekf,,0.37228158798636507,0.304913554095901,0.3901274222813014,10.447156522303265,0.9131914035461056,6.494774483917451,12.120982547522043,0.0,0.5995174909529554,0.0,91.04395079611933,1.2708393539043368,0.03578732106339468,0.023517382413087935,0,195.60000000000002,979,1.493265880759859,0.46491080259080486,0.04221954161640529,829,1.362547053810706,0.8331541880665615,0.026537997587454787,829,0.0,0.7913148371531966,0.19903498190591074,0.22677925211097708,10.56007426839937,0.9231148041616275,,811,,A0_real_real,R2A,F0aug
R2,A,0.0,0.0,0,low,30.0,9,range_s_P0,ekf,,0.18684590025559844,0.12109395294813198,0.19548873529585228,8.767768021379121,0.8709268401528077,4.8072027266116715,9.68300965268122,0.0,0.3341375150784077,0.0,68.84691816149657,1.240820328810866,0.03578732106339468,0.02044989775051125,0,195.60000000000002,979,1.4568890438624855,0.4257846994146782,0.04221954161640529,829,1.3883453379851627,0.9118074920077097,0.022919179734619988,829,0.0,0.7804583835946924,0.20868516284680338,0.2243667068757539,8.861949645834251,0.8803870704002678,,811,,A0_real_real,R2A,F0aug
R2,A,0.0,0.0,0,low,30.0,10,range_s_P0,ekf,,0.6578978178787469,0.607265843106648,0.5817543005155876,12.208638084303121,0.8881217943866548,7.907466234921007,14.600536322583954,0.0,0.6513872135102533,0.0,122.27383446389831,1.2808787454868171,0.03578732106339468,0.026584867075664622,0,195.60000000000002,979,1.5058011068602946,0.4845479239921961,0.04221954161640529,829,1.4664566181515242,0.9195248802920335,0.03136308805790111,829,0.010856453558504222,0.8021712907117008,0.18938480096501809,0.218335343787696,12.343183872148714,0.8978756376854425,,811,,A0_real_real,R2A,F0aug
R2,A,0.0,0.0,0,low,30.0,11,range_s_P0,ekf,,0.5158456210116802,0.45078834083700603,0.39361868758579827,10.296567473278646,0.9289632991508162,6.346511056984861,11.976846837408567,0.0,0.5910735826296744,0.0,88.96245663427413,1.226125427221592,0.03578732106339468,0.027607361963190184,0,195.60000000000002,979,1.440053451658211,0.45412724417061656,0.04221954161640529,829,1.4755908256323138,0.846686213199616,0.03256936067551264,829,0.0036188178528347406,0.7768395657418576,0.21230398069963813,0.23401688781664656,10.405178829896295,0.939150150350725,,811,,A0_real_real,R2A,F0aug
R2,A,0.0,0.0,0,low,30.0,12,range_s_P0,ekf,,0.5228579642699749,0.4551756871925971,0.3571507937906056,10.595189575315736,0.92303812725729,6.122195134434874,12.295335845389639,0.0,0.6103739445114595,0.0,93.46847515872967,1.262297688236019,0.03578732106339468,0.02556237218813906,0,195.60000000000002,979,1.4817446485827737,0.4536818995779055,0.04221954161640529,829,1.4347594692207204,0.8650913811511448,0.02895054282267795,829,0.0,0.7949336550060314,0.19903498190591074,0.2243667068757539,10.70952525985072,0.9331100361575814,,811,,A0_real_real,R2A,F0aug
R2,A,0.0,0.0,0,low,30.0,13,range_s_P0,ekf,,0.33980982232725027,0.2881292262433606,0.32200155174957606,9.96251324381747,0.8831651779351745,5.5989891792479,11.481032843436138,0.0,0.5790108564535585,0.0,82.77975113180784,1.259409212337969,0.03680981595092025,0.027607361963190184,0,195.60000000000002,979,1.478265947928255,0.4438417822312482,0.043425814234016924,829,1.472593311579699,0.9121847009413501,0.03136308805790111,829,0.0012062726176115801,0.7937273823884198,0.19179734620024125,0.22798552472858866,10.069395615213239,0.8927648205793284,,811,,A0_real_real,R2A,F0aug
R2,A,0.0,0.0,0,low,30.0,14,range_s_P0,ekf,,0.5816727203880597,0.5236890239313171,0.4958288989839429,12.083169417330026,0.8455372912728578,7.291924774054243,14.5402255739561,0.0,0.6200241254523522,0.0,116.76233835580078,1.2623356872012197,0.03680981595092025,0.024539877300613498,0,195.60000000000002,979,1.4853028532883699,0.46047471128652656,0.043425814234016924,829,1.3698177744725144,0.9100477104047103,0.026537997587454787,829,0.0,0.8069963811821471,0.18697225572979492,0.2195416164053076,12.21647465949321,0.8547910555648126,,811,,A0_real_real,R2A,F0aug
R2,A,0.0,0.0,0,low,30.0,15,range_s_P0,ekf,,0.07986432287243041,0.08276466729880805,0.07249564636235889,9.027618378510034,0.9146301609226628,4.6016010014162765,9.948722185778287,0.0,0.40651387213510254,0.0,75.64406871733814,1.2289270466929387,0.03374233128834356,0.022494887525562373,0,195.60000000000002,979,1.44321807972386,0.43471925399822425,0.039806996381182125,829,1.2717047889996975,0.8148870111623073,0.026537997587454787,829,0.0,0.7961399276236429,0.18938480096501809,0.22798552472858866,9.120057193667128,0.9243284115672791,,811,,A0_real_real,R2A,F0aug
R2,A,0.0,0.0,0,low,30.0,16,range_s_P0,ekf,,0.5507845134295275,0.5006607532364193,0.42756748226744096,10.780345594876056,0.9185704670581926,6.718322990689218,12.62194933348357,0.0,0.6007237635705669,0.0,98.4974101278573,1.2601177119326759,0.034764826175869123,0.023517382413087935,0,195.60000000000002,979,1.4789285114314794,0.47001981907246493,0.04101326899879376,829,1.3493220955925747,0.8686068759197111,0.027744270205066313,829,0.0036188178528347406,0.7925211097708083,0.20627261761158022,0.2255729794933655,10.896235065203724,0.9285518809330683,,811,,A0_real_real,R2A,F0aug
R2,A,0.0,0.0,0,low,30.0,17,range_s_P0,ekf,,0.6751509235670973,0.6117129060300545,0.4108028262029322,11.21116843062404,0.8824019503889245,7.057988807244906,13.274791333747359,0.0,0.6031363088057901,0.0,102.94098557933445,1.2661925545763102,0.03578732106339468,0.026584867075664622,0,195.60000000000002,979,1.488585737764238,0.46448192149467965,0.04221954161640529,829,1.4528598581939347,0.9089285403341724,0.03136308805790111,829,0.0,0.8057901085645356,0.18214716525934863,0.22074788902291917,11.331741829800752,0.8920288603579837,,811,,A0_real_real,R2A,F0aug
R2,A,0.0,0.0,0,low,30.0,18,range_s_P0,ekf,,0.7904368821627085,0.7401812761610042,0.6089337428916296,11.95488403968249,0.9126751253409007,7.8581721171802785,14.322776371358474,0.0,0.6332931242460796,0.0,119.26668975618506,1.2566955271937752,0.03680981595092025,0.03169734151329243,0,195.60000000000002,979,1.4787380821630427,0.4656135141233837,0.043425814234016924,829,1.4866256022784048,0.8818781849484023,0.03618817852834744,829,0.0,0.7913148371531966,0.20024125452352232,0.22316043425814233,12.084190172478234,0.9226167520166527,,811,,A0_real_real,R2A,F0aug
R2,A,0.0,0.0,0,low,30.0,19,range_s_P0,ekf,,0.571077115988085,0.5229506583203999,0.39609769604015194,11.674631543499482,0.8634352458130078,6.865047891619232,13.978731131849326,0.0,0.6007237635705669,0.0,109.31075645600077,1.2744922017473503,0.03783231083844581,0.024539877300613498,0,195.60000000000002,979,1.4984138628268975,0.4600680064943328,0.04463208685162845,829,1.5363618718318193,0.9487127193665774,0.02895054282267795,829,0.013268998793727383,0.7937273823884198,0.19903498190591074,0.22316043425814233,11.802424784443573,0.8729211867372311,,811,,A0_real_real,R2A,F0aug
R2,A,0.0,0.0,0,low,30.0,20,range_s_P0,ekf,,0.5675628688245805,0.5064239002272043,0.4252632380116501,11.736726664046996,0.8840120315883683,6.730255325286578,14.088475019065639,0.0,0.594692400482509,0.0,112.29564818966685,1.2599866456784117,0.03680981595092025,0.022494887525562373,0,195.60000000000002,979,1.4797964914204575,0.4586917391887427,0.043425814234016924,829,1.4282410606152545,0.8970318928545067,0.026537997587454787,829,0.04342581423401689,0.7804583835946924,0.20265379975874548,0.22316043425814233,11.866141284199484,0.8937526751927668,,811,,A0_real_real,R2A,F0aug
R2,A,0.0,0.0,0,low,30.0,21,range_s_P0,ekf,,0.3244663011955872,0.27006738361554145,0.2818199729972416,10.128935880399403,0.9306972621640519,5.70767120999007,11.767741784500958,0.0,0.5850422195416164,0.0,87.48594098282973,1.2524325365361448,0.034764826175869123,0.02147239263803681,0,195.60000000000002,979,1.4675243014213875,0.4570179033195111,0.04101326899879376,829,1.4148940830291499,0.8831119606326997,0.02533172496984315,829,0.0048250904704463205,0.8033775633293124,0.19179734620024125,0.22919179734620024,10.238923867079636,0.9408914525306281,,811,,A0_real_real,R2A,F0aug
R2,A,0.0,0.0,0,low,30.0,22,range_s_P0,ekf,,0.6119691211425002,0.5508115431524438,0.5062006521088673,11.90540042708576,0.9239230663224066,7.344361764954258,14.23648533996196,0.0,0.609167671893848,0.0,116.43684714064933,1.2720327319762657,0.03680981595092025,0.02965235173824131,0,195.60000000000002,979,1.495015528443018,0.46995251798065024,0.043425814234016924,829,1.4722984282102665,0.9128908245130681,0.033775633293124274,829,0.0024125452352231603,0.773220747889023,0.20989143546441497,0.22919179734620024,12.031302744030938,0.9339408716158301,,811,,A0_real_real,R2A,F0aug
R2,A,0.0,0.0,0,low,30.0,23,range_s_P0,ekf,,0.44908708512543377,0.3935877560024012,0.3836653217016818,10.892534784324845,0.9134001584983327,6.713000003496976,12.707568986124278,0.0,0.6453558504221955,0.0,97.01061887016003,1.2703903681480366,0.03578732106339468,0.02147239263803681,0,195.60000000000002,979,1.4939113254328926,0.4585123479779257,0.04221954161640529,829,1.308550897131131,0.8506184585058971,0.02533172496984315,829,0.0,0.7973462002412546,0.18576598311218334,0.22316043425814233,11.006214354891558,0.9231720722342774,,811,,A0_real_real,R2A,F0aug
R2,A,0.0,0.0,0,low,30.0,24,range_s_P0,ekf,,0.3190397627530972,0.2508512183045103,0.29353419450389173,9.671944724395937,0.909771089196506,5.430216416632798,11.082443604152454,0.0,0.5524728588661038,0.0,77.91498685244872,1.2582764968318605,0.03578732106339468,0.024539877300613498,0,195.60000000000002,979,1.4747400821628742,0.44956655559779723,0.04221954161640529,829,1.47697264579439,0.8501293061206847,0.02895054282267795,829,0.006031363088057901,0.7852834740651388,0.20627261761158022,0.23522316043425814,9.774027901280823,0.9197238803329706,,811,,A0_real_real,R2A,F0aug
R2,A,0.0,0.0,0,low,30.0,25,range_s_P0,ekf,,0.39743091153720184,0.3326289984151092,0.3023763201571224,10.123169384514117,0.9181718243192282,5.925965703634124,11.67064819551136,0.0,0.5705669481302774,0.0,85.37945320687362,1.2167728124715145,0.03578732106339468,0.023517382413087935,0,195.60000000000002,979,1.4297888661782179,0.44726400055723614,0.04221954161640529,829,1.3704029564956075,0.8363528727656449,0.026537997587454787,829,0.0,0.7780458383594693,0.2135102533172497,0.22919179734620024,10.227942840037826,0.9281143972592654,,811,,A0_real_real,R2A,F0aug
R2,A,0.0,0.0,0,low,30.0,26,range_s_P0,ekf,,0.6299592429978772,0.5720953311499167,0.46801861817352064,10.718809969155048,0.8672809115864522,6.801356588560704,12.56441346979613,0.0,0.5958986731001207,0.0,90.39818616843316,1.2698465587880148,0.03578732106339468,0.02147239263803681,0,195.60000000000002,979,1.4921597595984772,0.4627422126948933,0.04221954161640529,829,1.380230183709828,0.8738375619001266,0.02533172496984315,829,0.0,0.7696019300361882,0.21712907117008443,0.22919179734620024,10.828707383685506,0.8763471797444558,,811,,A0_real_real,R2A,F0aug
R2,A,0.0,0.0,0,low,30.0,27,range_s_P0,ekf,,0.5754042101175303,0.5083815384277542,0.4665103394885741,11.09729570096622,0.9205086688130214,7.030747457385719,13.110938077003897,0.0,0.6055488540410132,0.0,101.13193398355885,1.2741091305104737,0.034764826175869123,0.023517382413087935,0,195.60000000000002,979,1.4957692331507484,0.4799100200355178,0.04101326899879376,829,1.3857817759487088,0.8794321757660938,0.026537997587454787,829,0.007237635705669481,0.7925211097708083,0.20024125452352232,0.22677925211097708,11.213513297936263,0.9304946418886334,,811,,A0_real_real,R2A,F0aug
R2,A,0.0,0.0,0,low,30.0,28,range_s_P0,ekf,,0.5044855045686999,0.4368872210731304,0.532784076999822,12.337783531703794,0.8512788658388679,7.472719652629573,14.744815617471412,0.0,0.6622436670687576,0.0,124.0972894002605,1.2690349725734533,0.03680981595092025,0.024539877300613498,0,195.60000000000002,979,1.4914059903072543,0.4681311718961648,0.043425814234016924,829,1.4858124925077538,0.9674602807627152,0.02895054282267795,829,0.0,0.8057901085645356,0.18576598311218334,0.21592279855247287,12.473154818276308,0.8604098604814359,,811,,A0_real_real,R2A,F0aug
R2,A,0.0,0.0,0,low,30.0,29,range_s_P0,ekf,,0.43937362250339773,0.3734122121405082,0.41908164216090427,10.382228292954647,0.8710099211507525,6.369897890161111,12.112432818488971,0.0,0.5910735826296744,0.0,88.12958859995639,1.2562076205849306,0.03578732106339468,0.027607361963190184,0,195.60000000000002,979,1.4724184451530977,0.445665976221822,0.04221954161640529,829,1.3572388592915279,0.887753797758564,0.03136308805790111,829,0.0,0.7756332931242461,0.21109770808202655,0.2255729794933655,10.493868543670077,0.8804389296335869,,811,,A0_real_real,R2A,F0aug
R2,A,0.0,0.0,0,low,30.0,30,range_s_P0,ekf,,0.39126724376112715,0.3231779255865136,0.3520799167852404,10.07797074894803,0.9328703325391282,6.163082693058408,11.621611075944111,0.0,0.49336550060313633,0.0,86.76909625110359,1.2535491368958334,0.034764826175869123,0.027607361963190184,0,195.60000000000002,979,1.4699084372312288,0.46013261261498845,0.04101326899879376,829,1.5079670509231,0.9432651705359607,0.03136308805790111,829,0.0,0.7852834740651388,0.20265379975874548,0.23039806996381182,10.185215410346396,0.9428917634005409,,811,,A0_real_real,R2A,F0aug
R2,A,0.0,0.0,0,low,30.0,31,range_s_P0,ekf,,0.4095715185441123,0.3535960712524211,0.38833301527536207,10.821376325183605,0.8824234413207728,6.627182472224456,12.702546734670317,0.0,0.5958986731001207,0.0,94.83520687078116,1.2559556538441334,0.034764826175869123,0.028629856850715747,0,195.60000000000002,979,1.4757041386526932,0.45716571633946734,0.04101326899879376,829,1.4337401093237885,0.8851298449156496,0.033775633293124274,829,0.0012062726176115801,0.7997587454764777,0.19300361881785283,0.2243667068757539,10.936804541949835,0.8920537968640498,,811,,A0_real_real,R2A,F0aug
R2,A,0.0,0.0,0,low,30.0,32,range_s_P0,ekf,,0.4897220052384318,0.42338118018541526,0.366218219751867,10.062937960040802,0.8977953010505515,6.063124671401726,11.682857729085725,0.0,0.5838359469240049,0.0,84.09711138789717,1.2608415727253142,0.03578732106339468,0.02147239263803681,0,195.60000000000002,979,1.474822472464294,0.4458260140146041,0.04221954161640529,829,1.3505606403104136,0.8573803167814168,0.02533172496984315,829,0.0012062726176115801,0.7828709288299156,0.20386007237635706,0.22798552472858866,10.168995672636314,0.9075220692718396,,811,,A0_real_real,R2A,F0aug
R2,A,0.0,0.0,0,low,30.0,33,range_s_P0,ekf,,0.6545992137118702,0.5897730659201565,0.5273985338086711,12.143172440608936,0.8818717425303031,7.487972511056374,14.583703022505714,0.0,0.6369119420989143,0.0,120.03230094498564,1.2733543572722374,0.03783231083844581,0.03067484662576687,0,195.60000000000002,979,1.4969118918591175,0.46757279650503447,0.04463208685162845,829,1.4777134247226844,0.8798555258759762,0.033775633293124274,829,0.0036188178528347406,0.8021712907117008,0.195416164053076,0.22316043425814233,12.276779925377156,0.8915220070850595,,811,,A0_real_real,R2A,F0aug
R2,A,0.0,0.0,0,low,30.0,34,range_s_P0,ekf,,0.47602904027015686,0.4213238238387514,0.3527749499774117,10.550469300918424,0.9432065558973624,6.382263945489675,12.175444666376467,0.0,0.5971049457177322,0.0,94.9949574953351,1.2740497148261947,0.03578732106339468,0.023517382413087935,0,195.60000000000002,979,1.497983409766982,0.4745242830528196,0.04221954161640529,829,1.4092972051842478,0.8831470522222786,0.027744270205066313,829,0.0,0.7949336550060314,0.19300361881785283,0.23039806996381182,10.654525953107882,0.9532768020487487,,811,,A0_real_real,R2A,F0aug
R2,A,0.0,0.0,0,low,30.0,35,range_s_P0,ekf,,0.43961450292139753,0.3754737111625356,0.46471195068521665,10.665976561901202,0.8940944857787851,6.75079573265413,12.500995269054416,0.0,0.5983112183353438,0.0,94.0501409453837,1.2592797173629573,0.03578732106339468,0.024539877300613498,0,195.60000000000002,979,1.4764978003083762,0.4557569753789477,0.04221954161640529,829,1.3627732094989238,0.88018832059552,0.026537997587454787,829,0.022919179734620022,0.8009650180940893,0.1942098914354644,0.218335343787696,10.783347981745623,0.9039147451844985,,811,,A0_real_real,R2A,F0aug
R2,A,0.0,0.0,0,low,30.0,36,range_s_P0,ekf,,0.3159131314323742,0.25733624150048123,0.3470463352411048,10.776068678057348,0.901757966245868,6.234604302866875,12.653503390304367,0.0,0.5910735826296744,0.0,95.98247899286113,1.2286233125615504,0.03578732106339468,0.02556237218813906,0,195.60000000000002,979,1.4423182207329521,0.45875238929000967,0.04221954161640529,829,1.4562008222165665,0.8980238394757691,0.030156815440289475,829,0.038600723763570564,0.804583835946924,0.18094089264173704,0.22677925211097708,10.89497319059382,0.9116818215629333,,811,,A0_real_real,R2A,F0aug
R2,A,0.0,0.0,0,low,30.0,37,range_s_P0,ekf,,0.5673451351369494,0.5022997432006651,0.48627633652139896,11.677649798635052,0.898863049341327,7.232498234330687,14.031400458216089,0.0,0.6031363088057901,0.0,112.8017159643183,1.2830251562534993,0.03680981595092025,0.02965235173824131,0,195.60000000000002,979,1.5052643515729314,0.4785613121887862,0.043425814234016924,829,1.561951775799641,0.9175937950510717,0.03256936067551264,829,0.0012062726176115801,0.7864897466827503,0.19782870928829915,0.22798552472858866,11.804973497352574,0.9086608930823031,,811,,A0_real_real,R2A,F0aug
R2,A,0.0,0.0,0,low,30.0,38,range_s_P0,ekf,,0.7273349765248006,0.6632600812012577,0.5423140271019123,11.850042211229301,0.9166331951086797,7.738252715051678,14.150372863118557,0.0,0.6550060313630881,0.0,115.03841335425828,1.2664026118830225,0.03680981595092025,0.03067484662576687,0,195.60000000000002,979,1.4862759780800883,0.4658858328310288,0.043425814234016924,829,1.5182663709734594,0.9085091901877427,0.0349819059107358,829,0.0,0.7780458383594693,0.21109770808202655,0.22677925211097708,11.974406898304482,0.9265201300068155,,811,,A0_real_real,R2A,F0aug
R2,A,0.0,0.0,0,low,30.0,39,range_s_P0,ekf,,0.5650367083082751,0.5127892761012692,0.5037632303950743,11.481645817294831,0.8788179433986163,7.058432448701766,13.806568722931393,0.0,0.5983112183353438,0.0,105.6541102625384,1.2607555001878825,0.03680981595092025,0.02044989775051125,0,195.60000000000002,979,1.4793026201559258,0.4580448004815717,0.043425814234016924,829,1.351024333046222,0.9414418927303194,0.022919179734619988,829,0.03498190591073583,0.7840772014475271,0.19662243667068757,0.2243667068757539,11.608338726176019,0.888506297814389,,811,,A0_real_real,R2A,F0aug
R2,A,0.0,0.0,0,low,30.0,40,range_s_P0,ekf,,0.4758531914798234,0.4076807405487738,0.3400886064904036,11.184076856124925,0.8582060261890516,6.358065488558332,13.342294878038059,0.0,0.5922798552472859,0.0,98.10467679363583,1.2182711932486172,0.034764826175869123,0.02147239263803681,0,195.60000000000002,979,1.43114995736655,0.45892680684651954,0.04101326899879376,829,1.4126089471144274,0.9080048395185325,0.02533172496984315,829,0.013268998793727383,0.7876960193003619,0.19300361881785283,0.22195416164053075,11.30643091113403,0.8676270234456607,,811,,A0_real_real,R2A,F0aug
R2,A,0.0,0.0,0,low,30.0,41,range_s_P0,ekf,,0.4760658066547793,0.40857330478132703,0.4474116514851324,11.34121961664049,0.8360749021738793,7.079285844691499,13.455748724844167,0.0,0.6019300361881785,0.0,100.68221209716322,1.264961096007959,0.03578732106339468,0.026584867075664622,0,195.60000000000002,979,1.4862098091786438,0.45612080622720585,0.04221954161640529,829,1.437447378683847,0.9254696715777351,0.03136308805790111,829,0.0,0.8033775633293124,0.18697225572979492,0.21712907117008443,11.466322055707378,0.8452645538196509,,811,,A0_real_real,R2A,F0aug
R2,A,0.0,0.0,0,low,30.0,42,range_s_P0,ekf,,0.670453441165815,0.611221110587423,0.436607691492311,11.21542582494238,0.8314984455817708,6.832979927563412,13.34390469669142,0.0,0.5983112183353438,0.0,97.5934578586837,1.2582250275091609,0.034764826175869123,0.022494887525562373,0,195.60000000000002,979,1.4765261283781295,0.4649852832414852,0.04101326899879376,829,1.304838408820243,0.8392938506344325,0.024125452352231624,829,0.0,0.7997587454764777,0.19179734620024125,0.22316043425814233,11.336842066965964,0.8406257224399091,,811,,A0_real_real,R2A,F0aug
R2,A,0.0,0.0,0,low,30.0,43,range_s_P0,ekf,,0.39906800410101684,0.33663766045257415,0.3142176444057768,10.366317991088136,0.8775844401023689,6.347823516094186,12.122431053111544,0.0,0.5886610373944512,0.0,88.3025657012672,1.2649704279846274,0.03578732106339468,0.02556237218813906,0,195.60000000000002,979,1.4865995947010735,0.45377354542706194,0.04221954161640529,829,1.531914234207713,0.918068917268479,0.030156815440289475,829,0.0,0.7985524728588661,0.19662243667068757,0.22316043425814233,10.479532603002115,0.8871992027623435,,811,,A0_real_real,R2A,F0aug
R2,A,0.0,0.0,0,low,30.0,44,range_s_P0,ekf,,0.7127319351037079,0.6452320816906351,0.36027419971352964,10.053537784235425,0.9339633639012603,6.0339200808629165,11.613176017683488,0.0,0.5452352231604343,0.0,85.1995135548699,1.258216361311839,0.03578732106339468,0.024539877300613498,0,195.60000000000002,979,1.4773917312712326,0.450692866286782,0.04221954161640529,829,1.424341011722497,0.9346062374129189,0.027744270205066313,829,0.0036188178528347406,0.773220747889023,0.2147165259348613,0.2376357056694813,10.158098891041194,0.9442224444849104,,811,,A0_real_real,R2A,F0aug
R2,A,0.0,0.0,0,low,30.0,45,range_s_P0,ekf,,0.6234953663576746,0.5780951351062692,0.45625676749238575,11.617734666861967,0.8477558376002332,7.083921523012321,13.889833176350356,0.0,0.6007237635705669,0.0,104.37469225211795,1.2559767978425855,0.03680981595092025,0.026584867075664622,0,195.60000000000002,979,1.4777611849982266,0.4513578619246201,0.043425814234016924,829,1.4752738974998492,0.9063406260903678,0.030156815440289475,829,0.0,0.8021712907117008,0.18335343787696018,0.2195416164053076,11.744101402143551,0.8569763206786353,,811,,A0_real_real,R2A,F0aug
R2,A,0.0,0.0,0,low,30.0,46,range_s_P0,ekf,,0.489091904400002,0.4242147118193602,0.5213813602194866,11.602826056360287,0.9275250734203186,6.997375793264942,13.883350565639406,0.0,0.5983112183353438,0.0,110.35659619627394,1.2345707432693545,0.03578732106339468,0.028629856850715747,0,195.60000000000002,979,1.4449512954936536,0.46351515493049544,0.04221954161640529,829,1.5738350139756128,0.9467399311628,0.03256936067551264,829,0.0048250904704463205,0.7973462002412546,0.1881785283474065,0.2255729794933655,11.728639743011863,0.9376214617622695,,811,,A0_real_real,R2A,F0aug
R2,A,0.0,0.0,0,low,30.0,47,range_s_P0,ekf,,0.42343930006838554,0.3783143262411537,0.2868014569484833,10.300085656994245,0.8743595486892678,6.11618150225578,11.879297620508433,0.0,0.586248492159228,0.0,88.24711697527661,1.2575349250554122,0.03578732106339468,0.022494887525562373,0,195.60000000000002,979,1.4792119612556083,0.44370360360260913,0.04221954161640529,829,1.2931277557447214,0.8685200554654856,0.02533172496984315,829,0.0,0.8033775633293124,0.1773220747889023,0.22316043425814233,10.4103699364251,0.8836692045900318,,811,,A0_real_real,R2A,F0aug
R2,A,0.0,0.0,0,low,30.0,48,range_s_P0,ekf,,0.5100733871170803,0.444291058979888,0.35675606789422026,11.324780301254053,0.9006746477686759,6.368702319202242,13.465673222137255,0.0,0.594692400482509,0.0,104.10569641148466,1.2671246626941972,0.03578732106339468,0.02147239263803681,0,195.60000000000002,979,1.4878438288426419,0.4719619026266353,0.04221954161640529,829,1.4220092709346694,0.8792130305752156,0.02533172496984315,829,0.0,0.7720144752714113,0.2147165259348613,0.22919179734620024,11.446653637102417,0.9103900241384816,,811,,A0_real_real,R2A,F0aug
R2,A,0.0,0.0,0,low,30.0,49,range_s_P0,ekf,,0.397987019957303,0.33488193680603406,0.4719249321342595,12.204300995190758,0.8740990017913378,7.411944949731235,14.646922761657285,0.0,0.6453558504221955,0.0,120.30867962685441,1.2514545642066692,0.03578732106339468,0.03169734151329243,0,195.60000000000002,979,1.4704629264367741,0.472088274473918,0.04221954161640529,829,1.546549992919606,0.9490407960311572,0.03739445114595896,829,0.0,0.8118214716525934,0.1773220747889023,0.22074788902291917,12.338638529235377,0.883618025690605,,811,,A0_real_real,R2A,F0aug
R2,A,0.0,0.0,1,mid,30.0,0,range_s_P0,ekf,,0.3555095981313641,0.42003184596389737,0.47495975150739184,7.721874888618206,0.9627726401772134,3.572639347109234,7.65404220984625,0.0,0.10253317249698432,0.0,97.46730207219858,1.1876459438230944,0.034764826175869123,0.022494887525562373,0,195.60000000000002,979,1.3948902301692105,0.3704005152783294,0.04101326899879376,829,1.3371785148489754,0.8699008038633711,0.026537997587454787,829,0.0,0.8118214716525934,0.18214716525934863,0.21592279855247287,7.807002294820581,0.9733569820518208,,811,,A0_real_real,R2A,F0aug
R2,A,0.0,0.0,1,mid,30.0,1,range_s_P0,ekf,,0.5496965125092639,0.48830895008227393,0.46967224271821023,11.923607479468178,0.8798341589430002,7.449776346834195,14.262996400030639,0.0,0.6272617611580217,0.0,115.32980857128943,1.2866916491339513,0.03680981595092025,0.02556237218813906,0,195.60000000000002,979,1.5120534261216652,0.47467214778313693,0.043425814234016924,829,1.5613255474319363,0.9226925162706167,0.030156815440289475,829,0.013268998793727383,0.8057901085645356,0.1881785283474065,0.218335343787696,12.055170077292836,0.8895214271427493,,811,,A0_real_real,R2A,F0aug
R2,A,0.0,0.0,1,mid,30.0,2,range_s_P0,ekf,,0.3952081393911001,0.32693282021467795,0.3377400548602047,10.983533094087447,0.9546886493481257,6.376248731757858,12.830967976642759,0.0,0.609167671893848,0.0,101.50003435253846,1.2312173510930005,0.034764826175869123,0.024539877300613498,0,195.60000000000002,979,1.4468038553772447,0.47245682788892085,0.04101326899879376,829,1.37495290981788,0.8780410545475945,0.02533172496984315,829,0.0036188178528347406,0.7925211097708083,0.20386007237635706,0.22919179734620024,11.096406272400563,0.965022517158607,,811,,A0_real_real,R2A,F0aug
R2,A,0.0,0.0,1,mid,30.0,3,range_s_P0,ekf,,0.6541708562979439,0.6007359771924607,0.48628265103231977,11.632243426786134,0.8432645768941022,7.190329833121759,13.814394165138921,0.0,0.6151990349819059,0.0,106.26608047696348,1.24449804290402,0.03680981595092025,0.02044989775051125,0,195.60000000000002,979,1.4632499837817563,0.4577601686711791,0.043425814234016924,829,1.4825192666002982,0.9521744179828767,0.024125452352231624,829,0.0,0.8057901085645356,0.18938480096501809,0.21592279855247287,11.760071032678194,0.85242980303028,,811,,A0_real_real,R2A,F0aug
R2,A,0.0,0.0,1,mid,30.0,4,range_s_P0,ekf,,0.4458505719966212,0.38631541761807586,0.3814896184286969,10.830293553265703,0.8829362676517608,6.638733501543471,12.680823169187066,0.0,0.5983112183353438,0.0,95.32922133248559,1.2609603289091318,0.034764826175869123,0.023517382413087935,0,195.60000000000002,979,1.4815386303977198,0.459602895377189,0.04101326899879376,829,1.443684157712801,0.8636836747055231,0.026537997587454787,829,0.0,0.7973462002412546,0.195416164053076,0.22316043425814233,10.94635108042644,0.8924618325885715,,811,,A0_real_real,R2A,F0aug
R2,A,0.0,0.0,1,mid,30.0,5,range_s_P0,ekf,,0.4524045233438385,0.4026931196287736,0.31318749985015165,10.427210145714799,0.8898932093824278,6.247795951146253,12.232958544265824,0.0,0.5910735826296744,0.0,90.02353633658437,1.2536230593010833,0.03578732106339468,0.019427402862985686,0,195.60000000000002,979,1.4733128937390843,0.45043022578377107,0.04221954161640529,829,1.3598493703632524,0.8951879907036631,0.021712907117008462,829,0.022919179734620022,0.7889022919179735,0.2014475271411339,0.22677925211097708,10.541295368497362,0.8996999102910168,,811,,A0_real_real,R2A,F0aug
R2,A,0.0,0.0,1,mid,30.0,6,range_s_P0,ekf,,0.6898943840983083,0.6232821257478655,0.428648295884962,11.166180838195954,0.8795139594164794,6.591555875566414,13.312829909907048,0.0,0.5910735826296744,0.0,102.48471649140353,1.2656556744906724,0.03680981595092025,0.02147239263803681,0,195.60000000000002,979,1.4839303382991318,0.45476516003072165,0.043425814234016924,829,1.50978658187921,0.957178461854603,0.02533172496984315,829,0.0,0.7913148371531966,0.19179734620024125,0.2255729794933655,11.28721142619127,0.8890777490303678,,811,,A0_real_real,R2A,F0aug
R2,A,0.0,0.0,1,mid,30.0,7,range_s_P0,ekf,,0.46051561948413033,0.4085006857597427,0.3433510907639888,9.57825079288236,0.8968100267447054,5.529278219303603,11.108324485812858,0.0,0.5572979493365501,0.0,76.51283332343151,1.2477582284117748,0.032719836400818,0.015337423312883436,0,195.60000000000002,979,1.4638260895966535,0.46627725871512826,0.0386007237635706,829,1.26886676537776,0.860182947453583,0.018094089264173663,829,0.006031363088057901,0.7647768395657418,0.23039806996381182,0.24969843184559712,9.67399094628267,0.9065327747462417,,811,,A0_real_real,R2A,F0aug
R2,A,0.0,0.0,1,mid,30.0,8,range_s_P0,ekf,,0.47073017715791565,0.4047051685636411,0.4943865821342995,11.374047074099833,0.8849299454293693,7.170032960028101,13.459893077402272,0.0,0.6344993968636912,0.0,105.84993331194231,1.2699621122114855,0.03578732106339468,0.023517382413087935,0,195.60000000000002,979,1.491984349488156,0.4709985270715143,0.04221954161640529,829,1.3896594123211463,0.8496104107109586,0.027744270205066313,829,0.0,0.7973462002412546,0.195416164053076,0.22074788902291917,11.498939230711864,0.8945974916430256,,811,,A0_real_real,R2A,F0aug
R2,A,0.0,0.0,1,mid,30.0,9,range_s_P0,ekf,,0.5507090268041125,0.6111854082045738,0.5053679406281112,7.725426821388676,0.9576044449813648,3.806701839154393,7.902519586426908,0.0,0.11338962605548854,0.0,131.21552288243996,1.2036614257558693,0.034764826175869123,0.02044989775051125,0,195.60000000000002,979,1.413362202746808,0.38937983665033943,0.04101326899879376,829,1.4086427815053373,0.928146045500584,0.022919179734619988,829,0.0,0.7828709288299156,0.20868516284680338,0.22316043425814233,7.807531358128743,0.9679857890967235,,811,,A0_real_real,R2A,F0aug
R2,A,0.0,0.0,1,mid,30.0,10,range_s_P0,ekf,,0.6718852569534794,0.6210722213511995,0.595880940683634,12.21364915158319,0.8886531991955143,8.083435450636154,14.597163932487794,0.0,0.6622436670687576,0.0,121.9780167413354,1.2827631736782839,0.03578732106339468,0.026584867075664622,0,195.60000000000002,979,1.507949515474714,0.4843548849390817,0.04221954161640529,829,1.4608447886088556,0.9158341612337316,0.03136308805790111,829,0.006031363088057901,0.8069963811821471,0.1881785283474065,0.20989143546441497,12.348202305088735,0.8984104239092355,,811,,A0_real_real,R2A,F0aug
R2,A,0.0,0.0,1,mid,30.0,11,range_s_P0,ekf,,0.48080743621690325,0.41542273289469916,0.3577369358973031,9.754225163375644,0.9201715411039327,5.974698395852789,11.17831506611553,0.0,0.4837153196622437,0.0,81.55602182456738,1.2124653680232147,0.034764826175869123,0.028629856850715747,0,195.60000000000002,979,1.4248597959303708,0.44808302634464464,0.04101326899879376,829,1.4756778938259363,0.8323772394866805,0.033775633293124274,829,0.0048250904704463205,0.7876960193003619,0.20386007237635706,0.22677925211097708,9.85783286435041,0.9302751505857042,,811,,A0_real_real,R2A,F0aug
R2,A,0.0,0.0,1,mid,30.0,12,range_s_P0,ekf,,0.3311920210185672,0.34879814107292784,0.2727879228957592,7.120056307954896,0.9700427213673853,4.391140826735991,5.5345780854954585,0.0,0.18094089264173704,0.0,98.90504240568903,1.1263825058737869,0.02556237218813906,0.02556237218813906,0,195.60000000000002,979,1.3207732706078736,0.462429305805461,0.030156815440289475,829,1.4044508420564714,0.8349454226574119,0.02895054282267795,829,0.0,0.8250904704463209,0.16043425814234016,0.14354644149577805,7.171639095668498,0.9804099416506429,,811,,A0_real_real,R2A,F0aug
R2,A,0.0,0.0,1,mid,30.0,13,range_s_P0,ekf,,0.4663820481207328,0.4126076176234163,0.4475977388151468,11.168670796271616,0.8472321995316254,6.520509656865154,13.280809519720817,0.0,0.5934861278648975,0.0,98.9207129291944,1.2671541838984928,0.03680981595092025,0.027607361963190184,0,195.60000000000002,979,1.4879628518773922,0.45057660599065585,0.043425814234016924,829,1.5313597814957183,0.9533748120146112,0.03136308805790111,829,0.0,0.804583835946924,0.18938480096501809,0.22195416164053075,11.291872574696013,0.8565280103289068,,811,,A0_real_real,R2A,F0aug
R2,A,0.0,0.0,1,mid,30.0,14,range_s_P0,ekf,,0.5706496703123011,0.5125997436992041,0.48485224127273285,11.82158809291073,0.8461304276075807,7.367051112717935,14.14306426036098,0.0,0.6127864897466827,0.0,110.92061378019953,1.2691802220652304,0.03680981595092025,0.024539877300613498,0,195.60000000000002,979,1.493118513673124,0.4618453360245538,0.043425814234016924,829,1.35857862956498,0.8995558666638347,0.026537997587454787,829,0.0,0.8094089264173703,0.18576598311218334,0.218335343787696,11.95200144252799,0.8553870811084754,,811,,A0_real_real,R2A,F0aug
R2,A,0.0,0.0,1,mid,30.0,15,range_s_P0,ekf,,0.16371580936740143,0.09536810507736553,0.22341023057085915,9.733077503153076,0.882496865897549,5.536083050051467,11.036292943061172,0.0,0.49819059107358266,0.0,80.59629453077079,1.23840684792809,0.034764826175869123,0.02044989775051125,0,195.60000000000002,979,1.4549534340184773,0.43768028705115203,0.04101326899879376,829,1.2806580341037799,0.8385816411541349,0.024125452352231624,829,0.0,0.7985524728588661,0.1881785283474065,0.22195416164053075,9.83657428158271,0.8919299795761686,,811,,A0_real_real,R2A,F0aug
R2,A,0.0,0.0,1,mid,30.0,16,range_s_P0,ekf,,0.5250803665395551,0.47590283384092597,0.4003648837476852,10.827474090586227,0.9425770447320583,6.287533618406525,12.638935486837909,0.0,0.5910735826296744,0.0,99.12315641268074,1.2587837375535884,0.034764826175869123,0.024539877300613498,0,195.60000000000002,979,1.4766420594459955,0.4680390864589692,0.04101326899879376,829,1.376338555878411,0.8696252831756983,0.02895054282267795,829,0.0036188178528347406,0.7889022919179735,0.20627261761158022,0.23039806996381182,10.939851297166838,0.9527837291127,,811,,A0_real_real,R2A,F0aug
R2,A,0.0,0.0,1,mid,30.0,17,range_s_P0,ekf,,0.6234312090545318,0.5596715995144181,0.3588335493643311,10.832711393767244,0.8849907045824371,6.399429135919951,12.720836565412945,0.0,0.594692400482509,0.0,97.46720843687802,1.261600472846711,0.03578732106339468,0.024539877300613498,0,195.60000000000002,979,1.483771418699715,0.45962500808656975,0.04221954161640529,829,1.4412126416794158,0.9069255802611613,0.02895054282267795,829,0.0,0.804583835946924,0.18214716525934863,0.2243667068757539,10.95047400232882,0.8946697593180534,,811,,A0_real_real,R2A,F0aug
R2,A,0.0,0.0,1,mid,30.0,18,range_s_P0,ekf,,0.7831180404373931,0.7330286553030599,0.6012434827423118,11.900282883065154,0.9026546587532183,7.781355340326362,14.212365970328905,0.0,0.6344993968636912,0.0,117.18081479198919,1.2558328057221924,0.03680981595092025,0.03169734151329243,0,195.60000000000002,979,1.4776687375671724,0.4643950073093667,0.043425814234016924,829,1.4836642302756646,0.8791644509868255,0.03618817852834744,829,0.0,0.7925211097708083,0.20024125452352232,0.22195416164053075,12.030322828912828,0.9125376577123651,,811,,A0_real_real,R2A,F0aug
R2,A,0.0,0.0,1,mid,30.0,19,range_s_P0,ekf,,0.2538161875226873,0.31745543102075485,0.31442563829890924,7.926958337065493,0.9704302554245738,3.658170377099837,8.139512305463384,0.0,0.1399276236429433,0.0,143.46399710969496,1.2099265271269002,0.034764826175869123,0.023517382413087935,0,195.60000000000002,979,1.4227494552933653,0.39753415480475784,0.04101326899879376,829,1.4744499950124716,0.8987814648507226,0.027744270205066313,829,0.0,0.7925211097708083,0.20024125452352232,0.2255729794933655,8.011525632161426,0.9810692376774894,,811,,A0_real_real,R2A,F0aug
R2,A,0.0,0.0,1,mid,30.0,20,range_s_P0,ekf,,0.5222299585225858,0.4608948163794978,0.3797393090274197,11.250405525131207,0.9271478984613474,6.111098505971664,13.48193037779168,0.0,0.5802171290711701,0.0,102.48628254964862,1.2604563731136311,0.03680981595092025,0.022494887525562373,0,195.60000000000002,979,1.4799634623279125,0.45987321903817163,0.043425814234016924,829,1.4177473079201066,0.8843414413964557,0.026537997587454787,829,0.0048250904704463205,0.7659831121833535,0.22195416164053075,0.25331724969843183,11.366796209133351,0.9372738360466512,,811,,A0_real_real,R2A,F0aug
R2,A,0.0,0.0,1,mid,30.0,21,range_s_P0,ekf,,0.3751648485398571,0.320643935657611,0.3314561144663836,10.788681817734368,0.9113105455392724,5.969365024994904,12.661774155659753,0.0,0.5898673100120627,0.0,96.76522259118828,1.2502890198471959,0.034764826175869123,0.024539877300613498,0,195.60000000000002,979,1.464511978075487,0.45755194818247213,0.04101326899879376,829,1.4308055675196545,0.8924596055748966,0.027744270205066313,829,0.019300361881785282,0.8069963811821471,0.19059107358262967,0.22316043425814233,10.907732505040206,0.9213412115040914,,811,,A0_real_real,R2A,F0aug
R2,A,0.0,0.0,1,mid,30.0,22,range_s_P0,ekf,,0.6023756564718966,0.5412026389113245,0.49661899563396167,11.760933729351175,0.8716915728967198,7.308973852708174,14.091520276644353,0.0,0.6067551266586249,0.0,112.6789945587082,1.2652931943857482,0.03578732106339468,0.03067484662576687,0,195.60000000000002,979,1.4873151925102506,0.4687359983498863,0.04221954161640529,829,1.5281538159626278,0.9108943137638138,0.0349819059107358,829,0.0,0.7973462002412546,0.19059107358262967,0.2195416164053076,11.89072552352486,0.8812756050342041,,811,,A0_real_real,R2A,F0aug
R2,A,0.0,0.0,1,mid,30.0,23,range_s_P0,ekf,,0.3974826172964983,0.34221802372084426,0.33273107037135247,10.266068187299611,0.9259352816233559,6.241647577829376,11.903440164637743,0.0,0.5440289505428226,0.0,85.23480300660616,1.2788193346512393,0.03578732106339468,0.02147239263803681,0,195.60000000000002,979,1.5036907246467774,0.4644618218825686,0.04221954161640529,829,1.3004476855971252,0.8395991386126979,0.02533172496984315,829,0.0,0.7876960193003619,0.18697225572979492,0.2569360675512666,10.366575770009208,0.9358196952164474,,811,,A0_real_real,R2A,F0aug
R2,A,0.0,0.0,1,mid,30.0,24,range_s_P0,ekf,,0.21684369685125032,0.14980037686840778,0.17654468460944242,8.726717813647019,0.9257526725972862,4.6281376136591,9.509587545732712,0.0,0.2738238841978287,0.0,71.84358823980537,1.2431263774951895,0.03578732106339468,0.024539877300613498,0,195.60000000000002,979,1.4571787292771812,0.427794706526633,0.04221954161640529,829,1.4631834321822599,0.837172912883607,0.02895054282267795,829,0.033775633293124246,0.7925211097708083,0.19782870928829915,0.22677925211097708,8.82266315515309,0.9359391191840479,,811,,A0_real_real,R2A,F0aug
R2,A,0.0,0.0,1,mid,30.0,25,range_s_P0,ekf,,0.48941428995265274,0.42556040839250797,0.39569272069585576,10.85013942503039,0.873822297983112,6.810026446681206,12.756812019346093,0.0,0.6079613992762364,0.0,95.29534211163049,1.2236555228973491,0.03578732106339468,0.022494887525562373,0,195.60000000000002,979,1.438012393079323,0.45488388051117806,0.04221954161640529,829,1.3850666070851296,0.8546889409124675,0.026537997587454787,829,0.010856453558504222,0.7913148371531966,0.2014475271411339,0.218335343787696,10.969686449813072,0.8834183037770162,,811,,A0_real_real,R2A,F0aug
R2,A,0.0,0.0,1,mid,30.0,26,range_s_P0,ekf,,0.681969293759101,0.6244632735811244,0.5197252889575625,11.491829146730451,0.871024801622689,6.845574053482489,13.705576992053683,0.0,0.594692400482509,0.0,102.67548403740325,1.264410562419237,0.03680981595092025,0.022494887525562373,0,195.60000000000002,979,1.4858921638130658,0.4605412759408816,0.043425814234016924,829,1.402971276041971,0.8928249914317893,0.026537997587454787,829,0.0,0.7720144752714113,0.218335343787696,0.23039806996381182,11.61229467159665,0.880245754156716,,811,,A0_real_real,R2A,F0aug
R2,A,0.0,0.0,1,mid,30.0,27,range_s_P0,ekf,,0.5703559733698614,0.5033976967129838,0.46098420870330553,10.913518304361533,0.9254112513945716,7.0083469717496,12.824605747714001,0.0,0.6067551266586249,0.0,99.68568283657528,1.2706919307460325,0.034764826175869123,0.023517382413087935,0,195.60000000000002,979,1.492015296620269,0.4756042501177364,0.04101326899879376,829,1.3882919336175257,0.8724502115340209,0.026537997587454787,829,0.0,0.7973462002412546,0.19903498190591074,0.22316043425814233,11.031360808240406,0.9355222149652704,,811,,A0_real_real,R2A,F0aug
R2,A,0.0,0.0,1,mid,30.0,28,range_s_P0,ekf,,0.4878732216197327,0.42001290859648865,0.5132691650304412,12.010183100920397,0.895702775946085,7.432177855635623,14.288406400991676,0.0,0.6562123039806996,0.0,118.64086019959424,1.2683630614166637,0.03680981595092025,0.02556237218813906,0,195.60000000000002,979,1.4896089591660766,0.46742940075267575,0.043425814234016924,829,1.4722741065073888,0.9482293903510708,0.030156815440289475,829,0.0,0.804583835946924,0.19059107358262967,0.22074788902291917,12.138574781550949,0.9052153889705165,,811,,A0_real_real,R2A,F0aug
R2,A,0.0,0.0,1,mid,30.0,29,range_s_P0,ekf,,0.3767464525352601,0.4357340692853516,0.38741217096942326,7.400651808373698,0.992364926080286,3.343110519326569,7.576768790429993,0.0,0.08926417370325694,0.0,693.9522395269428,1.2099111276882253,0.034764826175869123,0.028629856850715747,0,195.60000000000002,979,1.4199282733388596,0.4005928076674454,0.04101326899879376,829,1.3466162238846116,0.877463542127322,0.03256936067551264,829,0.0,0.7563329312424608,0.22798552472858866,0.26417370325693607,7.462928700369144,1.0029304397960883,,811,,A0_real_real,R2A,F0aug
R2,A,0.0,0.0,1,mid,30.0,30,range_s_P0,ekf,,0.40336373886237376,0.3354977132953438,0.36679592407445755,10.52571805209782,0.9219596270965774,6.292982285585619,12.130167356192402,0.0,0.6296743063932448,0.0,93.93327873379732,1.2575230857907085,0.034764826175869123,0.026584867075664622,0,195.60000000000002,979,1.4753821555553983,0.4632006414603484,0.04101326899879376,829,1.4734948754984416,0.9553929314008206,0.030156815440289475,829,0.0,0.7949336550060314,0.1942098914354644,0.2243667068757539,10.639006243477382,0.9318454815684372,,811,,A0_real_real,R2A,F0aug
R2,A,0.0,0.0,1,mid,30.0,31,range_s_P0,ekf,,0.4696076698299067,0.4136763824669718,0.4482314326573466,11.287705225853617,0.8380498331647052,6.829511222024047,13.40152560751009,0.0,0.5983112183353438,0.0,99.72211376605495,1.2552062724439879,0.034764826175869123,0.02965235173824131,0,195.60000000000002,979,1.4754119538548542,0.45698978867564793,0.04101326899879376,829,1.4648258294578183,0.900886733997701,0.0349819059107358,829,0.019300361881785282,0.8069963811821471,0.1881785283474065,0.218335343787696,11.412209662072508,0.8472852270165553,,811,,A0_real_real,R2A,F0aug
R2,A,0.0,0.0,1,mid,30.0,32,range_s_P0,ekf,,0.24955553083033363,0.3037565682842633,0.35529943690732746,7.73986033539778,1.0152145872159697,3.6722999822009403,7.89308639129769,0.0,0.10615199034981906,0.0,91.82012121492016,1.211647411963633,0.03374233128834356,0.02147239263803681,0,195.60000000000002,979,1.4150797926718695,0.40097782634884915,0.039806996381182125,829,1.3397367362437493,0.8540804761924363,0.02533172496984315,829,0.0048250904704463205,0.7708082026537998,0.2135102533172497,0.24969843184559712,7.811601255012796,1.0261864520957351,,811,,A0_real_real,R2A,F0aug
R2,A,0.0,0.0,1,mid,30.0,33,range_s_P0,ekf,,0.5880392295499929,0.5224975648075701,0.45865903097175487,11.537962087743658,0.8490445784206423,6.887520738873151,13.644496457694599,0.0,0.6417370325693607,0.0,105.59421180708635,1.2678693555676066,0.03680981595092025,0.02965235173824131,0,195.60000000000002,979,1.490952604803527,0.4566811873248945,0.043425814234016924,829,1.4669003011370032,0.8728829891109823,0.03256936067551264,829,0.0,0.804583835946924,0.1881785283474065,0.2074788902291918,11.665264525360623,0.8583542479432865,,811,,A0_real_real,R2A,F0aug
R2,A,0.0,0.0,1,mid,30.0,34,range_s_P0,ekf,,0.5143886274392129,0.4592325373521647,0.39123228845004565,10.987004856444335,0.946064346108313,6.757289230902473,12.81752578573752,0.0,0.6188178528347407,0.0,103.28997905694285,1.2795316851675713,0.03578732106339468,0.02556237218813906,0,195.60000000000002,979,1.5046223131984058,0.48132835756489406,0.04221954161640529,829,1.4484922751249958,0.8889179407402041,0.030156815440289475,829,0.0,0.7985524728588661,0.195416164053076,0.22919179734620024,11.10153732923037,0.956296038272817,,811,,A0_real_real,R2A,F0aug
R2,A,0.0,0.0,1,mid,30.0,35,range_s_P0,ekf,,0.41843214423274155,0.35413854061578914,0.443333864767518,10.601034791028054,0.879856534160616,6.482749790191212,12.37131373821825,0.0,0.594692400482509,0.0,92.3952224550647,1.2533612512068164,0.03578732106339468,0.02556237218813906,0,195.60000000000002,979,1.470296513524244,0.44967234630806147,0.04221954161640529,829,1.3700042496773586,0.8766237683806419,0.027744270205066313,829,0.010856453558504222,0.8033775633293124,0.18455971049457176,0.20868516284680338,10.717984472901527,0.8895432648827326,,811,,A0_real_real,R2A,F0aug
R2,A,0.0,0.0,1,mid,30.0,36,range_s_P0,ekf,,0.3108224197575824,0.2521456758592631,0.3420581431934146,10.566088677930587,0.9076862561971081,6.0236651715618885,12.36890966198396,0.0,0.5898673100120627,0.0,92.5386537728561,1.2200234714810476,0.03578732106339468,0.02556237218813906,0,195.60000000000002,979,1.4327165706530611,0.4528945070916154,0.04221954161640529,829,1.4442829106976032,0.8951272559877599,0.030156815440289475,829,0.012062726176115802,0.804583835946924,0.18214716525934863,0.2255729794933655,10.681628438449248,0.9176378153619064,,811,,A0_real_real,R2A,F0aug
R2,A,0.0,0.0,1,mid,30.0,37,range_s_P0,ekf,,0.5777344939953148,0.5126582730204038,0.4965305565202496,11.807473324902682,0.88472028515134,7.449448469812785,14.156671384319777,0.0,0.6079613992762364,0.0,115.53882061100633,1.2876884655035552,0.03680981595092025,0.02965235173824131,0,195.60000000000002,979,1.5103484977847805,0.4782934218752631,0.043425814234016924,829,1.56494398364736,0.9224146664052777,0.03256936067551264,829,0.0,0.804583835946924,0.1881785283474065,0.2195416164053076,11.93776382145823,0.8944342405188778,,811,,A0_real_real,R2A,F0aug
R2,A,0.0,0.0,1,mid,30.0,38,range_s_P0,ekf,,0.7101768915884392,0.6460297496205565,0.524992076616364,11.49261132387057,0.9150913325800843,7.50634900349106,13.58299769380198,0.0,0.6562123039806996,0.0,108.93279336206967,1.26672371454885,0.03680981595092025,0.03067484662576687,0,195.60000000000002,979,1.487014926701078,0.46435949964305745,0.043425814234016924,829,1.5060795602968566,0.8951466245743486,0.0349819059107358,829,0.0,0.7780458383594693,0.2074788902291918,0.2255729794933655,11.613670982043214,0.9249659896291567,,811,,A0_real_real,R2A,F0aug
R2,A,0.0,0.0,1,mid,30.0,39,range_s_P0,ekf,,0.33770243270391476,0.4060497816685202,0.3564374568370091,8.049672199568759,1.0379986127334013,3.590995227932717,8.35708714864098,0.0,0.18335343787696018,0.0,106.95754511449488,1.208517672815915,0.03578732106339468,0.019427402862985686,0,195.60000000000002,979,1.4182538676178573,0.3951213278678935,0.04221954161640529,829,1.3126622360069047,0.914990644802532,0.021712907117008462,829,0.0036188178528347406,0.7708082026537998,0.2147165259348613,0.25090470446320867,8.125443160327546,1.0492962902616783,,811,,A0_real_real,R2A,F0aug
R2,A,0.0,0.0,1,mid,30.0,40,range_s_P0,ekf,,0.4143564215520451,0.3460110862200282,0.26878310639340214,10.248034086651488,0.8874007544936278,5.963710384813834,11.89615217499886,0.0,0.5886610373944512,0.0,85.88415105774595,1.2132241521964138,0.034764826175869123,0.02147239263803681,0,195.60000000000002,979,1.425881965544368,0.45136172176372347,0.04101326899879376,829,1.3908235549785204,0.8771356982080329,0.02533172496984315,829,0.0,0.7876960193003619,0.19059107358262967,0.2243667068757539,10.35847652507805,0.8970951865871839,,811,,A0_real_real,R2A,F0aug
R2,A,0.0,0.0,1,mid,30.0,41,range_s_P0,ekf,,0.5010098005068181,0.4337707913171994,0.4742122336924301,11.776791733306474,0.8406190003279248,7.238164859911252,14.068707046608633,0.0,0.6043425814234017,0.0,109.30754342560735,1.2608653555673555,0.03680981595092025,0.02556237218813906,0,195.60000000000002,979,1.4815103511094703,0.453157204381477,0.043425814234016924,829,1.4367293063483895,0.9358625235779519,0.030156815440289475,829,0.0,0.8057901085645356,0.18335343787696018,0.1881785283474065,11.906157169004981,0.8498779879339086,,811,,A0_real_real,R2A,F0aug
R2,A,0.0,0.0,1,mid,30.0,42,range_s_P0,ekf,,0.6859696967968238,0.6267812939312202,0.4520485361183422,11.498334493318525,0.8190770636143221,6.976273407196486,13.70919048576455,0.0,0.6007237635705669,0.0,102.90646441133318,1.2594438039194444,0.034764826175869123,0.023517382413087935,0,195.60000000000002,979,1.4781096164342873,0.465221328253258,0.04101326899879376,829,1.3172863676082118,0.8432821801443444,0.02533172496984315,829,0.03498190591073583,0.8033775633293124,0.19059107358262967,0.218335343787696,11.624636117975859,0.8280915517159516,,811,,A0_real_real,R2A,F0aug
R2,A,0.0,0.0,1,mid,30.0,43,range_s_P0,ekf,,0.31359304289466217,0.250543827736458,0.22826362739675488,9.817346492103615,0.9193406996567831,5.696973565945933,11.21728305873328,0.0,0.49336550060313633,0.0,82.0258827454541,1.2574853419229053,0.03578732106339468,0.026584867075664622,0,195.60000000000002,979,1.4782869876338525,0.4473112947575445,0.04221954161640529,829,1.5187102659293479,0.8995213856315653,0.03136308805790111,829,0.0,0.7901085645355851,0.20265379975874548,0.22919179734620024,9.91647536309932,0.9292717482754534,,811,,A0_real_real,R2A,F0aug
R2,A,0.0,0.0,1,mid,30.0,44,range_s_P0,ekf,,0.7505330893921784,0.6826395332970847,0.40727565558615203,10.477699406036557,0.9259047052705395,6.233085570847078,12.226930451385197,0.0,0.5934861278648975,0.0,91.05870348330205,1.2627644894489558,0.03578732106339468,0.026584867075664622,0,195.60000000000002,979,1.481191369850651,0.45503198637637093,0.04221954161640529,829,1.4525980402649017,0.9397668684677097,0.030156815440289475,829,0.006031363088057901,0.7780458383594693,0.21230398069963813,0.2316043425814234,10.58884553469231,0.9360973530248601,,811,,A0_real_real,R2A,F0aug
R2,A,0.0,0.0,1,mid,30.0,45,range_s_P0,ekf,,0.5806250102996986,0.5360614977959269,0.41311296818686666,10.991449122370346,0.8818958311533296,6.647781275636917,12.856043291786921,0.0,0.617611580217129,0.0,95.06953090408919,1.253430973720522,0.03578732106339468,0.024539877300613498,0,195.60000000000002,979,1.4742731039746415,0.44778851319077956,0.04221954161640529,829,1.4546849957453079,0.8974420292714991,0.027744270205066313,829,0.0,0.8033775633293124,0.18576598311218334,0.22195416164053075,11.10586810815196,0.8913327524368334,,811,,A0_real_real,R2A,F0aug
R2,A,0.0,0.0,1,mid,30.0,46,range_s_P0,ekf,,0.2824042045872495,0.33656494709517565,0.233970916269967,7.150987701060979,0.933563307158113,4.420623420753976,5.817783038266759,0.0,0.17852834740651388,0.0,99.40954325630186,1.1165818635946816,0.026584867075664622,0.026584867075664622,0,195.60000000000002,979,1.3068699504416224,0.47767321918590266,0.03136308805790111,829,1.4985139908364509,0.8813323651442575,0.030156815440289475,829,0.0,0.8250904704463209,0.1640530759951749,0.18335343787696018,7.209236432767272,0.9435509317054573,,811,,A0_real_real,R2A,F0aug
R2,A,0.0,0.0,1,mid,30.0,47,range_s_P0,ekf,,0.5529157342129933,0.5037098199151914,0.4199119351916024,11.852665444106785,0.8634422729707832,6.945343041990251,14.247056389154771,0.0,0.5995174909529554,0.0,113.92644912064424,1.2619887073491298,0.03680981595092025,0.02965235173824131,0,195.60000000000002,979,1.4836400926535114,0.45759817256271557,0.043425814234016924,829,1.368901287331329,0.8725189475210023,0.033775633293124274,829,0.0,0.7997587454764777,0.1881785283474065,0.22677925211097708,11.979553027307253,0.8726951301479048,,811,,A0_real_real,R2A,F0aug
R2,A,0.0,0.0,1,mid,30.0,48,range_s_P0,ekf,,0.47967461212470436,0.4135888044314187,0.32569120297767784,10.662472268896206,0.9207999581630806,6.272485138486181,12.344352391588775,0.0,0.6284680337756333,0.0,94.55481829503526,1.2686843157264167,0.03578732106339468,0.02147239263803681,0,195.60000000000002,979,1.4907081276104739,0.4657434611133321,0.04221954161640529,829,1.3897754081982987,0.8519150196870396,0.02533172496984315,829,0.0,0.781664656212304,0.20265379975874548,0.2255729794933655,10.774819192790284,0.9306410581986151,,811,,A0_real_real,R2A,F0aug
R2,A,0.0,0.0,1,mid,30.0,49,range_s_P0,ekf,,0.39531460177967087,0.3322138466232582,0.46925509476868643,12.402571820935629,0.8653897511666508,7.295366845653437,14.943242419297572,0.0,0.6272617611580217,0.0,125.53639526171966,1.251033771785091,0.03578732106339468,0.03169734151329243,0,195.60000000000002,979,1.4700388458372007,0.47348585499292123,0.04221954161640529,829,1.5410218313945803,0.9543600847252756,0.03739445114595896,829,0.0,0.8082026537997588,0.18214716525934863,0.22195416164053075,12.538625852995002,0.8747827023032162,,811,,A0_real_real,R2A,F0aug
R2,A,0.0,0.0,2,high,30.0,0,range_s_P0,ekf,,0.40352136222391183,0.34004440249203627,0.28403586050367546,10.213194385303405,0.8177610445349229,5.534166498709521,11.896128525297495,0.0,0.5790108564535585,0.0,80.16590419522669,1.237934190401865,0.034764826175869123,0.02147239263803681,0,195.60000000000002,979,1.4544687929655002,0.43785255661549877,0.04101326899879376,829,1.370585789003361,0.9136506092113585,0.02533172496984315,829,0.0,0.8082026537997588,0.18214716525934863,0.21712907117008443,10.325782820135467,0.8267093272077085,,811,,A0_real_real,R2A,F0aug
R2,A,0.0,0.0,2,high,30.0,1,range_s_P0,ekf,,0.48465237953564483,0.4226632135307909,0.4041442750385637,10.868143227766307,0.8711454671208776,7.059681823929565,12.70849798562215,0.0,0.6212303980699638,0.0,95.5521744287088,1.2797446870443678,0.03578732106339468,0.02556237218813906,0,195.60000000000002,979,1.5041465756652903,0.4627595817771245,0.04221954161640529,829,1.536619404290085,0.8935557363194901,0.030156815440289475,829,0.0036188178528347406,0.8118214716525934,0.18214716525934863,0.19300361881785283,10.988062422923159,0.8807343434366293,,811,,A0_real_real,R2A,F0aug
R2,A,0.0,0.0,2,high,30.0,2,range_s_P0,ekf,,0.2737637119234148,0.3172721919474443,0.26290095506388933,6.784544356322606,0.9422160082433328,3.3624940548059277,5.5238723412044175,0.0,0.1471652593486128,0.0,89.9951968272103,1.1154867683858156,0.027607361963190184,0.024539877300613498,0,195.60000000000002,979,1.3097153795992607,0.48261604329119584,0.03256936067551264,829,1.3313267524909966,0.8402383955753253,0.02533172496984315,829,0.0,0.7985524728588661,0.18938480096501809,0.23522316043425814,6.834296483458499,0.9522973508883702,,811,,A0_real_real,R2A,F0aug
R2,A,0.0,0.0,2,high,30.0,3,range_s_P0,ekf,,0.7072922192983282,0.6537605917393612,0.5384946481479091,12.022989546729333,0.829675518372364,7.791097680014205,14.07354887768638,0.0,0.6996381182147166,0.0,115.2378143988075,1.2520420357360633,0.03578732106339468,0.02044989775051125,0,195.60000000000002,979,1.4723744208336003,0.46425447130951925,0.04221954161640529,829,1.4865093444533364,0.9590218998164145,0.024125452352231624,829,0.0,0.8407720144752714,0.15319662243667068,0.16164053075995174,12.15307184542376,0.8388057802291976,,811,,A0_real_real,R2A,F0aug
R2,A,0.0,0.0,2,high,30.0,4,range_s_P0,ekf,,0.43923640340260584,0.3792792292781472,0.37499325828150004,10.647650655408997,0.907214057676549,6.79321139645096,12.435982755567908,0.0,0.5922798552472859,0.0,92.70932365471911,1.2618727891101145,0.034764826175869123,0.022494887525562373,0,195.60000000000002,979,1.4826136517155983,0.4635916718906093,0.04101326899879376,829,1.4309443289387223,0.8662291399499225,0.02533172496984315,829,0.0,0.7925211097708083,0.19662243667068757,0.22798552472858866,10.75296624112825,0.9168329308995762,,811,,A0_real_real,R2A,F0aug
R2,A,0.0,0.0,2,high,30.0,5,range_s_P0,ekf,,0.5287377273424724,0.47741506570572356,0.38994719901683766,11.573528616777239,0.8371690234906476,6.607354322000492,13.81145442587391,0.0,0.5958986731001207,0.0,105.63028765309795,1.2504941113432233,0.03680981595092025,0.02044989775051125,0,195.60000000000002,979,1.4685667933393731,0.4472775093242265,0.043425814234016924,829,1.4014631236482085,0.9264904114027576,0.022919179734619988,829,0.012062726176115802,0.8021712907117008,0.19059107358262967,0.1881785283474065,11.699052001424308,0.8463689163718493,,811,,A0_real_real,R2A,F0aug
R2,A,0.0,0.0,2,high,30.0,6,range_s_P0,ekf,,0.15875936338848684,0.13002359408486414,0.2125199971091523,8.887249986637876,1.2317276918226607,3.3056456035020614,6.419312288836701,0.0,0.3401688781664656,0.0,167.45349043722067,1.2393873487693143,0.02965235173824131,0.02044989775051125,0,195.60000000000002,979,1.4539174882482202,0.5576875386904666,0.0349819059107358,829,1.4564980499286648,0.9117888919747037,0.024125452352231624,829,0.0,1.0,0.0,0.0,8.923101451572514,1.2444646766694032,,811,,A0_real_real,R2A,F0aug
R2,A,0.0,0.0,2,high,30.0,7,range_s_P0,ekf,,0.13082741211972274,0.19404871316346636,0.18917228354575316,8.726673750886631,1.236706683009563,3.376744851066912,6.363261702074882,0.0,0.3232810615199035,0.0,157.88696486098658,1.2163141705507008,0.028629856850715747,0.017382413087934562,0,195.60000000000002,979,1.4266599084504445,0.544462628344334,0.033775633293124274,829,1.2451963977474765,0.8230015190744153,0.020506634499396825,829,0.0,0.9867310012062727,0.0,0.0,8.765060291711439,1.2497537591339032,,811,,A0_real_real,R2A,F0aug
R2,A,0.0,0.0,2,high,30.0,8,range_s_P0,ekf,,0.2855206112457394,0.33695839275008144,0.23500801087472595,7.755516519964673,1.0969336088681836,3.9273467699188047,5.930704639912047,0.0,0.2243667068757539,0.0,123.35819792713387,1.162577600103807,0.027607361963190184,0.022494887525562373,0,195.60000000000002,979,1.3654778342438154,0.4938863314400948,0.03256936067551264,829,1.342242260460762,0.8174395922134564,0.02533172496984315,829,0.0,0.8431845597104946,0.14234016887816647,0.07478890229191798,7.812376944217012,1.108636381358171,,811,,A0_real_real,R2A,F0aug
R2,A,0.0,0.0,2,high,30.0,9,range_s_P0,ekf,,0.3282529522463912,0.26048575944076774,0.35771125155718975,10.274637566869513,0.8411500059900855,6.48039615824503,11.824597488158734,0.0,0.5379975874547648,0.0,84.3745138258542,1.2696073224266349,0.03680981595092025,0.02044989775051125,0,195.60000000000002,979,1.4888698899760913,0.4449467053067723,0.043425814234016924,829,1.414981749795161,0.9331990430290173,0.022919179734619988,829,0.0,0.7937273823884198,0.20265379975874548,0.20989143546441497,10.387905213332736,0.8503752832710216,,811,,A0_real_real,R2A,F0aug
R2,A,0.0,0.0,2,high,30.0,10,range_s_P0,ekf,,0.6104871240749734,0.5605358517842097,0.5338357636235096,11.26900684890673,0.8787245222454427,7.719887018527534,13.169998314131163,0.0,0.6948130277442702,0.0,101.92279304585668,1.2786373319367466,0.03578732106339468,0.026584867075664622,0,195.60000000000002,979,1.5035576012355192,0.46945798191429683,0.04221954161640529,829,1.4418380484980315,0.897184321990527,0.03136308805790111,829,0.0,0.8082026537997588,0.18335343787696018,0.19300361881785283,11.392926921966511,0.8883292135750483,,811,,A0_real_real,R2A,F0aug
R2,A,0.0,0.0,2,high,30.0,11,range_s_P0,ekf,,0.14295709851407645,0.1910617770733119,0.2415014438350319,7.738427714857802,1.0557141021797787,4.373998821490014,5.883078199400925,0.0,0.22798552472858866,0.0,122.35214976095988,1.1125221307341464,0.027607361963190184,0.026584867075664622,0,195.60000000000002,979,1.3064998006873194,0.474967435284309,0.03256936067551264,829,1.4647083159020078,0.8312746047280342,0.03136308805790111,829,0.0,0.8516284680337757,0.13027744270205066,0.04463208685162847,7.798386920550859,1.067187045965523,,811,,A0_real_real,R2A,F0aug
R2,A,0.0,0.0,2,high,30.0,12,range_s_P0,ekf,,0.5865986020885,0.5183595573610514,0.4327756745508844,11.061242638724877,0.9000836083178759,6.793103813293826,12.938369328617918,0.0,0.638118214716526,0.0,100.81035728680321,1.2710874895838042,0.03578732106339468,0.02556237218813906,0,195.60000000000002,979,1.4909394499455906,0.46094693446010476,0.04221954161640529,829,1.4489854598647383,0.8785898312356742,0.02895054282267795,829,0.0,0.8057901085645356,0.18938480096501809,0.19782870928829915,11.183235098595679,0.9099992766109427,,811,,A0_real_real,R2A,F0aug
R2,A,0.0,0.0,2,high,30.0,13,range_s_P0,ekf,,0.4603221064512921,0.40636294073934803,0.44208911342289636,11.31703181572101,0.8970524945831738,6.496551818751188,13.558857205850972,0.0,0.5850422195416164,0.0,102.61424661967287,1.2709660065650925,0.03783231083844581,0.027607361963190184,0,195.60000000000002,979,1.4918664017023664,0.4557060820179186,0.04463208685162845,829,1.5143093563274448,0.9505993126378159,0.03136308805790111,829,0.0036188178528347406,0.7828709288299156,0.20265379975874548,0.2436670687575392,11.436898759868676,0.9067891291488127,,811,,A0_real_real,R2A,F0aug
R2,A,0.0,0.0,2,high,30.0,14,range_s_P0,ekf,,0.14700604769095738,0.21496088190573773,0.225674006183171,8.488685000464253,1.2684491773855304,3.512904221120423,6.1765930467760946,0.0,0.29191797346200243,0.0,154.57293617427155,1.2043107696839521,0.027607361963190184,0.02147239263803681,0,195.60000000000002,979,1.415683174555555,0.5351312292060588,0.03256936067551264,829,1.286264309911613,0.8558028149755526,0.022919179734619988,829,0.0,0.9734620024125452,0.0048250904704463205,0.0,8.530573710654785,1.2816916578699498,,811,,A0_real_real,R2A,F0aug
R2,A,0.0,0.0,2,high,30.0,15,range_s_P0,ekf,,0.22371121377420375,0.1563202980879179,0.28806222040582946,10.638631434501512,0.869163820307534,6.112111843657373,12.388581922448273,0.0,0.5922798552472859,0.0,92.11678481555323,1.2530325678155727,0.03578732106339468,0.02147239263803681,0,195.60000000000002,979,1.4706936707687073,0.44511305653970573,0.04221954161640529,829,1.305461577143201,0.8559804207939837,0.02533172496984315,829,0.0,0.7973462002412546,0.18576598311218334,0.22074788902291917,10.755680815248336,0.8786138930665166,,811,,A0_real_real,R2A,F0aug
R2,A,0.0,0.0,2,high,30.0,16,range_s_P0,ekf,,0.577533842767236,0.5271966816635211,0.4538057352644361,10.88730078098257,0.8761034955088977,7.09854979302727,12.613028571605822,0.0,0.6296743063932448,0.0,98.85876442272132,1.2622898797729292,0.034764826175869123,0.023517382413087935,0,195.60000000000002,979,1.480604983379184,0.4653819244492433,0.04101326899879376,829,1.3637657150070952,0.875214801070561,0.027744270205066313,829,0.0,0.8082026537997588,0.18335343787696018,0.18576598311218334,11.00501083604319,0.8857591597721898,,811,,A0_real_real,R2A,F0aug
R2,A,0.0,0.0,2,high,30.0,17,range_s_P0,ekf,,0.6500078455567072,0.586564117941584,0.3856521588669774,11.18800550622102,0.8944804186917965,6.672462906230593,13.327776085482565,0.0,0.5958986731001207,0.0,100.86944570073099,1.2689370109437688,0.03578732106339468,0.026584867075664622,0,195.60000000000002,979,1.4919204325734294,0.47496913758901044,0.04221954161640529,829,1.4541524253267148,0.9087429499602083,0.03136308805790111,829,0.0036188178528347406,0.7889022919179735,0.19782870928829915,0.25331724969843183,11.299986424508123,0.9040891922471579,,811,,A0_real_real,R2A,F0aug
R2,A,0.0,0.0,2,high,30.0,18,range_s_P0,ekf,,0.778538633066017,0.728203185707272,0.5977015014904924,12.088735692165741,0.9571913597819638,7.730988739307841,14.426496037785718,0.0,0.6248492159227985,0.0,123.50768321357445,1.2600199221513935,0.03680981595092025,0.03169734151329243,0,195.60000000000002,979,1.4822645345174421,0.47002389124239213,0.043425814234016924,829,1.492770815279148,0.8842393020549143,0.03618817852834744,829,0.0024125452352231603,0.7913148371531966,0.20386007237635706,0.22798552472858866,12.21531103940999,0.967570821789096,,811,,A0_real_real,R2A,F0aug
R2,A,0.0,0.0,2,high,30.0,19,range_s_P0,ekf,,0.41988223339761127,0.3768558231161947,0.24139334653421757,10.062121320082797,0.9338254788962177,5.688611172198112,11.601205736916642,0.0,0.5741857659831122,0.0,84.05545031188046,1.2649575394561532,0.03578732106339468,0.024539877300613498,0,195.60000000000002,979,1.4862991599272655,0.45657369746250825,0.04221954161640529,829,1.4978231570825675,0.9108910085068398,0.02895054282267795,829,0.006031363088057901,0.7792521109770808,0.20868516284680338,0.24849215922798554,10.160520595315361,0.9439568615274966,,811,,A0_real_real,R2A,F0aug
R2,A,0.0,0.0,2,high,30.0,20,range_s_P0,ekf,,0.40004835609806033,0.33806360760716125,0.25693803079962296,9.74045739590932,0.8724533956216624,5.5380764648214384,11.15089015167302,0.0,0.5560916767189384,0.0,80.44009701938911,1.245308736400174,0.034764826175869123,0.02147239263803681,0,195.60000000000002,979,1.462447549447218,0.44496866300600413,0.04101326899879376,829,1.3633997479631836,0.8440022664939273,0.02533172496984315,829,0.04221954161640531,0.7901085645355851,0.19903498190591074,0.22195416164053075,9.847859844102329,0.8820624208068151,,811,,A0_real_real,R2A,F0aug
R2,A,0.0,0.0,2,high,30.0,21,range_s_P0,ekf,,0.4948844976602057,0.4393746326242725,0.4506571169201521,12.093772540887647,0.8752242195139391,6.957316500058229,14.537441490707732,0.0,0.5995174909529554,0.0,120.42643744615651,1.2619320928421174,0.03578732106339468,0.02147239263803681,0,195.60000000000002,979,1.4731671599490395,0.4687459055438247,0.04221954161640529,829,1.4759293152451605,0.939512737820638,0.02533172496984315,829,0.0,0.8118214716525934,0.18214716525934863,0.19179734620024125,12.222514916628883,0.8848672061343809,,811,,A0_real_real,R2A,F0aug
R2,A,0.0,0.0,2,high,30.0,22,range_s_P0,ekf,,0.5980977552122836,0.5371069233296596,0.4922818722675971,11.261167873108345,0.8950853326513885,7.399779138816011,13.309767648909451,0.0,0.6405307599517491,0.0,103.92193818052526,1.2710258799897471,0.03578732106339468,0.028629856850715747,0,195.60000000000002,979,1.4949192995324374,0.4676559883891816,0.04221954161640529,829,1.469669132305324,0.9050327562692744,0.03256936067551264,829,0.0,0.7961399276236429,0.1942098914354644,0.22195416164053075,11.385089864707107,0.9048946938486659,,811,,A0_real_real,R2A,F0aug
R2,A,0.0,0.0,2,high,30.0,23,range_s_P0,ekf,,0.4445506732748475,0.38886395275073943,0.3794945801561741,10.8130513390766,0.9300265496575131,6.611070166907345,12.649177059930953,0.0,0.6007237635705669,0.0,95.03371843217114,1.2771386358607486,0.03578732106339468,0.022494887525562373,0,195.60000000000002,979,1.5014682272150266,0.4644294520163301,0.04221954161640529,829,1.3172586931010164,0.8494532966801781,0.026537997587454787,829,0.0048250904704463205,0.7961399276236429,0.17973462002412546,0.24607961399276237,10.920320679930144,0.9399791981770994,,811,,A0_real_real,R2A,F0aug
R2,A,0.0,0.0,2,high,30.0,24,range_s_P0,ekf,,0.2522274460082654,0.30139156866825356,0.2341019017636827,7.090559565022803,0.9360352916170139,3.845653564294726,5.810596053292995,0.0,0.16767189384800965,0.0,98.34121406228418,1.1611726072107877,0.028629856850715747,0.024539877300613498,0,195.60000000000002,979,1.3591629908761966,0.4750940976041738,0.033775633293124274,829,1.453977099224971,0.8365158714411167,0.02895054282267795,829,0.0,0.8202653799758746,0.17249698431845598,0.18214716525934863,7.145132275833501,0.9461101983531307,,811,,A0_real_real,R2A,F0aug
R2,A,0.0,0.0,2,high,30.0,25,range_s_P0,ekf,,0.15870985851403768,0.21483941145304308,0.24379796773285536,8.034123646127256,1.103853365697239,3.375711908409119,6.020107299150233,0.0,0.26658624849215923,0.0,128.76670708452252,1.146650932962709,0.027607361963190184,0.022494887525562373,0,195.60000000000002,979,1.34674699619344,0.5196729096591755,0.03256936067551264,829,1.3428438861140366,0.8164187176403311,0.026537997587454787,829,0.0,0.8841978287092883,0.08323281061519903,0.0,8.0828932199573,1.1155204995774792,,811,,A0_real_real,R2A,F0aug
R2,A,0.0,0.0,2,high,30.0,26,range_s_P0,ekf,,0.07117425598767514,0.13641641526602652,0.20722255910538984,6.4767680183994205,0.9436931613714405,4.057645433056364,5.282504511178422,0.0,0.11338962605548854,0.0,79.43089960207699,1.1165665075339852,0.026584867075664622,0.02147239263803681,0,195.60000000000002,979,1.3107630776237267,0.44226109861873897,0.03136308805790111,829,1.3425433175503094,0.8397143544902504,0.02533172496984315,829,0.0,0.7696019300361882,0.22195416164053075,0.255729794933655,6.52123394975955,0.9535365151474626,,811,,A0_real_real,R2A,F0aug
R2,A,0.0,0.0,2,high,30.0,27,range_s_P0,ekf,,0.5902239244388237,0.5228433315393981,0.4876531136481386,11.051718569449575,0.8996231194396309,7.321924477386069,12.987991551989085,0.0,0.6248492159227985,0.0,100.74909567148232,1.2776162857785605,0.034764826175869123,0.023517382413087935,0,195.60000000000002,979,1.5006469364455413,0.47859291032288737,0.04101326899879376,829,1.3957943602684315,0.8795965439028787,0.026537997587454787,829,0.007237635705669481,0.8009650180940893,0.1942098914354644,0.21712907117008443,11.173587852838319,0.9095163396411673,,811,,A0_real_real,R2A,F0aug
R2,A,0.0,0.0,2,high,30.0,28,range_s_P0,ekf,,0.3681491953242206,0.2998170819749418,0.3813876502798217,10.540778546078302,0.9139628320575864,6.426904725548672,12.090844807900659,0.0,0.6260554885404102,0.0,91.96271090721187,1.2670584769583249,0.03578732106339468,0.023517382413087935,0,195.60000000000002,979,1.4889095328001238,0.46391947436983055,0.04221954161640529,829,1.423208336578427,0.9220652582265546,0.027744270205066313,829,0.0,0.7997587454764777,0.17611580217129072,0.2388419782870929,10.64082362400284,0.9231996131693265,,811,,A0_real_real,R2A,F0aug
R2,A,0.0,0.0,2,high,30.0,29,range_s_P0,ekf,,0.21810366863031289,0.2686004460651917,0.21291132808646349,7.991894085568922,1.0988361054832556,3.7563196888746537,6.108226017428521,0.0,0.2436670687575392,0.0,132.09604366559418,1.1682273456350973,0.026584867075664622,0.027607361963190184,0,195.60000000000002,979,1.3689959491546129,0.5113737226030437,0.03136308805790111,829,1.3187785846527256,0.8533615060670389,0.03136308805790111,829,0.0,0.8636911942098915,0.12424607961399277,0.016887816646562123,8.049684887403428,1.1105104599399909,,811,,A0_real_real,R2A,F0aug
R2,A,0.0,0.0,2,high,30.0,30,range_s_P0,ekf,,0.4623554536131947,0.3950644987804695,0.4297125353477575,10.809529112505366,0.8969505748404928,6.8366850318818075,12.623647455080564,0.0,0.6308805790108565,0.0,97.8672182411462,1.2622079316420114,0.034764826175869123,0.027607361963190184,0,195.60000000000002,979,1.4812464249591113,0.468478477308497,0.04101326899879376,829,1.5195078234764967,0.9559852065763103,0.03136308805790111,829,0.0,0.7997587454764777,0.1881785283474065,0.22195416164053075,10.927916213145975,0.906616201037183,,811,,A0_real_real,R2A,F0aug
R2,A,0.0,0.0,2,high,30.0,31,range_s_P0,ekf,,0.5055791753168839,0.4491080211564434,0.48432692773527913,11.512845402927576,0.8355935908848485,7.155642497851773,13.644461530540859,0.0,0.6043425814234017,0.0,103.24827108252198,1.259904998993286,0.034764826175869123,0.03169734151329243,0,195.60000000000002,979,1.4794106174945159,0.4569137826988351,0.04101326899879376,829,1.4733100792979852,0.90581438896327,0.03618817852834744,829,0.0,0.8142340168878166,0.18214716525934863,0.18214716525934863,11.636578359584684,0.8447855077504905,,811,,A0_real_real,R2A,F0aug
R2,A,0.0,0.0,2,high,30.0,32,range_s_P0,ekf,,0.16771180474264258,0.21043312206944048,0.2521976907240435,8.341336212630049,1.0892504802449763,4.4558158967021715,6.051796449533943,0.0,0.25331724969843183,0.0,139.51758615486295,1.1698914312248272,0.026584867075664622,0.02147239263803681,0,195.60000000000002,979,1.366909441080486,0.49908582322602807,0.03136308805790111,829,1.3252147989776453,0.8279221579869702,0.02533172496984315,829,0.0,0.9457177322074789,0.024125452352231604,0.0,8.387878886522392,1.1007490832915572,,811,,A0_real_real,R2A,F0aug
R2,A,0.0,0.0,2,high,30.0,33,range_s_P0,ekf,,0.6582963124393156,0.5935430938596251,0.5313287424921977,12.406365804993978,0.8488308807627087,7.467009652315251,14.899266084485085,0.0,0.6501809408926418,0.0,124.73034133502134,1.2694279431755,0.03783231083844581,0.03067484662576687,0,195.60000000000002,979,1.4926718215553325,0.463817335957306,0.04463208685162845,829,1.495300145688351,0.8902217539439113,0.033775633293124274,829,0.0,0.804583835946924,0.1881785283474065,0.20386007237635706,12.543271206399881,0.858151004678658,,811,,A0_real_real,R2A,F0aug
R2,A,0.0,0.0,2,high,30.0,34,range_s_P0,ekf,,0.1875293750862903,0.2557360270011691,0.2927441207567082,8.053750882677308,1.1136818332522564,4.756146367752817,5.834208393211363,0.0,0.23522316043425814,0.0,131.64976442931635,1.139053319978338,0.027607361963190184,0.022494887525562373,0,195.60000000000002,979,1.338099615686484,0.470718041242457,0.03256936067551264,829,1.3859811651216365,0.8642766331949566,0.026537997587454787,829,0.0,0.9083232810615199,0.05790108564535585,0.0,8.10277423642161,1.1255234497158448,,811,,A0_real_real,R2A,F0aug
R2,A,0.0,0.0,2,high,30.0,35,range_s_P0,ekf,,0.3630047150252494,0.29817275888116046,0.38718568645515716,9.921590010919811,0.8987741844073516,5.926823476867963,11.450351427474127,0.0,0.5753920386007237,0.0,83.42763819101508,1.250374553052912,0.03578732106339468,0.024539877300613498,0,195.60000000000002,979,1.464785966406193,0.4464086977003628,0.04221954161640529,829,1.346564290151486,0.8648238565656957,0.026537997587454787,829,0.014475271411338963,0.7973462002412546,0.1942098914354644,0.22195416164053075,10.030144641462815,0.90863949539935,,811,,A0_real_real,R2A,F0aug
R2,A,0.0,0.0,2,high,30.0,36,range_s_P0,ekf,,0.3801344794765445,0.32164819197238287,0.41078764675661017,11.209089496715535,0.8597974335230167,6.487144869643859,13.342233368595501,0.0,0.5934861278648975,0.0,101.19792438150323,1.2240772705970882,0.03578732106339468,0.023517382413087935,0,195.60000000000002,979,1.4377568103437963,0.4575036527949775,0.04221954161640529,829,1.4713934678147818,0.9314348420895814,0.027744270205066313,829,0.018094089264173704,0.8082026537997588,0.17973462002412546,0.22316043425814233,11.332474283606919,0.86926576456542,,811,,A0_real_real,R2A,F0aug
R2,A,0.0,0.0,2,high,30.0,37,range_s_P0,ekf,,0.21410191011865715,0.26465954405600584,0.2728533276063837,7.02590842782853,0.9361253774387075,4.420916074536923,5.633813611286755,0.0,0.16887816646562123,0.0,96.1611148815575,1.135344240754733,0.027607361963190184,0.022494887525562373,0,195.60000000000002,979,1.330766545064992,0.4496944958007877,0.03256936067551264,829,1.4581610896533952,0.8824402878378894,0.024125452352231624,829,0.0,0.8202653799758746,0.16887816646562123,0.18094089264173704,7.080964065561735,0.9460997450678122,,811,,A0_real_real,R2A,F0aug
R2,A,0.0,0.0,2,high,30.0,38,range_s_P0,ekf,,0.11416571026439255,0.15014910968884726,0.2597482755387658,6.757460394187647,0.9612562507444071,4.347641469712656,5.315418867236031,0.0,0.14595898673100122,0.0,89.27523088744405,1.0938623077423537,0.026584867075664622,0.027607361963190184,0,195.60000000000002,979,1.2817472226394369,0.42909770505000344,0.03136308805790111,829,1.4484238622090102,0.8658343584035371,0.03136308805790111,829,0.0,0.8094089264173703,0.17490952955367914,0.1881785283474065,6.804621415034784,0.9715066610226962,,811,,A0_real_real,R2A,F0aug
R2,A,0.0,0.0,2,high,30.0,39,range_s_P0,ekf,,0.569540893591181,0.5171507020110001,0.50849683777067,11.68269927910546,0.8995026191515296,7.147662310123653,14.06552532744937,0.0,0.5983112183353438,0.0,111.74343369707564,1.264205954370234,0.03680981595092025,0.02044989775051125,0,195.60000000000002,979,1.4827247989145773,0.4632580717492204,0.043425814234016924,829,1.3599916532355099,0.9442690683541586,0.022919179734619988,829,0.027744270205066344,0.7756332931242461,0.2074788902291918,0.22919179734620024,11.81135120703724,0.9094134290937159,,811,,A0_real_real,R2A,F0aug
R2,A,0.0,0.0,2,high,30.0,40,range_s_P0,ekf,,0.5335857977571014,0.4658001297294694,0.40332513860162766,12.038200015740292,0.8490432407620774,7.023949125070186,14.478915818290412,0.0,0.5983112183353438,0.0,117.05459842461791,1.2248331809701414,0.03578732106339468,0.02147239263803681,0,195.60000000000002,979,1.438394722390074,0.46476860978721574,0.04221954161640529,829,1.435730908268689,0.9286425867848184,0.02533172496984315,829,0.013268998793727383,0.8094089264173703,0.18455971049457176,0.1942098914354644,12.170432010795505,0.8584099179089475,,811,,A0_real_real,R2A,F0aug
R2,A,0.0,0.0,2,high,30.0,41,range_s_P0,ekf,,0.355761432162376,0.2874032178373682,0.31325051679648985,10.115350073991554,0.917100103308747,5.91880498640348,11.644973211566434,0.0,0.5850422195416164,0.0,84.96571581670568,1.250476096875397,0.03578732106339468,0.023517382413087935,0,195.60000000000002,979,1.468733353616524,0.44757578629069567,0.04221954161640529,829,1.3911615005795548,0.9057867730785893,0.027744270205066313,829,0.0024125452352231603,0.7852834740651388,0.19782870928829915,0.23522316043425814,10.210650286805212,0.9268540730263582,,811,,A0_real_real,R2A,F0aug
R2,A,0.0,0.0,2,high,30.0,42,range_s_P0,ekf,,0.0464035938857373,0.11119783355985574,0.2598231294692782,7.588822609327256,1.0716552661216525,4.090756283984895,5.473532421756097,0.0,0.218335343787696,0.0,115.5971912654724,1.1064718424591276,0.02556237218813906,0.018404907975460124,0,195.60000000000002,979,1.2957534926402685,0.44789771281193624,0.030156815440289475,829,1.2274635559904492,0.7986247219490372,0.0193003618817853,829,0.0,0.8600723763570567,0.12424607961399277,0.0,7.641064685909289,1.08326069984194,,811,,A0_real_real,R2A,F0aug
R2,A,0.0,0.0,2,high,30.0,43,range_s_P0,ekf,,0.4857454334135245,0.423748572377878,0.4012425224734085,11.724743293173361,0.8473416731477412,7.207703222956309,13.730972524393845,0.0,0.661037394451146,0.0,108.85295215367218,1.2812302741103894,0.03680981595092025,0.027607361963190184,0,195.60000000000002,979,1.5042960454023266,0.4579877700689699,0.043425814234016924,829,1.5615762011793646,0.9430866987298631,0.03256936067551264,829,0.0,0.8287092882991556,0.16043425814234016,0.1640530759951749,11.846800614534494,0.8566665916434282,,811,,A0_real_real,R2A,F0aug
R2,A,0.0,0.0,2,high,30.0,44,range_s_P0,ekf,,0.8392632105170822,0.7709324743079783,0.5163142860354499,11.904015261808135,0.8827496399344804,7.083281673839682,14.353806335873712,0.0,0.6019300361881785,0.0,115.30928520303158,1.2630798788227255,0.03680981595092025,0.026584867075664622,0,195.60000000000002,979,1.4801422082132574,0.4613991929240153,0.043425814234016924,829,1.493280622004276,0.977035397964344,0.030156815440289475,829,0.03618817852834741,0.7997587454764777,0.1942098914354644,0.2195416164053076,12.034921982720377,0.892465883673253,,811,,A0_real_real,R2A,F0aug
R2,A,0.0,0.0,2,high,30.0,45,range_s_P0,ekf,,0.22804689483109317,0.2813918877117569,0.21079102569796954,7.83910842806129,1.15649515360526,3.1089587446373264,5.813241305357557,0.0,0.2388419782870929,0.0,126.9527938740531,1.1611539517375455,0.026584867075664622,0.023517382413087935,0,195.60000000000002,979,1.3656257912535386,0.5034265718130476,0.03136308805790111,829,1.4072276166657354,0.8600927190528603,0.026537997587454787,829,0.0,0.8721351025331725,0.11942098914354644,0.0,7.88806695256391,1.1687357957429423,,811,,A0_real_real,R2A,F0aug
R2,A,0.0,0.0,2,high,30.0,46,range_s_P0,ekf,,0.284004113868351,0.3379864895294056,0.2352489352240288,8.245666233853182,1.0888548633268067,4.454536698097556,6.150538475094086,0.0,0.25090470446320867,0.0,135.8729814987599,1.152299842033793,0.026584867075664622,0.026584867075664622,0,195.60000000000002,979,1.3512878837438578,0.5221723573394694,0.03136308805790111,829,1.4989789946783005,0.8843331669084183,0.030156815440289475,829,0.0,0.9047044632086851,0.05548854041013269,0.0,8.295942961870558,1.1003380279946156,,811,,A0_real_real,R2A,F0aug
R2,A,0.0,0.0,2,high,30.0,47,range_s_P0,ekf,,0.5393826716559538,0.4904379665198411,0.4062195493372506,11.519166515692516,0.883583814968987,6.976691328320994,13.688282098483127,0.0,0.6043425814234017,0.0,108.33443601603189,1.2614465045239187,0.03578732106339468,0.024539877300613498,0,195.60000000000002,979,1.4833823289236487,0.4577358666591802,0.04221954161640529,829,1.3412588293433072,0.8930241811013548,0.027744270205066313,829,0.0,0.8021712907117008,0.1773220747889023,0.2255729794933655,11.636640629594353,0.8928404159982276,,811,,A0_real_real,R2A,F0aug
R2,A,0.0,0.0,2,high,30.0,48,range_s_P0,ekf,,0.49851078989172887,0.4327075750702457,0.34517475361618394,10.890222193275514,0.8773040049453199,6.400066626268662,12.669576849697622,0.0,0.6308805790108565,0.0,97.22133587673962,1.2693048332083798,0.03578732106339468,0.02147239263803681,0,195.60000000000002,979,1.4901909570513965,0.4633416541197488,0.04221954161640529,829,1.404151779679572,0.8611236740278146,0.02533172496984315,829,0.0,0.7961399276236429,0.19179734620024125,0.2014475271411339,11.010370946899052,0.8868990688307108,,811,,A0_real_real,R2A,F0aug
R2,A,0.0,0.0,2,high,30.0,49,range_s_P0,ekf,,0.3811659704554967,0.31797969398481685,0.45503001210873745,12.46115698091686,0.8533872920174032,7.122458004847815,14.96300759563087,0.0,0.6296743063932448,0.0,123.72210950263792,1.2548669475706844,0.03578732106339468,0.03578732106339468,0,195.60000000000002,979,1.4740546004465287,0.46996044022702554,0.04221954161640529,829,1.5927155111295783,0.947493453731685,0.04221954161640529,829,0.0,0.8154402895054282,0.1773220747889023,0.2195416164053076,12.59852112921785,0.8627453557460286,,811,,A0_real_real,R2A,F0aug
