case,mount_deg,arm,seed,drift,fed_s_mean,fed_s_var,fed_s_rms,fed_s_phi,fed_r_mean,fed_r_var,fed_r_rms,fed_r_phi,fed_corr_s_r,fed_n,noise_corr_pre,variant,j2_target_corr,j2_innovation_corr,j2_clipped
R2A,0.0,A0_real_real,0,0,0.04571982384197941,0.029789288024153916,0.1785485657077523,0.9300852449606575,0.051741763203183154,0.014653639015786315,0.13164668273511715,0.6698897773810751,0.46512499719240546,829,,F0aug,,,
R2A,0.0,A0_real_real,1,0,0.047430146918128094,0.03069953830166016,0.18151902693198688,0.9250156667950805,0.0503125700355645,0.015471863917199166,0.13417607320525798,0.6682638433140224,0.4847028086970273,829,,F0aug,,,
R2A,0.0,A0_real_real,2,0,0.0466268133490933,0.028974073002776397,0.17648833594849145,0.9230416122172046,0.05185911215619031,0.014694535760034282,0.13184803098136355,0.6527303749384183,0.4654131801665268,829,,F0aug,,,
R2A,0.0,A0_real_real,3,0,0.04613407934541402,0.029158470116231384,0.17688081691715563,0.9253759132667311,0.050124639126248066,0.015378578022864072,0.1337574576253626,0.6488392644178395,0.45943320136811716,829,,F0aug,,,
R2A,0.0,A0_real_real,4,0,0.04651569306885242,0.02989167570114498,0.17904017818026396,0.9324763266787428,0.05117547701373663,0.015067801179457956,0.13299146824906266,0.6781291959304032,0.4771616624324433,829,,F0aug,,,
R2A,0.0,A0_real_real,5,0,0.045632304646979455,0.029871054618091548,0.1787550330633694,0.9316380928510059,0.051836235183401094,0.014883683945535079,0.13255443871679268,0.669985822149109,0.4668825045852918,829,,F0aug,,,
R2A,0.0,A0_real_real,6,0,0.04658025799052554,0.030138377127347953,0.1797445341639402,0.9214449665353738,0.05533860122921711,0.015970113598664543,0.13795823420394612,0.6905292335160087,0.45737147149960694,829,,F0aug,,,
R2A,0.0,A0_real_real,7,0,0.045928345433084446,0.029956560135243705,0.1790697435343683,0.9296204699154414,0.05142934012218049,0.01457053483675614,0.13120789557857815,0.672586008653638,0.49517383031982826,829,,F0aug,,,
R2A,0.0,A0_real_real,8,0,0.04725184175111711,0.030238808938928944,0.18019862787435859,0.9264927782163151,0.053123075117161446,0.015181944712959056,0.13417900663987134,0.6748674196327152,0.47576173327346855,829,,F0aug,,,
R2A,0.0,A0_real_real,9,0,0.046529539496034535,0.030243825049107182,0.1800245069284186,0.9200968901261278,0.05287556702389666,0.014921065355952882,0.13310481187414477,0.6274843989752135,0.46362379238350665,829,,F0aug,,,
R2A,0.0,A0_real_real,10,0,0.04755073266127469,0.030381927991423457,0.1806737395640204,0.9235581345218412,0.05299985387075419,0.015099676496122061,0.1338232453889957,0.6480458084687692,0.4926182193967856,829,,F0aug,,,
R2A,0.0,A0_real_real,11,0,0.04602940530473199,0.02901523533397698,0.17644812690046974,0.9230812586524899,0.052506446234019157,0.01505106336945539,0.13344658206781218,0.634320378834902,0.46840086123415703,829,,F0aug,,,
R2A,0.0,A0_real_real,12,0,0.046610638566377656,0.030069627917163028,0.1795610746925082,0.9258271761115674,0.05479880739815615,0.015367529086999015,0.13553759028129145,0.6557889844184991,0.4830921044587524,829,,F0aug,,,
R2A,0.0,A0_real_real,13,0,0.046888027735487975,0.030268224368730678,0.1801852144701517,0.9216379124537182,0.054245497245307965,0.01558909486549084,0.13613107226816937,0.6550753919873016,0.49095687186385223,829,,F0aug,,,
R2A,0.0,A0_real_real,14,0,0.046391541898319635,0.030123071165471648,0.17965312779123885,0.9259573234822681,0.051525202227525976,0.014753410250740995,0.131940352869501,0.6709888110634628,0.49199217318756744,829,,F0aug,,,
R2A,0.0,A0_real_real,15,0,0.045891222717047264,0.029802509506441522,0.17862954355007224,0.9316234640331933,0.051807629312304336,0.014293379097158812,0.13029738889217984,0.6751847425220389,0.4765532897236569,829,,F0aug,,,
R2A,0.0,A0_real_real,16,0,0.046720765981817486,0.029892555574231386,0.1790960232617105,0.9251953233464493,0.05524099436369558,0.015295907711578868,0.13545285220278203,0.6534486897056463,0.46356336807126336,829,,F0aug,,,
R2A,0.0,A0_real_real,17,0,0.0463238315087503,0.029874602829509614,0.17894272881332926,0.930756169398638,0.054049561923302104,0.01534911555142149,0.13516830507009533,0.656389559516623,0.4899050219281862,829,,F0aug,,,
R2A,0.0,A0_real_real,18,0,0.04708124321898079,0.029641490058565218,0.17848846887575132,0.9235920294007596,0.055894007034694354,0.015275232040715384,0.13564428503667172,0.6061346435209182,0.4550637261488222,829,,F0aug,,,
R2A,0.0,A0_real_real,19,0,0.04673278506357391,0.03034816976393076,0.18036663484061835,0.9240492015293557,0.0523272003864143,0.015568563893601521,0.1353022534693398,0.6344608976634074,0.4810002792553346,829,,F0aug,,,
R2A,0.0,A0_real_real,20,0,0.04623885430996766,0.03000614375288591,0.17928796780817255,0.9242347840602658,0.05345902890845298,0.01572410162587024,0.13631569754692616,0.6851736445993412,0.4945300216851421,829,,F0aug,,,
R2A,0.0,A0_real_real,21,0,0.04644761653527361,0.030067375683982583,0.1795125532262031,0.9277798776993131,0.05198090773528853,0.014892815218651965,0.13264550496581687,0.6810101070348916,0.47261623582277074,829,,F0aug,,,
R2A,0.0,A0_real_real,22,0,0.04679456860947141,0.030100926034427246,0.17969601466302407,0.9278741405999976,0.04984585231878534,0.014930012523714543,0.13196447066199563,0.6726192086495572,0.48305594865683377,829,,F0aug,,,
R2A,0.0,A0_real_real,23,0,0.04652470616555361,0.030142021625016755,0.17974028460199973,0.9254888848912713,0.05556670264627236,0.013975150828550442,0.13062468859878554,0.6208841959352661,0.46381186667622576,829,,F0aug,,,
R2A,0.0,A0_real_real,24,0,0.04734688017674106,0.030311072186897627,0.1804239431155641,0.9247288520881356,0.05524217027348361,0.014660336131564804,0.13308656396529803,0.6620457429843113,0.5067180112897979,829,,F0aug,,,
R2A,0.0,A0_real_real,25,0,0.045731648887545856,0.028711595041411138,0.17550777404828802,0.9273648893410578,0.05050262154284816,0.014498355048084286,0.1305713208586956,0.6567099588552828,0.4701665418450311,829,,F0aug,,,
R2A,0.0,A0_real_real,26,0,0.04668132574585496,0.03008127100758753,0.17961185144911276,0.9205615112987537,0.05350831584033303,0.015208953905625393,0.13443248777618536,0.6407288861401955,0.4866652121809069,829,,F0aug,,,
R2A,0.0,A0_real_real,27,0,0.04690555004969912,0.030097635655317607,0.17971579307557373,0.9251904980618333,0.051018090385250014,0.015307081021365762,0.13382797378696018,0.6921165132265145,0.46643956154824817,829,,F0aug,,,
R2A,0.0,A0_real_real,28,0,0.04668920453174871,0.02988816001325459,0.17907551991565474,0.9246656932084684,0.0552825129289904,0.015552821434690025,0.13641472673591373,0.6643294232087836,0.47889911114128325,829,,F0aug,,,
R2A,0.0,A0_real_real,29,0,0.045816814747980335,0.029737876747915643,0.17842941815061322,0.9326300411648829,0.05065953051449246,0.01517503656830558,0.133196939154976,0.6788321111165704,0.47521997983826153,829,,F0aug,,,
R2A,0.0,A0_real_real,30,0,0.046595666593828605,0.029853024897933254,0.17895301350705578,0.9246065383592352,0.054735744878649725,0.01528353603994692,0.13520184099104401,0.6521362806381377,0.4673121294951857,829,,F0aug,,,
R2A,0.0,A0_real_real,31,0,0.046005035055840866,0.029728716490349427,0.17845217774193334,0.92978193200077,0.05166838702803583,0.01534435033192855,0.13421614116792158,0.6537830444886625,0.4906433068319904,829,,F0aug,,,
R2A,0.0,A0_real_real,32,0,0.04608828129500229,0.03004982491831181,0.17937099707321436,0.9317731050125024,0.05190162495974809,0.014770469081364583,0.13215236568002453,0.6908872551773901,0.462402451728688,829,,F0aug,,,
R2A,0.0,A0_real_real,33,0,0.04683138299606267,0.030076723688956468,0.17963825350487123,0.9256494309344805,0.057296941614540346,0.014869191177255768,0.13472984337419758,0.6715038755640672,0.48721549459641644,829,,F0aug,,,
R2A,0.0,A0_real_real,34,0,0.04744165776060102,0.030408740851696044,0.1807192622350203,0.9262240193278185,0.053908610740784596,0.01575190385186994,0.13659444411787536,0.681128977445204,0.4777142051064351,829,,F0aug,,,
R2A,0.0,A0_real_real,35,0,0.046322995977143816,0.02982510358094525,0.17880414854595442,0.9284667211702561,0.05805116242633823,0.01481807680131761,0.13486294620972325,0.6599700515995393,0.48833214910106326,829,,F0aug,,,
R2A,0.0,A0_real_real,36,0,0.046403173954550195,0.02902277904664388,0.17656736278174434,0.9220191957302389,0.05378428010344555,0.015365070007687057,0.1351214964168653,0.6772092461899084,0.4826039425900852,829,,F0aug,,,
R2A,0.0,A0_real_real,37,0,0.047313132561688544,0.030471770281849712,0.1808598982490304,0.9252465712944532,0.05372957699748597,0.015944454798862747,0.13722726494101498,0.6610486046467234,0.4678336490492764,829,,F0aug,,,
R2A,0.0,A0_real_real,38,0,0.04638099747037119,0.02978965469838731,0.17872003699846836,0.9267650269642269,0.05171111370134121,0.015917601489870686,0.13635116710209608,0.6872586801276742,0.4732478824119858,829,,F0aug,,,
R2A,0.0,A0_real_real,39,0,0.04628694771392685,0.029898725956863145,0.1790005795675951,0.9328639356377302,0.053219380399901595,0.014677643234318992,0.13232515136763842,0.6791830388145641,0.4585192739196047,829,,F0aug,,,
R2A,0.0,A0_real_real,40,0,0.04569554569088416,0.028760745065865873,0.17563834422429958,0.9272727974022864,0.05288318500951407,0.014468148531117638,0.13139550900950964,0.6545006210055406,0.44488117477854494,829,,F0aug,,,
R2A,0.0,A0_real_real,41,0,0.046261220045558826,0.029785761678196347,0.17867809647044028,0.9304395863548216,0.05170348506526565,0.015197665211244988,0.13368214383057722,0.639602187875583,0.4538177956010886,829,,F0aug,,,
R2A,0.0,A0_real_real,42,0,0.045773248146261165,0.029748743192942077,0.17844868573010358,0.9315876890866223,0.0538698275539398,0.014054247727710195,0.13021599766695874,0.6849556149964175,0.4883254822213722,829,,F0aug,,,
R2A,0.0,A0_real_real,43,0,0.04635147461802164,0.03033667479240203,0.18023632816851085,0.9216510876758833,0.05337671446877867,0.015958859397049243,0.13714201779371182,0.6699087390345877,0.4913119770434253,829,,F0aug,,,
R2A,0.0,A0_real_real,44,0,0.04615875822558188,0.030193924162983568,0.17979030875970844,0.926103418662859,0.05411768907799589,0.015181147370420981,0.13457292313672767,0.6330791870487225,0.45141972102757977,829,,F0aug,,,
R2A,0.0,A0_real_real,45,0,0.0460109482673975,0.029779360277685237,0.1785955420444485,0.9305732548843412,0.05026695896629236,0.014669687103422271,0.1311352518095008,0.6545051554086593,0.4723115072226777,829,,F0aug,,,
R2A,0.0,A0_real_real,46,0,0.046305319013297076,0.02915980753465355,0.17692933646961084,0.9264803513780893,0.05480989643826209,0.015772789958652937,0.13702888274457306,0.6501941397113575,0.4582980133445694,829,,F0aug,,,
R2A,0.0,A0_real_real,47,0,0.04631490412793485,0.029961772832798467,0.17918382509919323,0.9320708254785304,0.05141235539725327,0.015125544247663512,0.13329956689785977,0.6825730600538075,0.4652007109249427,829,,F0aug,,,
R2A,0.0,A0_real_real,48,0,0.04702121164531616,0.03023493771649161,0.18012754387123925,0.9243551649125638,0.05186995445038254,0.014959008083173285,0.1328514217381886,0.6679164811142256,0.48957641746656644,829,,F0aug,,,
R2A,0.0,A0_real_real,49,0,0.04605286737830637,0.029566039529742776,0.17800816308109763,0.9237513315276824,0.05138687087245148,0.01538165339107469,0.13424702562491542,0.6782147938200991,0.46784506184276975,829,,F0aug,,,
R2A,0.0,A0_real_real,0,1,0.04571982384197941,0.029789288024153916,0.1785485657077523,0.9300852449606575,0.051741763203183154,0.014653639015786315,0.13164668273511715,0.6698897773810751,0.46512499719240546,829,,F0aug,,,
R2A,0.0,A0_real_real,1,1,0.047430146918128094,0.03069953830166016,0.18151902693198688,0.9250156667950805,0.0503125700355645,0.015471863917199166,0.13417607320525798,0.6682638433140224,0.4847028086970273,829,,F0aug,,,
R2A,0.0,A0_real_real,2,1,0.0466268133490933,0.028974073002776397,0.17648833594849145,0.9230416122172046,0.05185911215619031,0.014694535760034282,0.13184803098136355,0.6527303749384183,0.4654131801665268,829,,F0aug,,,
R2A,0.0,A0_real_real,3,1,0.04613407934541402,0.029158470116231384,0.17688081691715563,0.9253759132667311,0.050124639126248066,0.015378578022864072,0.1337574576253626,0.6488392644178395,0.45943320136811716,829,,F0aug,,,
R2A,0.0,A0_real_real,4,1,0.04651569306885242,0.02989167570114498,0.17904017818026396,0.9324763266787428,0.05117547701373663,0.015067801179457956,0.13299146824906266,0.6781291959304032,0.4771616624324433,829,,F0aug,,,
R2A,0.0,A0_real_real,5,1,0.045632304646979455,0.029871054618091548,0.1787550330633694,0.9316380928510059,0.051836235183401094,0.014883683945535079,0.13255443871679268,0.669985822149109,0.4668825045852918,829,,F0aug,,,
R2A,0.0,A0_real_real,6,1,0.04658025799052554,0.030138377127347953,0.1797445341639402,0.9214449665353738,0.05533860122921711,0.015970113598664543,0.13795823420394612,0.6905292335160087,0.45737147149960694,829,,F0aug,,,
R2A,0.0,A0_real_real,7,1,0.045928345433084446,0.029956560135243705,0.1790697435343683,0.9296204699154414,0.05142934012218049,0.01457053483675614,0.13120789557857815,0.672586008653638,0.49517383031982826,829,,F0aug,,,
R2A,0.0,A0_real_real,8,1,0.04725184175111711,0.030238808938928944,0.18019862787435859,0.9264927782163151,0.053123075117161446,0.015181944712959056,0.13417900663987134,0.6748674196327152,0.47576173327346855,829,,F0aug,,,
R2A,0.0,A0_real_real,9,1,0.046529539496034535,0.030243825049107182,0.1800245069284186,0.9200968901261278,0.05287556702389666,0.014921065355952882,0.13310481187414477,0.6274843989752135,0.46362379238350665,829,,F0aug,,,
R2A,0.0,A0_real_real,10,1,0.04755073266127469,0.030381927991423457,0.1806737395640204,0.9235581345218412,0.05299985387075419,0.015099676496122061,0.1338232453889957,0.6480458084687692,0.4926182193967856,829,,F0aug,,,
R2A,0.0,A0_real_real,11,1,0.04602940530473199,0.02901523533397698,0.17644812690046974,0.9230812586524899,0.052506446234019157,0.01505106336945539,0.13344658206781218,0.634320378834902,0.46840086123415703,829,,F0aug,,,
R2A,0.0,A0_real_real,12,1,0.046610638566377656,0.030069627917163028,0.1795610746925082,0.9258271761115674,0.05479880739815615,0.015367529086999015,0.13553759028129145,0.6557889844184991,0.4830921044587524,829,,F0aug,,,
R2A,0.0,A0_real_real,13,1,0.046888027735487975,0.030268224368730678,0.1801852144701517,0.9216379124537182,0.054245497245307965,0.01558909486549084,0.13613107226816937,0.6550753919873016,0.49095687186385223,829,,F0aug,,,
R2A,0.0,A0_real_real,14,1,0.046391541898319635,0.030123071165471648,0.17965312779123885,0.9259573234822681,0.051525202227525976,0.014753410250740995,0.131940352869501,0.6709888110634628,0.49199217318756744,829,,F0aug,,,
R2A,0.0,A0_real_real,15,1,0.045891222717047264,0.029802509506441522,0.17862954355007224,0.9316234640331933,0.051807629312304336,0.014293379097158812,0.13029738889217984,0.6751847425220389,0.4765532897236569,829,,F0aug,,,
R2A,0.0,A0_real_real,16,1,0.046720765981817486,0.029892555574231386,0.1790960232617105,0.9251953233464493,0.05524099436369558,0.015295907711578868,0.13545285220278203,0.6534486897056463,0.46356336807126336,829,,F0aug,,,
R2A,0.0,A0_real_real,17,1,0.0463238315087503,0.029874602829509614,0.17894272881332926,0.930756169398638,0.054049561923302104,0.01534911555142149,0.13516830507009533,0.656389559516623,0.4899050219281862,829,,F0aug,,,
R2A,0.0,A0_real_real,18,1,0.04708124321898079,0.029641490058565218,0.17848846887575132,0.9235920294007596,0.055894007034694354,0.015275232040715384,0.13564428503667172,0.6061346435209182,0.4550637261488222,829,,F0aug,,,
R2A,0.0,A0_real_real,19,1,0.04673278506357391,0.03034816976393076,0.18036663484061835,0.9240492015293557,0.0523272003864143,0.015568563893601521,0.1353022534693398,0.6344608976634074,0.4810002792553346,829,,F0aug,,,
R2A,0.0,A0_real_real,20,1,0.04623885430996766,0.03000614375288591,0.17928796780817255,0.9242347840602658,0.05345902890845298,0.01572410162587024,0.13631569754692616,0.6851736445993412,0.4945300216851421,829,,F0aug,,,
R2A,0.0,A0_real_real,21,1,0.04644761653527361,0.030067375683982583,0.1795125532262031,0.9277798776993131,0.05198090773528853,0.014892815218651965,0.13264550496581687,0.6810101070348916,0.47261623582277074,829,,F0aug,,,
R2A,0.0,A0_real_real,22,1,0.04679456860947141,0.030100926034427246,0.17969601466302407,0.9278741405999976,0.04984585231878534,0.014930012523714543,0.13196447066199563,0.6726192086495572,0.48305594865683377,829,,F0aug,,,
R2A,0.0,A0_real_real,23,1,0.04652470616555361,0.030142021625016755,0.17974028460199973,0.9254888848912713,0.05556670264627236,0.013975150828550442,0.13062468859878554,0.6208841959352661,0.46381186667622576,829,,F0aug,,,
R2A,0.0,A0_real_real,24,1,0.04734688017674106,0.030311072186897627,0.1804239431155641,0.9247288520881356,0.05524217027348361,0.014660336131564804,0.13308656396529803,0.6620457429843113,0.5067180112897979,829,,F0aug,,,
R2A,0.0,A0_real_real,25,1,0.045731648887545856,0.028711595041411138,0.17550777404828802,0.9273648893410578,0.05050262154284816,0.014498355048084286,0.1305713208586956,0.6567099588552828,0.4701665418450311,829,,F0aug,,,
R2A,0.0,A0_real_real,26,1,0.04668132574585496,0.03008127100758753,0.17961185144911276,0.9205615112987537,0.05350831584033303,0.015208953905625393,0.13443248777618536,0.6407288861401955,0.4866652121809069,829,,F0aug,,,
R2A,0.0,A0_real_real,27,1,0.04690555004969912,0.030097635655317607,0.17971579307557373,0.9251904980618333,0.051018090385250014,0.015307081021365762,0.13382797378696018,0.6921165132265145,0.46643956154824817,829,,F0aug,,,
R2A,0.0,A0_real_real,28,1,0.04668920453174871,0.02988816001325459,0.17907551991565474,0.9246656932084684,0.0552825129289904,0.015552821434690025,0.13641472673591373,0.6643294232087836,0.47889911114128325,829,,F0aug,,,
R2A,0.0,A0_real_real,29,1,0.045816814747980335,0.029737876747915643,0.17842941815061322,0.9326300411648829,0.05065953051449246,0.01517503656830558,0.133196939154976,0.6788321111165704,0.47521997983826153,829,,F0aug,,,
R2A,0.0,A0_real_real,30,1,0.046595666593828605,0.029853024897933254,0.17895301350705578,0.9246065383592352,0.054735744878649725,0.01528353603994692,0.13520184099104401,0.6521362806381377,0.4673121294951857,829,,F0aug,,,
R2A,0.0,A0_real_real,31,1,0.046005035055840866,0.029728716490349427,0.17845217774193334,0.92978193200077,0.05166838702803583,0.01534435033192855,0.13421614116792158,0.6537830444886625,0.4906433068319904,829,,F0aug,,,
R2A,0.0,A0_real_real,32,1,0.04608828129500229,0.03004982491831181,0.17937099707321436,0.9317731050125024,0.05190162495974809,0.014770469081364583,0.13215236568002453,0.6908872551773901,0.462402451728688,829,,F0aug,,,
R2A,0.0,A0_real_real,33,1,0.04683138299606267,0.030076723688956468,0.17963825350487123,0.9256494309344805,0.057296941614540346,0.014869191177255768,0.13472984337419758,0.6715038755640672,0.48721549459641644,829,,F0aug,,,
R2A,0.0,A0_real_real,34,1,0.04744165776060102,0.030408740851696044,0.1807192622350203,0.9262240193278185,0.053908610740784596,0.01575190385186994,0.13659444411787536,0.681128977445204,0.4777142051064351,829,,F0aug,,,
R2A,0.0,A0_real_real,35,1,0.046322995977143816,0.02982510358094525,0.17880414854595442,0.9284667211702561,0.05805116242633823,0.01481807680131761,0.13486294620972325,0.6599700515995393,0.48833214910106326,829,,F0aug,,,
R2A,0.0,A0_real_real,36,1,0.046403173954550195,0.02902277904664388,0.17656736278174434,0.9220191957302389,0.05378428010344555,0.015365070007687057,0.1351214964168653,0.6772092461899084,0.4826039425900852,829,,F0aug,,,
R2A,0.0,A0_real_real,37,1,0.047313132561688544,0.030471770281849712,0.1808598982490304,0.9252465712944532,0.05372957699748597,0.015944454798862747,0.13722726494101498,0.6610486046467234,0.4678336490492764,829,,F0aug,,,
R2A,0.0,A0_real_real,38,1,0.04638099747037119,0.02978965469838731,0.17872003699846836,0.9267650269642269,0.05171111370134121,0.015917601489870686,0.13635116710209608,0.6872586801276742,0.4732478824119858,829,,F0aug,,,
R2A,0.0,A0_real_real,39,1,0.04628694771392685,0.029898725956863145,0.1790005795675951,0.9328639356377302,0.053219380399901595,0.014677643234318992,0.13232515136763842,0.6791830388145641,0.4585192739196047,829,,F0aug,,,
R2A,0.0,A0_real_real,40,1,0.04569554569088416,0.028760745065865873,0.17563834422429958,0.9272727974022864,0.05288318500951407,0.014468148531117638,0.13139550900950964,0.6545006210055406,0.44488117477854494,829,,F0aug,,,
R2A,0.0,A0_real_real,41,1,0.046261220045558826,0.029785761678196347,0.17867809647044028,0.9304395863548216,0.05170348506526565,0.015197665211244988,0.13368214383057722,0.639602187875583,0.4538177956010886,829,,F0aug,,,
R2A,0.0,A0_real_real,42,1,0.045773248146261165,0.029748743192942077,0.17844868573010358,0.9315876890866223,0.0538698275539398,0.014054247727710195,0.13021599766695874,0.6849556149964175,0.4883254822213722,829,,F0aug,,,
R2A,0.0,A0_real_real,43,1,0.04635147461802164,0.03033667479240203,0.18023632816851085,0.9216510876758833,0.05337671446877867,0.015958859397049243,0.13714201779371182,0.6699087390345877,0.4913119770434253,829,,F0aug,,,
R2A,0.0,A0_real_real,44,1,0.04615875822558188,0.030193924162983568,0.17979030875970844,0.926103418662859,0.05411768907799589,0.015181147370420981,0.13457292313672767,0.6330791870487225,0.45141972102757977,829,,F0aug,,,
R2A,0.0,A0_real_real,45,1,0.0460109482673975,0.029779360277685237,0.1785955420444485,0.9305732548843412,0.05026695896629236,0.014669687103422271,0.1311352518095008,0.6545051554086593,0.4723115072226777,829,,F0aug,,,
R2A,0.0,A0_real_real,46,1,0.046305319013297076,0.02915980753465355,0.17692933646961084,0.9264803513780893,0.05480989643826209,0.015772789958652937,0.13702888274457306,0.6501941397113575,0.4582980133445694,829,,F0aug,,,
R2A,0.0,A0_real_real,47,1,0.04631490412793485,0.029961772832798467,0.17918382509919323,0.9320708254785304,0.05141235539725327,0.015125544247663512,0.13329956689785977,0.6825730600538075,0.4652007109249427,829,,F0aug,,,
R2A,0.0,A0_real_real,48,1,0.04702121164531616,0.03023493771649161,0.18012754387123925,0.9243551649125638,0.05186995445038254,0.014959008083173285,0.1328514217381886,0.6679164811142256,0.48957641746656644,829,,F0aug,,,
R2A,0.0,A0_real_real,49,1,0.04605286737830637,0.029566039529742776,0.17800816308109763,0.9237513315276824,0.05138687087245148,0.01538165339107469,0.13424702562491542,0.6782147938200991,0.46784506184276975,829,,F0aug,,,
R2A,0.0,A0_real_real,0,2,0.04571982384197941,0.029789288024153916,0.1785485657077523,0.9300852449606575,0.051741763203183154,0.014653639015786315,0.13164668273511715,0.6698897773810751,0.46512499719240546,829,,F0aug,,,
R2A,0.0,A0_real_real,1,2,0.047430146918128094,0.03069953830166016,0.18151902693198688,0.9250156667950805,0.0503125700355645,0.015471863917199166,0.13417607320525798,0.6682638433140224,0.4847028086970273,829,,F0aug,,,
R2A,0.0,A0_real_real,2,2,0.0466268133490933,0.028974073002776397,0.17648833594849145,0.9230416122172046,0.05185911215619031,0.014694535760034282,0.13184803098136355,0.6527303749384183,0.4654131801665268,829,,F0aug,,,
R2A,0.0,A0_real_real,3,2,0.04613407934541402,0.029158470116231384,0.17688081691715563,0.9253759132667311,0.050124639126248066,0.015378578022864072,0.1337574576253626,0.6488392644178395,0.45943320136811716,829,,F0aug,,,
R2A,0.0,A0_real_real,4,2,0.04651569306885242,0.02989167570114498,0.17904017818026396,0.9324763266787428,0.05117547701373663,0.015067801179457956,0.13299146824906266,0.6781291959304032,0.4771616624324433,829,,F0aug,,,
R2A,0.0,A0_real_real,5,2,0.045632304646979455,0.029871054618091548,0.1787550330633694,0.9316380928510059,0.051836235183401094,0.014883683945535079,0.13255443871679268,0.669985822149109,0.4668825045852918,829,,F0aug,,,
R2A,0.0,A0_real_real,6,2,0.04658025799052554,0.030138377127347953,0.1797445341639402,0.9214449665353738,0.05533860122921711,0.015970113598664543,0.13795823420394612,0.6905292335160087,0.45737147149960694,829,,F0aug,,,
R2A,0.0,A0_real_real,7,2,0.045928345433084446,0.029956560135243705,0.1790697435343683,0.9296204699154414,0.05142934012218049,0.01457053483675614,0.13120789557857815,0.672586008653638,0.49517383031982826,829,,F0aug,,,
R2A,0.0,A0_real_real,8,2,0.04725184175111711,0.030238808938928944,0.18019862787435859,0.9264927782163151,0.053123075117161446,0.015181944712959056,0.13417900663987134,0.6748674196327152,0.47576173327346855,829,,F0aug,,,
R2A,0.0,A0_real_real,9,2,0.046529539496034535,0.030243825049107182,0.1800245069284186,0.9200968901261278,0.05287556702389666,0.014921065355952882,0.13310481187414477,0.6274843989752135,0.46362379238350665,829,,F0aug,,,
R2A,0.0,A0_real_real,10,2,0.04755073266127469,0.030381927991423457,0.1806737395640204,0.9235581345218412,0.05299985387075419,0.015099676496122061,0.1338232453889957,0.6480458084687692,0.4926182193967856,829,,F0aug,,,
R2A,0.0,A0_real_real,11,2,0.04602940530473199,0.02901523533397698,0.17644812690046974,0.9230812586524899,0.052506446234019157,0.01505106336945539,0.13344658206781218,0.634320378834902,0.46840086123415703,829,,F0aug,,,
R2A,0.0,A0_real_real,12,2,0.046610638566377656,0.030069627917163028,0.1795610746925082,0.9258271761115674,0.05479880739815615,0.015367529086999015,0.13553759028129145,0.6557889844184991,0.4830921044587524,829,,F0aug,,,
R2A,0.0,A0_real_real,13,2,0.046888027735487975,0.030268224368730678,0.1801852144701517,0.9216379124537182,0.054245497245307965,0.01558909486549084,0.13613107226816937,0.6550753919873016,0.49095687186385223,829,,F0aug,,,
R2A,0.0,A0_real_real,14,2,0.046391541898319635,0.030123071165471648,0.17965312779123885,0.9259573234822681,0.051525202227525976,0.014753410250740995,0.131940352869501,0.6709888110634628,0.49199217318756744,829,,F0aug,,,
R2A,0.0,A0_real_real,15,2,0.045891222717047264,0.029802509506441522,0.17862954355007224,0.9316234640331933,0.051807629312304336,0.014293379097158812,0.13029738889217984,0.6751847425220389,0.4765532897236569,829,,F0aug,,,
R2A,0.0,A0_real_real,16,2,0.046720765981817486,0.029892555574231386,0.1790960232617105,0.9251953233464493,0.05524099436369558,0.015295907711578868,0.13545285220278203,0.6534486897056463,0.46356336807126336,829,,F0aug,,,
R2A,0.0,A0_real_real,17,2,0.0463238315087503,0.029874602829509614,0.17894272881332926,0.930756169398638,0.054049561923302104,0.01534911555142149,0.13516830507009533,0.656389559516623,0.4899050219281862,829,,F0aug,,,
R2A,0.0,A0_real_real,18,2,0.04708124321898079,0.029641490058565218,0.17848846887575132,0.9235920294007596,0.055894007034694354,0.015275232040715384,0.13564428503667172,0.6061346435209182,0.4550637261488222,829,,F0aug,,,
R2A,0.0,A0_real_real,19,2,0.04673278506357391,0.03034816976393076,0.18036663484061835,0.9240492015293557,0.0523272003864143,0.015568563893601521,0.1353022534693398,0.6344608976634074,0.4810002792553346,829,,F0aug,,,
R2A,0.0,A0_real_real,20,2,0.04623885430996766,0.03000614375288591,0.17928796780817255,0.9242347840602658,0.05345902890845298,0.01572410162587024,0.13631569754692616,0.6851736445993412,0.4945300216851421,829,,F0aug,,,
R2A,0.0,A0_real_real,21,2,0.04644761653527361,0.030067375683982583,0.1795125532262031,0.9277798776993131,0.05198090773528853,0.014892815218651965,0.13264550496581687,0.6810101070348916,0.47261623582277074,829,,F0aug,,,
R2A,0.0,A0_real_real,22,2,0.04679456860947141,0.030100926034427246,0.17969601466302407,0.9278741405999976,0.04984585231878534,0.014930012523714543,0.13196447066199563,0.6726192086495572,0.48305594865683377,829,,F0aug,,,
R2A,0.0,A0_real_real,23,2,0.04652470616555361,0.030142021625016755,0.17974028460199973,0.9254888848912713,0.05556670264627236,0.013975150828550442,0.13062468859878554,0.6208841959352661,0.46381186667622576,829,,F0aug,,,
R2A,0.0,A0_real_real,24,2,0.04734688017674106,0.030311072186897627,0.1804239431155641,0.9247288520881356,0.05524217027348361,0.014660336131564804,0.13308656396529803,0.6620457429843113,0.5067180112897979,829,,F0aug,,,
R2A,0.0,A0_real_real,25,2,0.045731648887545856,0.028711595041411138,0.17550777404828802,0.9273648893410578,0.05050262154284816,0.014498355048084286,0.1305713208586956,0.6567099588552828,0.4701665418450311,829,,F0aug,,,
R2A,0.0,A0_real_real,26,2,0.04668132574585496,0.03008127100758753,0.17961185144911276,0.9205615112987537,0.05350831584033303,0.015208953905625393,0.13443248777618536,0.6407288861401955,0.4866652121809069,829,,F0aug,,,
R2A,0.0,A0_real_real,27,2,0.04690555004969912,0.030097635655317607,0.17971579307557373,0.9251904980618333,0.051018090385250014,0.015307081021365762,0.13382797378696018,0.6921165132265145,0.46643956154824817,829,,F0aug,,,
R2A,0.0,A0_real_real,28,2,0.04668920453174871,0.02988816001325459,0.17907551991565474,0.9246656932084684,0.0552825129289904,0.015552821434690025,0.13641472673591373,0.6643294232087836,0.47889911114128325,829,,F0aug,,,
R2A,0.0,A0_real_real,29,2,0.045816814747980335,0.029737876747915643,0.17842941815061322,0.9326300411648829,0.05065953051449246,0.01517503656830558,0.133196939154976,0.6788321111165704,0.47521997983826153,829,,F0aug,,,
R2A,0.0,A0_real_real,30,2,0.046595666593828605,0.029853024897933254,0.17895301350705578,0.9246065383592352,0.054735744878649725,0.01528353603994692,0.13520184099104401,0.6521362806381377,0.4673121294951857,829,,F0aug,,,
R2A,0.0,A0_real_real,31,2,0.046005035055840866,0.029728716490349427,0.17845217774193334,0.92978193200077,0.05166838702803583,0.01534435033192855,0.13421614116792158,0.6537830444886625,0.4906433068319904,829,,F0aug,,,
R2A,0.0,A0_real_real,32,2,0.04608828129500229,0.03004982491831181,0.17937099707321436,0.9317731050125024,0.05190162495974809,0.014770469081364583,0.13215236568002453,0.6908872551773901,0.462402451728688,829,,F0aug,,,
R2A,0.0,A0_real_real,33,2,0.04683138299606267,0.030076723688956468,0.17963825350487123,0.9256494309344805,0.057296941614540346,0.014869191177255768,0.13472984337419758,0.6715038755640672,0.48721549459641644,829,,F0aug,,,
R2A,0.0,A0_real_real,34,2,0.04744165776060102,0.030408740851696044,0.1807192622350203,0.9262240193278185,0.053908610740784596,0.01575190385186994,0.13659444411787536,0.681128977445204,0.4777142051064351,829,,F0aug,,,
R2A,0.0,A0_real_real,35,2,0.046322995977143816,0.02982510358094525,0.17880414854595442,0.9284667211702561,0.05805116242633823,0.01481807680131761,0.13486294620972325,0.6599700515995393,0.48833214910106326,829,,F0aug,,,
R2A,0.0,A0_real_real,36,2,0.046403173954550195,0.02902277904664388,0.17656736278174434,0.9220191957302389,0.05378428010344555,0.015365070007687057,0.1351214964168653,0.6772092461899084,0.4826039425900852,829,,F0aug,,,
R2A,0.0,A0_real_real,37,2,0.047313132561688544,0.030471770281849712,0.1808598982490304,0.9252465712944532,0.05372957699748597,0.015944454798862747,0.13722726494101498,0.6610486046467234,0.4678336490492764,829,,F0aug,,,
R2A,0.0,A0_real_real,38,2,0.04638099747037119,0.02978965469838731,0.17872003699846836,0.9267650269642269,0.05171111370134121,0.015917601489870686,0.13635116710209608,0.6872586801276742,0.4732478824119858,829,,F0aug,,,
R2A,0.0,A0_real_real,39,2,0.04628694771392685,0.029898725956863145,0.1790005795675951,0.9328639356377302,0.053219380399901595,0.014677643234318992,0.13232515136763842,0.6791830388145641,0.4585192739196047,829,,F0aug,,,
R2A,0.0,A0_real_real,40,2,0.04569554569088416,0.028760745065865873,0.17563834422429958,0.9272727974022864,0.05288318500951407,0.014468148531117638,0.13139550900950964,0.6545006210055406,0.44488117477854494,829,,F0aug,,,
R2A,0.0,A0_real_real,41,2,0.046261220045558826,0.029785761678196347,0.17867809647044028,0.9304395863548216,0.05170348506526565,0.015197665211244988,0.13368214383057722,0.639602187875583,0.4538177956010886,829,,F0aug,,,
R2A,0.0,A0_real_real,42,2,0.045773248146261165,0.029748743192942077,0.17844868573010358,0.9315876890866223,0.0538698275539398,0.014054247727710195,0.13021599766695874,0.6849556149964175,0.4883254822213722,829,,F0aug,,,
R2A,0.0,A0_real_real,43,2,0.04635147461802164,0.03033667479240203,0.18023632816851085,0.9216510876758833,0.05337671446877867,0.015958859397049243,0.13714201779371182,0.6699087390345877,0.4913119770434253,829,,F0aug,,,
R2A,0.0,A0_real_real,44,2,0.04615875822558188,0.030193924162983568,0.17979030875970844,0.926103418662859,0.05411768907799589,0.015181147370420981,0.13457292313672767,0.6330791870487225,0.45141972102757977,829,,F0aug,,,
R2A,0.0,A0_real_real,45,2,0.0460109482673975,0.029779360277685237,0.1785955420444485,0.9305732548843412,0.05026695896629236,0.014669687103422271,0.1311352518095008,0.6545051554086593,0.4723115072226777,829,,F0aug,,,
R2A,0.0,A0_real_real,46,2,0.046305319013297076,0.02915980753465355,0.17692933646961084,0.9264803513780893,0.05480989643826209,0.015772789958652937,0.13702888274457306,0.6501941397113575,0.4582980133445694,829,,F0aug,,,
R2A,0.0,A0_real_real,47,2,0.04631490412793485,0.029961772832798467,0.17918382509919323,0.9320708254785304,0.05141235539725327,0.015125544247663512,0.13329956689785977,0.6825730600538075,0.4652007109249427,829,,F0aug,,,
R2A,0.0,A0_real_real,48,2,0.04702121164531616,0.03023493771649161,0.18012754387123925,0.9243551649125638,0.05186995445038254,0.014959008083173285,0.1328514217381886,0.6679164811142256,0.48957641746656644,829,,F0aug,,,
R2A,0.0,A0_real_real,49,2,0.04605286737830637,0.029566039529742776,0.17800816308109763,0.9237513315276824,0.05138687087245148,0.01538165339107469,0.13424702562491542,0.6782147938200991,0.46784506184276975,829,,F0aug,,,
