case,distance_bin,error,n,station_groups,mean,variance_ddof0,rms,mean_ci_low,mean_ci_high,variance_ci_low,variance_ci_high,rms_ci_low,rms_ci_high,descriptive_only,bootstrap
R2_aA_m0,"[0.0, 5.0)",e_s,550,388,0.0019276580302711292,0.001516663069032876,0.038992036809001714,-0.005365344812757184,0.010970096478365424,0.0005417609454561541,0.0030161751644617054,0.023370687535704267,0.0556608773983963,False,1000 station resamples; same corridor
R2_aA_m0,"[0.0, 5.0)",e_MP,550,388,0.005064541153357877,0.0016380392134624942,0.040788341355791236,-0.0025293214164038283,0.014576197355308747,0.0005731209656614698,0.0032927041860145337,0.02420520081378095,0.05872357912709533,False,1000 station resamples; same corridor
R2_aA_m0,"[0.0, 5.0)",e_range,550,388,-0.5375246424997537,0.00362879988817082,0.5408895831707787,-0.548547231078655,-0.5251422090003867,0.002710244613471452,0.004510587295905805,0.529008396924641,0.5513494069928483,False,1000 station resamples; same corridor
R2_aA_m0,"[10.0, inf)",e_s,417,273,0.11948728311559094,0.10261503823026301,0.3418950848675781,0.06843374888211233,0.17873346848952446,0.04676061445542596,0.1657056885180128,0.2271947809399315,0.4441499594678762,False,1000 station resamples; same corridor
R2_aA_m0,"[10.0, inf)",e_MP,417,273,0.12335918492989872,0.10335506315585313,0.34434365343711804,0.0748054578052749,0.18825874615787264,0.04594125883533791,0.17185119891152242,0.22899691552184095,0.4538035300430014,False,1000 station resamples; same corridor
R2_aA_m0,"[10.0, inf)",e_range,417,273,-0.3924686307197976,0.02842729589648151,0.42715210639250556,-0.4305258954892998,-0.35214350375744574,0.013832635856478235,0.04322872452015063,0.4039193007397426,0.44963837329394596,False,1000 station resamples; same corridor
R2_aA_m0,"[5.0, 10.0)",e_s,336,264,0.03664946485621616,0.01282857885936892,0.11904521046063106,0.027138422456607348,0.04673203444846301,0.007274648045731532,0.019581966578886174,0.09323261828662857,0.14505044854546154,False,1000 station resamples; same corridor
R2_aA_m0,"[5.0, 10.0)",e_MP,336,264,0.043003038939888216,0.013214842750134065,0.1227359120559244,0.032546556369413074,0.053568834654907076,0.007813773371808351,0.020130556576661292,0.09667439091295513,0.1493858642779671,False,1000 station resamples; same corridor
R2_aA_m0,"[5.0, 10.0)",e_range,336,264,-0.4919619026828279,0.009952724360435313,0.5019753360990393,-0.5078125586035058,-0.4736878780884878,0.005161379617521895,0.016284973961337136,0.4875658967265321,0.514074007376305,False,1000 station resamples; same corridor
R2_aA_m45,"[0.0, 5.0)",e_s,550,388,0.00029940468428292635,0.0023165077835930643,0.04813104431401873,-0.007637058992074182,0.008033479278246165,0.0014305057298493653,0.0034886078102507835,0.03813358852443958,0.05937505742428934,False,1000 station resamples; same corridor
R2_aA_m45,"[0.0, 5.0)",e_MP,550,388,-0.0003058758852892047,0.0025530343186736726,0.05052848581474488,-0.009450089202926478,0.006901419096603843,0.0015075703308505537,0.004198768243342139,0.0392415779407068,0.06519993109322093,False,1000 station resamples; same corridor
R2_aA_m45,"[0.0, 5.0)",e_range,550,388,-0.5288234201692956,0.004514834627039721,0.5330750832167933,-0.5407402910598207,-0.516446629996769,0.0035691871950268004,0.005445566720828177,0.5207392889834477,0.5449225468959217,False,1000 station resamples; same corridor
R2_aA_m45,"[10.0, inf)",e_s,417,273,0.01403637274307377,0.1338349288486254,0.36610374022728576,-0.045010587494747456,0.08926101043406971,0.08496760806410775,0.20175893185376245,0.29236372127133015,0.45599287088724405,False,1000 station resamples; same corridor
R2_aA_m45,"[10.0, inf)",e_MP,417,273,0.012872745427961506,0.13394715714885239,0.3662142333712679,-0.04900462633425165,0.08091156108660678,0.08335633661037681,0.1979614461364486,0.28922809672649596,0.45091934330420186,False,1000 station resamples; same corridor
R2_aA_m45,"[10.0, inf)",e_range,417,273,-0.37202623563137865,0.02365842524997486,0.40256918069821107,-0.40016343664856757,-0.33638035157474416,0.01563295800757803,0.03424128944150947,0.37899034484679145,0.42270466213508834,False,1000 station resamples; same corridor
R2_aA_m45,"[5.0, 10.0)",e_s,336,264,0.008920127847314182,0.032936137039413727,0.18170224467580512,-0.02268438475988789,0.042286451873336225,0.0263980128058771,0.039328463749488445,0.16321027101989372,0.19970557549671664,False,1000 station resamples; same corridor
R2_aA_m45,"[5.0, 10.0)",e_MP,336,264,0.00843543927087089,0.03326893525478053,0.182592693967949,-0.02050377743888046,0.04238944744917975,0.026951111691358345,0.039447098682969306,0.16518079471219954,0.20047055300416197,False,1000 station resamples; same corridor
R2_aA_m45,"[5.0, 10.0)",e_range,336,264,-0.4554640299983356,0.010172894078068645,0.4664979921718778,-0.4693547060603095,-0.44262820560226107,0.0050507456215364895,0.017228145598186032,0.45584349374527383,0.47756694789160214,False,1000 station resamples; same corridor
R2_aB_m0,"[0.0, 5.0)",e_s,628,448,5.7064966055337086e-05,0.0011795756694100291,0.03434499855612721,-0.002499095612341278,0.002648343792363343,0.0005878227298329266,0.0017842743934960872,0.024356586949583144,0.04224160470407647,False,1000 station resamples; same corridor
R2_aB_m0,"[0.0, 5.0)",e_MP,628,448,0.0040207476580587575,0.0012352999451181548,0.035376070398617475,0.0013914154778569992,0.006948977038394531,0.0005989962476353901,0.0019388847603425037,0.024661397418111568,0.044412850418424805,False,1000 station resamples; same corridor
R2_aB_m0,"[0.0, 5.0)",e_range,628,448,-0.5296683998517164,0.0030848658631454813,0.5325725111800488,-0.5377344167870336,-0.5216010168071004,0.0025252143242241467,0.003633273957418373,0.524501666631765,0.5405494045833985,False,1000 station resamples; same corridor
R2_aB_m0,"[5.0, 10.0)",e_s,675,477,0.04383714567250432,0.019178369592188493,0.1452586139714298,0.022252771205005944,0.07125212677613527,0.010684164545251883,0.03142536258374473,0.10788205923776605,0.18968182924073743,False,1000 station resamples; same corridor
R2_aB_m0,"[5.0, 10.0)",e_MP,675,477,0.04854579694723864,0.01885942939723767,0.1456575566130374,0.02761133369279133,0.07606799362347143,0.010805622316439042,0.03070833803759819,0.11020929670033176,0.18985507440035396,False,1000 station resamples; same corridor
R2_aB_m0,"[5.0, 10.0)",e_range,675,477,-0.47415312474854426,0.011216006016089795,0.4858365895287205,-0.4869154728868233,-0.4610452078022954,0.008779305899917385,0.014366239109813541,0.47351398580998494,0.4971747276872772,False,1000 station resamples; same corridor
R4_aA_m0,"[0.0, 5.0)",e_s,372,225,0.015853975535813802,0.001145594528991447,0.03737570158915588,0.010879090485057027,0.021600461168873396,0.0008689372381672282,0.0014685296815635071,0.032874766088220236,0.042706185614140975,False,1000 station resamples; same corridor
R4_aA_m0,"[0.0, 5.0)",e_MP,372,225,0.019028661599405302,0.0011952827438339076,0.039463561751299,0.013470171291376279,0.024791551566310306,0.0009002110268849859,0.001533483739637023,0.03408971726478356,0.045494808779968525,False,1000 station resamples; same corridor
R4_aA_m0,"[0.0, 5.0)",e_range,372,225,-0.5265736089955956,0.003051887561128361,0.5294635523355452,-0.5400294071394275,-0.5130278289327511,0.0023162561020764346,0.003767659167771263,0.5158092028296689,0.5429161701964037,False,1000 station resamples; same corridor
R4_aA_m0,"[10.0, inf)",e_s,276,162,-0.0678717398394368,0.10056341727760694,0.3242992296420686,-0.1301999725196764,-0.02025521147914774,0.06592012739879054,0.129131501120754,0.26525565717900457,0.37072255364986423,False,1000 station resamples; same corridor
R4_aA_m0,"[10.0, inf)",e_MP,276,162,-0.06725682353879361,0.10130088520240474,0.3253065715827658,-0.1280334804062489,-0.019604953011455605,0.06923663574846363,0.13098060889457347,0.2694564921791213,0.3695422683542279,False,1000 station resamples; same corridor
R4_aA_m0,"[10.0, inf)",e_range,276,162,-0.4126566366392363,0.01996331732087293,0.4361752137424587,-0.4426462590879025,-0.38038958944265255,0.01210717897175281,0.02778696919369588,0.40426144644839446,0.46625198437143434,False,1000 station resamples; same corridor
R4_aA_m0,"[5.0, 10.0)",e_s,274,160,-0.0404343319068081,0.027333864787470477,0.17020223260645084,-0.06529885401047165,-0.018147935914886705,0.019221998065641035,0.03733159323024795,0.14140528185858606,0.200527036528909,False,1000 station resamples; same corridor
R4_aA_m0,"[5.0, 10.0)",e_MP,274,160,-0.03489875576220624,0.027134000004641144,0.16838029326020093,-0.0614683952498905,-0.011834514026254888,0.018708927921993714,0.03704650557638947,0.13729581164847565,0.2007123607351972,False,1000 station resamples; same corridor
R4_aA_m0,"[5.0, 10.0)",e_range,274,160,-0.4450895065035739,0.020405679798793996,0.46745090501397996,-0.46922003043814114,-0.4231890952231387,0.00803766162749278,0.03762999979649893,0.443454639364579,0.49265741162279353,False,1000 station resamples; same corridor
R4_aB_m0,"[0.0, 5.0)",e_s,490,277,-0.0012692698510334357,0.005049973424013661,0.07107449943522925,-0.012115978423069607,0.010308783394876531,0.0025004479213391537,0.009222238191515577,0.05024568526832258,0.09643574844147769,False,1000 station resamples; same corridor
R4_aB_m0,"[0.0, 5.0)",e_MP,490,277,0.0004534787554534923,0.005066870071882956,0.0711833949377564,-0.010997601912241051,0.012244669149322082,0.0024049189281596423,0.00977574815872861,0.04957077192025373,0.09997764517439608,False,1000 station resamples; same corridor
R4_aB_m0,"[0.0, 5.0)",e_range,490,277,-0.5235061441891671,0.004494758938014712,0.5277816233460803,-0.5362905553477324,-0.508656865507508,0.003327515185744323,0.005919407502094627,0.5135114256628596,0.5400211036123467,False,1000 station resamples; same corridor
R4_aB_m0,"[5.0, 10.0)",e_s,432,270,0.015476936195415071,0.028097254027852542,0.16833534858088925,-0.005507794034940196,0.036212464769026044,0.021025239983790422,0.03708413284657167,0.14588043339898843,0.19509007133210762,False,1000 station resamples; same corridor
R4_aB_m0,"[5.0, 10.0)",e_MP,432,270,0.01413429687654117,0.028094314018477444,0.16820847887865714,-0.007466724162902999,0.03612292700313643,0.021008660622031383,0.03677648059023383,0.14579210335842427,0.19272841942575636,False,1000 station resamples; same corridor
R4_aB_m0,"[5.0, 10.0)",e_range,432,270,-0.4590311883845635,0.010855615624529481,0.47070717812061674,-0.47628506621150224,-0.44063876911140476,0.008917764263949161,0.012750150752868701,0.45229718664848895,0.487662216630488,False,1000 station resamples; same corridor
R5_aA_m0,"[0.0, 5.0)",e_s,774,558,-0.004008433680274263,0.0004777706151685714,0.022222469613832944,-0.006655633652380606,-0.0016736656295808594,0.00034249966986842816,0.0006821456381535302,0.01872781595642603,0.026709681315930874,False,1000 station resamples; same corridor
R5_aA_m0,"[0.0, 5.0)",e_MP,774,558,-0.0012796652492438553,0.0004734395487614158,0.0217962632556945,-0.003996383194855832,0.0009481541474462605,0.0003285458530141371,0.0006899876814489284,0.018138857467697826,0.02653846556189806,False,1000 station resamples; same corridor
R5_aA_m0,"[0.0, 5.0)",e_range,774,558,-0.5388023624868701,0.002794399800560217,0.5413893105908102,-0.5449630892833414,-0.5317308917299972,0.002347352435852855,0.0032569172515599363,0.5344887759761144,0.547436372571188,False,1000 station resamples; same corridor
R5_aA_m0,"[10.0, inf)",e_s,551,389,0.08112837886340311,0.077096314433908,0.2892717205170804,0.044888099610579164,0.1178359145094743,0.0536145075597255,0.10198481276208515,0.24005376931323866,0.33560932949265126,False,1000 station resamples; same corridor
R5_aA_m0,"[10.0, inf)",e_MP,551,389,0.08433460018382025,0.07683992988307377,0.289745154698467,0.04887518718629081,0.1215679461651054,0.05498616702336164,0.10242167535722059,0.24322163680274828,0.34079029130276955,False,1000 station resamples; same corridor
R5_aA_m0,"[10.0, inf)",e_range,551,389,-0.4077521921850549,0.04349064385917066,0.4579874387915989,-0.4312954575527809,-0.3843253014625249,0.026132166534219178,0.06651187737185767,0.43983521164920075,0.4783612804763929,False,1000 station resamples; same corridor
R5_aA_m0,"[5.0, 10.0)",e_s,558,396,0.07122972093243164,0.02923541898929428,0.18522713660100232,0.05274260491456089,0.09335985125187041,0.016910295641635494,0.045651177040093395,0.14312471171228916,0.23182321078951795,False,1000 station resamples; same corridor
R5_aA_m0,"[5.0, 10.0)",e_MP,558,396,0.07537739482878635,0.029371096785556137,0.1872240594494492,0.05504004089880105,0.09718446116764402,0.016482502993312893,0.045240647299795635,0.14110446841835467,0.23351789972788503,False,1000 station resamples; same corridor
R5_aA_m0,"[5.0, 10.0)",e_range,558,396,-0.47208677119103243,0.019929331856985966,0.4927425812638483,-0.494723945671653,-0.44892270971491854,0.014439146338289388,0.026523936193690797,0.4741233559432848,0.5103653548207082,False,1000 station resamples; same corridor
R5_aB_m0,"[0.0, 5.0)",e_s,889,673,-0.005422074333989072,0.001683972533772929,0.04139289098210262,-0.008410361696445118,-0.002724164308304713,0.0005206674549874242,0.0036595273705204334,0.023167237609882815,0.061024183948042106,False,1000 station resamples; same corridor
R5_aB_m0,"[0.0, 5.0)",e_MP,889,673,-0.0007475379697036079,0.0005320552455154726,0.023078432757265413,-0.0025181576826995575,0.0010178549829716877,0.00043597226373791965,0.0006417570308322785,0.020893031145147425,0.025341604145337128,False,1000 station resamples; same corridor
R5_aB_m0,"[0.0, 5.0)",e_range,889,673,-0.5367315293231651,0.002811013300306403,0.5393438123033304,-0.5433351721415327,-0.5294298699493148,0.002312789732595745,0.0033283283331915436,0.5320306103462108,0.5456442124635248,False,1000 station resamples; same corridor
R5_aB_m0,"[5.0, 10.0)",e_s,994,670,0.03776179921440701,0.015794731947233513,0.13122760924112997,0.027322357185959233,0.04853203916004264,0.011015696366456431,0.020619224901918233,0.10997891911589394,0.14882167499602272,False,1000 station resamples; same corridor
R5_aB_m0,"[5.0, 10.0)",e_MP,994,670,0.04099687883531342,0.01590986713694387,0.13262960156458753,0.030207887697912942,0.05259969837583969,0.01150512280624349,0.021837654758222698,0.11442894129247179,0.1531631861625204,False,1000 station resamples; same corridor
R5_aB_m0,"[5.0, 10.0)",e_range,994,670,-0.46332269540856147,0.02183701143985199,0.4863177269239798,-0.4782078648682411,-0.44737479600210645,0.013673184511925732,0.03533052600631231,0.4716574082226391,0.5016630009375717,False,1000 station resamples; same corridor
