case,drift,contrast,metric,n_seed,difference_mean,ci_low,ci_high
R2_aA_m0,0,B minus A,heading_rmse_deg,50,-0.1451694969185061,-2.024642939778604,1.5283312201619244
R2_aA_m0,0,B minus A,pos_rmse_m,50,0.4514224869828047,0.25549678384043556,0.6402604856384697
R2_aA_m0,0,B minus A,nees_mean,50,994.5770443279649,848.7501619187906,1148.5846852682453
R2_aA_m0,0,B minus A,pose_coverage,50,-0.7058866103739446,-0.767679734620024,-0.6384951749095295
R2_aA_m0,0,C minus B,heading_rmse_deg,50,-8.572496337756688,-9.153368206204824,-8.017646652994587
R2_aA_m0,0,C minus B,pos_rmse_m,50,-1.5322590995734438,-1.627730201601552,-1.443557204989292
R2_aA_m0,0,C minus B,nees_mean,50,-942.0548190757083,-1106.0871506764133,-799.3391298933302
R2_aA_m0,0,C minus B,pose_coverage,50,0.2112183353437877,0.1886363088057901,0.23248190591073578
R2_aA_m0,0,D minus C,heading_rmse_deg,50,7.170774637933692,7.063227648615941,7.29257588058618
R2_aA_m0,0,D minus C,pos_rmse_m,50,0.8769981750722728,0.8612551899699556,0.8861557545061912
R2_aA_m0,0,D minus C,nees_mean,50,1096.726735262844,844.1339615097719,1403.8907726506482
R2_aA_m0,0,D minus C,pose_coverage,50,-0.1945958986731001,-0.21450000000000002,-0.17237575392038598
R2_aA_m0,0,E minus D,heading_rmse_deg,50,-2.348777665298788,-2.629392019346594,-2.0715601161129076
R2_aA_m0,0,E minus D,pos_rmse_m,50,-0.11568061020949305,-0.1536982571346734,-0.07722333468263684
R2_aA_m0,0,E minus D,nees_mean,50,-729.7201550647928,-1030.4338764438223,-456.3305649971824
R2_aA_m0,0,E minus D,pose_coverage,50,0.0030880579010856444,-0.000579010856453559,0.009939686369119419
R2_aA_m0,0,E minus B,heading_rmse_deg,50,-3.7504993651217817,-4.268090797781692,-3.1986413022586477
R2_aA_m0,0,E minus B,pos_rmse_m,50,-0.7709415347106642,-0.8553702691150391,-0.6841800945058941
R2_aA_m0,0,E minus B,nees_mean,50,-575.0482388776572,-841.3319618230154,-233.51782621051535
R2_aA_m0,0,E minus B,pose_coverage,50,0.01971049457177322,0.013823281061519905,0.025720747889022916
R2_aA_m0,1,B minus A,heading_rmse_deg,50,-0.6226439920511835,-2.6487286766215004,1.3128851550098346
R2_aA_m0,1,B minus A,pos_rmse_m,50,0.39515942272241555,0.16081379166644233,0.608691244822708
R2_aA_m0,1,B minus A,nees_mean,50,1014.7388602994776,861.0725408878869,1186.148804966507
R2_aA_m0,1,B minus A,pose_coverage,50,-0.6712907117008444,-0.7356363088057902,-0.6028980699638118
R2_aA_m0,1,C minus B,heading_rmse_deg,50,-8.567492044562009,-9.234914491219389,-7.997907716542631
R2_aA_m0,1,C minus B,pos_rmse_m,50,-1.5362993612821574,-1.6236556653473975,-1.4442964259418427
R2_aA_m0,1,C minus B,nees_mean,50,-963.9888557546714,-1138.8252765742702,-825.0931645832895
R2_aA_m0,1,C minus B,pose_coverage,50,0.20110977080820266,0.17691013268998798,0.2237189384800965
R2_aA_m0,1,D minus C,heading_rmse_deg,50,7.106362641715939,6.981611012776633,7.236480205385194
R2_aA_m0,1,D minus C,pos_rmse_m,50,0.8749878848863125,0.8602411744371313,0.8852072294900964
R2_aA_m0,1,D minus C,nees_mean,50,1636.574710157729,1018.3913271709877,2452.5190316387952
R2_aA_m0,1,D minus C,pose_coverage,50,-0.18386007237635707,-0.20678588661037395,-0.15975633293124245
R2_aA_m0,1,E minus D,heading_rmse_deg,50,-2.3954528873372474,-2.7337485519784437,-2.1026869225342275
R2_aA_m0,1,E minus D,pos_rmse_m,50,-0.1302290795771423,-0.16889330724478088,-0.09253541211587446
R2_aA_m0,1,E minus D,nees_mean,50,-1294.5906971132767,-2146.074096387009,-642.6780779296171
R2_aA_m0,1,E minus D,pose_coverage,50,0.002895054282267792,-0.0007967430639324494,0.009674909529553678
R2_aA_m0,1,E minus B,heading_rmse_deg,50,-3.856582290183314,-4.466619354795059,-3.248454399451745
R2_aA_m0,1,E minus B,pos_rmse_m,50,-0.7915405559729873,-0.8780783506703312,-0.7063044073741533
R2_aA_m0,1,E minus B,nees_mean,50,-622.0048427102194,-884.5886019603739,-243.96245397863697
R2_aA_m0,1,E minus B,pose_coverage,50,0.02014475271411339,0.01423341375150784,0.026176718938480097
R2_aA_m0,2,B minus A,heading_rmse_deg,50,-4.652920492778647,-7.6696652728067605,-1.6138768583010688
R2_aA_m0,2,B minus A,pos_rmse_m,50,0.029095365368103563,-0.28946083107987625,0.3271951700965542
R2_aA_m0,2,B minus A,nees_mean,50,1151.967848000526,942.4942727255598,1382.0542256931474
R2_aA_m0,2,B minus A,pose_coverage,50,-0.5213268998793728,-0.6188480096501809,-0.41287454764776843
R2_aA_m0,2,C minus B,heading_rmse_deg,50,-8.852091128220895,-9.62407790837684,-8.049455131608827
R2_aA_m0,2,C minus B,pos_rmse_m,50,-1.5752414131919352,-1.6802061309778504,-1.4624156839636153
R2_aA_m0,2,C minus B,nees_mean,50,-1117.8452553993861,-1327.88287076335,-921.4405425988764
R2_aA_m0,2,C minus B,pose_coverage,50,0.18634499396863696,0.1578582629674306,0.2149589867310012
R2_aA_m0,2,D minus C,heading_rmse_deg,50,7.096678162313025,6.832280572932666,7.511151048749368
R2_aA_m0,2,D minus C,pos_rmse_m,50,0.8801225830903732,0.862265430466293,0.9080644250326714
R2_aA_m0,2,D minus C,nees_mean,50,1099.5122428170582,876.7296415605402,1340.216886016159
R2_aA_m0,2,D minus C,pose_coverage,50,-0.16489746682750306,-0.18971833534378768,-0.14078890229191798
R2_aA_m0,2,E minus D,heading_rmse_deg,50,-2.7172090436750356,-3.234055351827623,-2.320984166821701
R2_aA_m0,2,E minus D,pos_rmse_m,50,-0.1953170061268909,-0.25286539304741384,-0.14147827540433694
R2_aA_m0,2,E minus D,nees_mean,50,-848.4096015187636,-1114.8997837712236,-599.4831134509778
R2_aA_m0,2,E minus D,pose_coverage,50,0.0031363088057901082,-0.0014481302774427016,0.010399879372738235
R2_aA_m0,2,E minus B,heading_rmse_deg,50,-4.4726220095829055,-5.264380741342153,-3.748232975466296
R2_aA_m0,2,E minus B,pos_rmse_m,50,-0.8904358362284526,-1.009133577598655,-0.7824256909577518
R2_aA_m0,2,E minus B,nees_mean,50,-866.7426141010914,-1066.0626223423885,-669.0169889412266
R2_aA_m0,2,E minus B,pose_coverage,50,0.024583835946924006,0.018793124246079616,0.031003015681544028
R2_aA_m45,0,B minus A,heading_rmse_deg,50,6.739202778095346,4.789256057197129,8.462253433152013
R2_aA_m45,0,B minus A,pos_rmse_m,50,1.4242648011006276,1.2043268892473822,1.6301150573948116
R2_aA_m45,0,B minus A,nees_mean,50,4478.571886653437,3936.0095894977735,5002.198740330079
R2_aA_m45,0,B minus A,pose_coverage,50,-0.7945717732207478,-0.8569620024125454,-0.7176037394451147
R2_aA_m45,0,C minus B,heading_rmse_deg,50,-15.607415102515477,-16.281209125045933,-14.980007240276066
R2_aA_m45,0,C minus B,pos_rmse_m,50,-2.469375916687328,-2.5695199024150757,-2.3666415882538807
R2_aA_m45,0,C minus B,nees_mean,50,-4367.545739942498,-4922.313110589998,-3854.758808657659
R2_aA_m45,0,C minus B,pose_coverage,50,0.001712907117008444,-0.01341495778045838,0.01710554885404101
R2_aA_m45,0,D minus C,heading_rmse_deg,50,0.7392189952209209,0.6631200775071426,0.8172096183541723
R2_aA_m45,0,D minus C,pos_rmse_m,50,-0.017926948040239418,-0.021419673930150426,-0.014529860983449059
R2_aA_m45,0,D minus C,nees_mean,50,5.711165273987712,4.708391549909331,6.730944029205199
R2_aA_m45,0,D minus C,pose_coverage,50,-0.05297949336550062,-0.05988118214716526,-0.04639203860072376
R2_aA_m45,0,E minus D,heading_rmse_deg,50,0.18046599736446564,0.13238770402433345,0.22265179063886675
R2_aA_m45,0,E minus D,pos_rmse_m,50,0.02770072394976105,0.024825359871606716,0.030375892169833173
R2_aA_m45,0,E minus D,nees_mean,50,-3.7534513635284124,-4.5624308611178925,-2.937838261733496
R2_aA_m45,0,E minus D,pose_coverage,50,0.0027020506634499396,0.0013256936067551266,0.004390832328106152
R2_aA_m45,0,E minus B,heading_rmse_deg,50,-14.68773010993009,-15.34407305550041,-14.055903929387258
R2_aA_m45,0,E minus B,pos_rmse_m,50,-2.4596021407778066,-2.562822956459882,-2.363694706413662
R2_aA_m45,0,E minus B,nees_mean,50,-4365.588026032038,-4924.1829998476915,-3904.3726405028765
R2_aA_m45,0,E minus B,pose_coverage,50,-0.04856453558504223,-0.060266586248492175,-0.036259348612786485
R2_aA_m45,1,B minus A,heading_rmse_deg,50,6.334569897965523,4.024822765165849,8.625219039515557
R2_aA_m45,1,B minus A,pos_rmse_m,50,1.3720399834944867,1.122963452726929,1.60432747592186
R2_aA_m45,1,B minus A,nees_mean,50,4564.88645480418,4018.6043798852847,5101.423696139313
R2_aA_m45,1,B minus A,pose_coverage,50,-0.7583594692400483,-0.8280952955367913,-0.6853305186972256
R2_aA_m45,1,C minus B,heading_rmse_deg,50,-15.68728886886993,-16.42808488807358,-14.968814543491101
R2_aA_m45,1,C minus B,pos_rmse_m,50,-2.4774500068185135,-2.5814874266784344,-2.3664204886713196
R2_aA_m45,1,C minus B,nees_mean,50,-4455.74445308812,-5047.428809105858,-3915.1058720539677
R2_aA_m45,1,C minus B,pose_coverage,50,-0.0017370325693606755,-0.016624849215922798,0.012378166465621229
R2_aA_m45,1,D minus C,heading_rmse_deg,50,0.7113787541601769,0.6336735581703631,0.7951245851004662
R2_aA_m45,1,D minus C,pos_rmse_m,50,-0.018319330749661855,-0.022236837038582626,-0.0140479970591006
R2_aA_m45,1,D minus C,nees_mean,50,5.677080991824941,4.64413248847783,6.815161065656831
R2_aA_m45,1,D minus C,pose_coverage,50,-0.05032569360675512,-0.057177925211097706,-0.042507237635705665
R2_aA_m45,1,E minus D,heading_rmse_deg,50,0.1928656976812271,0.14774379039905736,0.23492195226309612
R2_aA_m45,1,E minus D,pos_rmse_m,50,0.02792911643651562,0.025076228811364204,0.030735106019821795
R2_aA_m45,1,E minus D,nees_mean,50,-3.615833387870115,-4.5538296051149905,-2.7766320553068584
R2_aA_m45,1,E minus D,pose_coverage,50,0.0027261761158021707,0.0012062726176115804,0.004560916767189385
R2_aA_m45,1,E minus B,heading_rmse_deg,50,-14.783044417028526,-15.51009565449233,-14.018855355133837
R2_aA_m45,1,E minus B,pos_rmse_m,50,-2.46784022113166,-2.577531825349797,-2.3567549206336906
R2_aA_m45,1,E minus B,nees_mean,50,-4453.683205484165,-5070.519805685624,-3930.597841927415
R2_aA_m45,1,E minus B,pose_coverage,50,-0.04933655006031363,-0.06270566948130278,-0.03683353437876962
R2_aA_m45,2,B minus A,heading_rmse_deg,50,2.472114765063361,-0.4155976484489934,5.528942433540759
R2_aA_m45,2,B minus A,pos_rmse_m,50,1.0162396726059537,0.670295586696142,1.3229048639791052
R2_aA_m45,2,B minus A,nees_mean,50,5076.604039770134,4321.7677006454805,5855.095999466595
R2_aA_m45,2,B minus A,pose_coverage,50,-0.5990108564535584,-0.700609167671894,-0.5095271411338962
R2_aA_m45,2,C minus B,heading_rmse_deg,50,-16.21656486826614,-17.32698653998263,-15.135318108091719
R2_aA_m45,2,C minus B,pos_rmse_m,50,-2.5288947238532278,-2.661713335096846,-2.384680772985946
R2_aA_m45,2,C minus B,nees_mean,50,-4984.372360738916,-5757.254800820917,-4312.485857769818
R2_aA_m45,2,C minus B,pose_coverage,50,-0.007092882991556091,-0.02386248492159228,0.009919179734620023
R2_aA_m45,2,D minus C,heading_rmse_deg,50,0.6682602153614695,0.5845843550211155,0.75159590424125
R2_aA_m45,2,D minus C,pos_rmse_m,50,-0.017903245597924233,-0.02210406566884009,-0.01321283274031882
R2_aA_m45,2,D minus C,nees_mean,50,5.608844872561208,4.549872597471765,6.869553363522601
R2_aA_m45,2,D minus C,pose_coverage,50,-0.04632086851628468,-0.05375211097708082,-0.03850361881785284
R2_aA_m45,2,E minus D,heading_rmse_deg,50,0.21560689656435275,0.16076847330262825,0.2626466546154153
R2_aA_m45,2,E minus D,pos_rmse_m,50,0.02652411175723183,0.023135014706223485,0.029630000711250534
R2_aA_m45,2,E minus D,nees_mean,50,-3.712698008419723,-4.710948120335863,-2.8516846776240925
R2_aA_m45,2,E minus D,pose_coverage,50,0.0030880579010856453,0.0015440289505428229,0.0050910735826296735
R2_aA_m45,2,E minus B,heading_rmse_deg,50,-15.33269775634032,-16.344728942542716,-14.302093619328572
R2_aA_m45,2,E minus B,pos_rmse_m,50,-2.5202738576939203,-2.6494778737145253,-2.3662212368673115
R2_aA_m45,2,E minus B,nees_mean,50,-4982.476213874775,-5834.814212602699,-4218.859124219006
R2_aA_m45,2,E minus B,pose_coverage,50,-0.05032569360675513,-0.06425090470446321,-0.03471170084439083
R2_aB_m0,0,B minus A,heading_rmse_deg,50,-0.6663254027149008,-3.6077236998205384,2.306627769937439
R2_aB_m0,0,B minus A,pos_rmse_m,50,-0.37458188699689726,-0.6611828649633891,-0.07935873713691481
R2_aB_m0,0,B minus A,nees_mean,50,1451.2237892379414,721.430914915748,2328.3040139744876
R2_aB_m0,0,B minus A,pose_coverage,50,-0.6049698431845596,-0.6897563329312426,-0.5184420989143548
R2_aB_m0,0,C minus B,heading_rmse_deg,50,-7.733388257209843,-9.983473460405659,-5.811581243860544
R2_aB_m0,0,C minus B,pos_rmse_m,50,-0.7457423568613855,-0.9890102705158839,-0.5172706255565193
R2_aB_m0,0,C minus B,nees_mean,50,-1448.0614184683457,-2286.615557912042,-725.1782940517364
R2_aB_m0,0,C minus B,pose_coverage,50,0.3040289505428227,0.24489626055488542,0.3635892641737033
R2_aB_m0,0,D minus C,heading_rmse_deg,50,0.6744623309726214,0.6072099307409372,0.7509783495975548
R2_aB_m0,0,D minus C,pos_rmse_m,50,0.13114118672703504,0.12090211064856679,0.14146114704677093
R2_aB_m0,0,D minus C,nees_mean,50,13.785905255728359,12.376351737178794,15.309985052780526
R2_aB_m0,0,D minus C,pose_coverage,50,-0.34738238841978286,-0.3661145958986731,-0.3257129071170084
R2_aB_m0,0,E minus D,heading_rmse_deg,50,0.6097862246619544,0.54130895078486,0.6901398670004315
R2_aB_m0,0,E minus D,pos_rmse_m,50,0.0006533142744242648,-0.00861356694307779,0.01072300784525429
R2_aB_m0,0,E minus D,nees_mean,50,-6.705260823627683,-7.947953859902292,-5.56445396041022
R2_aB_m0,0,E minus D,pose_coverage,50,0.10262967430639326,0.07176899879372739,0.13399336550060315
R2_aB_m0,0,E minus B,heading_rmse_deg,50,-6.449139701575266,-8.765593027357491,-4.402858886980447
R2_aB_m0,0,E minus B,pos_rmse_m,50,-0.6139478558599263,-0.8684488715105447,-0.3856700572879688
R2_aB_m0,0,E minus B,nees_mean,50,-1440.9807740362448,-2249.4644104113772,-699.9879898319442
R2_aB_m0,0,E minus B,pose_coverage,50,0.059276236429433055,0.015965018094089258,0.10346562123039801
R2_aB_m0,1,B minus A,heading_rmse_deg,50,-0.32950724064890435,-3.0415755081031333,2.5942647277882993
R2_aB_m0,1,B minus A,pos_rmse_m,50,-0.3477260934004369,-0.642333014451079,-0.054833768997207134
R2_aB_m0,1,B minus A,nees_mean,50,1695.4994531200352,907.6674940708518,2497.3346168509333
R2_aB_m0,1,B minus A,pose_coverage,50,-0.5907840772014475,-0.6900983112183354,-0.5014951749095296
R2_aB_m0,1,C minus B,heading_rmse_deg,50,-8.56575874303515,-10.860912259981207,-6.527713102578216
R2_aB_m0,1,C minus B,pos_rmse_m,50,-0.8330497364296447,-1.0677049626447832,-0.5937196676976539
R2_aB_m0,1,C minus B,nees_mean,50,-1694.2030003180375,-2594.9336029679394,-911.9463033059508
R2_aB_m0,1,C minus B,pose_coverage,50,0.31382388419782875,0.2548160434258142,0.376382388419783
R2_aB_m0,1,D minus C,heading_rmse_deg,50,0.6734899297428163,0.5971186632888157,0.7501495421119334
R2_aB_m0,1,D minus C,pos_rmse_m,50,0.13083256046744957,0.11906003539610745,0.1431007121627914
R2_aB_m0,1,D minus C,nees_mean,50,14.206588482940283,12.45616880537156,16.181123537777662
R2_aB_m0,1,D minus C,pose_coverage,50,-0.3265862484921593,-0.35146019300361875,-0.29946079613992765
R2_aB_m0,1,E minus D,heading_rmse_deg,50,0.597696370084569,0.5283555228347352,0.6740717196609247
R2_aB_m0,1,E minus D,pos_rmse_m,50,0.00033294746038544656,-0.009620546552947471,0.010739099101827037
R2_aB_m0,1,E minus D,nees_mean,50,-7.078032237568614,-8.490200423897436,-5.829321799688556
R2_aB_m0,1,E minus D,pose_coverage,50,0.09167671893848009,0.06243184559710495,0.12239867310012062
R2_aB_m0,1,E minus B,heading_rmse_deg,50,-7.294572443207766,-9.56044301530652,-5.179802286585031
R2_aB_m0,1,E minus B,pos_rmse_m,50,-0.7018842285018094,-0.9460094015038825,-0.47210398170455475
R2_aB_m0,1,E minus B,nees_mean,50,-1687.0744440726662,-2541.339605443187,-854.3007787467471
R2_aB_m0,1,E minus B,pose_coverage,50,0.07891435464414957,0.036109167671893844,0.1269318455971049
R2_aB_m0,2,B minus A,heading_rmse_deg,50,-2.5096638089262697,-5.73009609327922,0.8598610398068494
R2_aB_m0,2,B minus A,pos_rmse_m,50,-0.5338580999487249,-0.867850955049636,-0.17384203011418872
R2_aB_m0,2,B minus A,nees_mean,50,2415.8767776017903,1504.6400093164427,3471.7785296470774
R2_aB_m0,2,B minus A,pose_coverage,50,-0.5044390832328106,-0.6093860072376358,-0.3952852834740651
R2_aB_m0,2,C minus B,heading_rmse_deg,50,-10.757095703562086,-13.045556243497364,-8.468961209249096
R2_aB_m0,2,C minus B,pos_rmse_m,50,-1.0550991144814048,-1.309747853056261,-0.7981007906695535
R2_aB_m0,2,C minus B,nees_mean,50,-2431.5905292048865,-3456.6280061453444,-1448.4193945716468
R2_aB_m0,2,C minus B,pose_coverage,50,0.3751266586248492,0.32027020506634507,0.43212484921592276
R2_aB_m0,2,D minus C,heading_rmse_deg,50,0.6523814790883811,0.5681430514132203,0.7324804540833637
R2_aB_m0,2,D minus C,pos_rmse_m,50,0.13425715663966695,0.12084155937993611,0.14818686324142846
R2_aB_m0,2,D minus C,nees_mean,50,15.145304656666147,13.11042754367905,17.373253934190398
R2_aB_m0,2,D minus C,pose_coverage,50,-0.3058383594692401,-0.3347870928829916,-0.2759698431845597
R2_aB_m0,2,E minus D,heading_rmse_deg,50,0.6064582488859134,0.5395348332726209,0.6723243108980548
R2_aB_m0,2,E minus D,pos_rmse_m,50,-0.003097379617485818,-0.013270727853607797,0.006441911307644535
R2_aB_m0,2,E minus D,nees_mean,50,-8.022908236972786,-9.62868521112506,-6.47979481094684
R2_aB_m0,2,E minus D,pose_coverage,50,0.0744270205066345,0.045186369119420984,0.10655428226779252
R2_aB_m0,2,E minus B,heading_rmse_deg,50,-9.498255975587792,-12.030040929606113,-7.267125081807565
R2_aB_m0,2,E minus B,pos_rmse_m,50,-0.9239393374592235,-1.1960945350760144,-0.6673218428232198
R2_aB_m0,2,E minus B,nees_mean,50,-2424.4681327851927,-3453.864213197575,-1480.4375456280002
R2_aB_m0,2,E minus B,pose_coverage,50,0.14371531966224368,0.08802653799758746,0.19744873341375146
R4_aA_m0,0,B minus A,heading_rmse_deg,50,2.960612048335986,1.902533731229976,4.001324668822295
R4_aA_m0,0,B minus A,pos_rmse_m,50,0.3163712847041394,0.1182752882342066,0.5148633050030185
R4_aA_m0,0,B minus A,nees_mean,50,560.5120222893281,437.12910076338136,723.4007299535068
R4_aA_m0,0,B minus A,pose_coverage,50,-0.6963175675675676,-0.7537592905405407,-0.6298724662162163
R4_aA_m0,0,C minus B,heading_rmse_deg,50,-7.548490884127867,-8.309013505635555,-6.799248532837546
R4_aA_m0,0,C minus B,pos_rmse_m,50,-0.9982003406360598,-1.1359845314813843,-0.8721963404502269
R4_aA_m0,0,C minus B,nees_mean,50,-486.853076508448,-649.2733703739873,-358.05442988955417
R4_aA_m0,0,C minus B,pose_coverage,50,0.08581081081081081,0.06256672297297297,0.11223310810810812
R4_aA_m0,0,D minus C,heading_rmse_deg,50,0.6445036009641173,0.6157147025852401,0.6739252639688808
R4_aA_m0,0,D minus C,pos_rmse_m,50,0.012607287465343026,0.008435077153996702,0.016693509903061583
R4_aA_m0,0,D minus C,nees_mean,50,2.5925123198405395,1.8412674539339098,3.3269167100966786
R4_aA_m0,0,D minus C,pose_coverage,50,-0.1124662162162162,-0.12976520270270273,-0.09568834459459462
R4_aA_m0,0,E minus D,heading_rmse_deg,50,-0.0863029536510693,-0.10737245201186077,-0.06380716087715586
R4_aA_m0,0,E minus D,pos_rmse_m,50,0.027735002572691174,0.022286254168416633,0.03297897979262784
R4_aA_m0,0,E minus D,nees_mean,50,4.770441002669681,3.999177148304117,5.64010981815166
R4_aA_m0,0,E minus D,pose_coverage,50,0.02239864864864865,0.01722888513513513,0.027738175675675675
R4_aA_m0,0,E minus B,heading_rmse_deg,50,-6.990290236814818,-7.789183589019964,-6.232405934181725
R4_aA_m0,0,E minus B,pos_rmse_m,50,-0.9578580505980253,-1.0859525117689208,-0.8249156122135025
R4_aA_m0,0,E minus B,nees_mean,50,-479.49012318593776,-621.5018886977537,-353.7813226528434
R4_aA_m0,0,E minus B,pose_coverage,50,-0.004256756756756757,-0.02527195945945946,0.017908783783783775
R4_aA_m0,1,B minus A,heading_rmse_deg,50,3.137065047603926,1.9903372340922616,4.164982147439189
R4_aA_m0,1,B minus A,pos_rmse_m,50,0.33722100532745986,0.13162921903843286,0.5526633589355248
R4_aA_m0,1,B minus A,nees_mean,50,605.3735361573548,457.6667201753425,772.6513911653379
R4_aA_m0,1,B minus A,pose_coverage,50,-0.7028040540540539,-0.7595050675675677,-0.6321190878378379
R4_aA_m0,1,C minus B,heading_rmse_deg,50,-7.688655083305693,-8.603023844173899,-6.861808681581536
R4_aA_m0,1,C minus B,pos_rmse_m,50,-1.0142717943721253,-1.1538433250505022,-0.8723635021814817
R4_aA_m0,1,C minus B,nees_mean,50,-531.3413971465183,-697.9760319539556,-382.47557160048746
R4_aA_m0,1,C minus B,pose_coverage,50,0.0912837837837838,0.06442398648648648,0.11791385135135135
R4_aA_m0,1,D minus C,heading_rmse_deg,50,0.6295947705424717,0.5972538815859909,0.6599011379630408
R4_aA_m0,1,D minus C,pos_rmse_m,50,0.011354638128368651,0.007043560043043829,0.015392363983600882
R4_aA_m0,1,D minus C,nees_mean,50,2.3298672301257053,1.5096598311161828,3.091591770325101
R4_aA_m0,1,D minus C,pose_coverage,50,-0.10888513513513515,-0.12801013513513515,-0.08992567567567566
R4_aA_m0,1,E minus D,heading_rmse_deg,50,-0.07498674520089196,-0.09787078108485467,-0.05304427493727984
R4_aA_m0,1,E minus D,pos_rmse_m,50,0.029341471989256424,0.02320342912568414,0.03550008159312628
R4_aA_m0,1,E minus D,nees_mean,50,4.689886723415363,3.8382562253055834,5.60235707769424
R4_aA_m0,1,E minus D,pose_coverage,50,0.02070945945945946,0.016383445945945947,0.025510135135135135
R4_aA_m0,1,E minus B,heading_rmse_deg,50,-7.134047057964112,-7.94535715208897,-6.333979658434649
R4_aA_m0,1,E minus B,pos_rmse_m,50,-0.9735756842545,-1.1206881091372092,-0.8366892272604137
R4_aA_m0,1,E minus B,nees_mean,50,-524.3216431929773,-685.5300712195861,-380.56583403949656
R4_aA_m0,1,E minus B,pose_coverage,50,0.0031081081081081106,-0.017964527027027027,0.02467398648648648
R4_aA_m0,2,B minus A,heading_rmse_deg,50,2.514994045999148,1.2252624641553023,3.870850477698057
R4_aA_m0,2,B minus A,pos_rmse_m,50,0.28293544302894064,0.06103613712646445,0.5160001348770862
R4_aA_m0,2,B minus A,nees_mean,50,630.5994049733034,457.60802305749974,822.2689948034584
R4_aA_m0,2,B minus A,pose_coverage,50,-0.7058445945945947,-0.7648395270270271,-0.6345067567567567
R4_aA_m0,2,C minus B,heading_rmse_deg,50,-7.753928558272674,-8.73482299194336,-6.827193036043985
R4_aA_m0,2,C minus B,pos_rmse_m,50,-0.9973671721890573,-1.1664601055447061,-0.8474095598380038
R4_aA_m0,2,C minus B,nees_mean,50,-556.7916523080321,-745.2870086603795,-393.3551705508915
R4_aA_m0,2,C minus B,pose_coverage,50,0.09665540540540542,0.07177702702702703,0.12368327702702701
R4_aA_m0,2,D minus C,heading_rmse_deg,50,0.6046360709422767,0.5645536092859075,0.6398868481831304
R4_aA_m0,2,D minus C,pos_rmse_m,50,0.010349855051683373,0.0062097391607545994,0.014583821763349634
R4_aA_m0,2,D minus C,nees_mean,50,1.904253744747598,1.0420499173384763,2.7147015504159135
R4_aA_m0,2,D minus C,pose_coverage,50,-0.10547297297297296,-0.12473141891891891,-0.08466216216216217
R4_aA_m0,2,E minus D,heading_rmse_deg,50,-0.06330129720710742,-0.08722245535067179,-0.038893496376714215
R4_aA_m0,2,E minus D,pos_rmse_m,50,0.03022870103743199,0.02349676034387713,0.03717994702054677
R4_aA_m0,2,E minus D,nees_mean,50,4.640054298129417,3.781649877588314,5.561696391794992
R4_aA_m0,2,E minus D,pose_coverage,50,0.02347972972972973,0.018242398648648645,0.02878547297297297
R4_aA_m0,2,E minus B,heading_rmse_deg,50,-7.212593784537506,-8.19821303530637,-6.302646053288012
R4_aA_m0,2,E minus B,pos_rmse_m,50,-0.9567886160999421,-1.1210512963174502,-0.8039786696937742
R4_aA_m0,2,E minus B,nees_mean,50,-550.2473442651552,-720.0674409821028,-380.0533271425426
R4_aA_m0,2,E minus B,pose_coverage,50,0.014662162162162167,-0.007032939189189185,0.03773986486486486
R4_aB_m0,0,B minus A,heading_rmse_deg,50,-0.5976656880558742,-1.5894059423924152,0.3149844652774029
R4_aB_m0,0,B minus A,pos_rmse_m,50,-0.3353849671728999,-0.5084541829077136,-0.16562906229578875
R4_aB_m0,0,B minus A,nees_mean,50,76.72804650010988,65.5922092078733,89.89649829057922
R4_aB_m0,0,B minus A,pose_coverage,50,-0.8087837837837837,-0.8709569256756756,-0.7300278716216216
R4_aB_m0,0,C minus B,heading_rmse_deg,50,-3.8231074672107423,-4.278872984635812,-3.37610047700862
R4_aB_m0,0,C minus B,pos_rmse_m,50,-0.3264184966256499,-0.3824374312362105,-0.27485419485720824
R4_aB_m0,0,C minus B,nees_mean,50,-37.88250828352653,-53.978510552302794,-25.851268700272566
R4_aB_m0,0,C minus B,pose_coverage,50,0.00807432432432432,-0.01740371621621622,0.031355574324324315
R4_aB_m0,0,D minus C,heading_rmse_deg,50,0.8518074653029596,0.8318289632715506,0.8704243749933052
R4_aB_m0,0,D minus C,pos_rmse_m,50,0.05096141560966403,0.04941712311449478,0.05228443800107338
R4_aB_m0,0,D minus C,nees_mean,50,17.822056296957438,17.368756565040663,18.24541878606046
R4_aB_m0,0,D minus C,pose_coverage,50,-0.07773648648648648,-0.09067736486486486,-0.06624915540540541
R4_aB_m0,0,E minus D,heading_rmse_deg,50,0.17634218956864248,0.15061514632600548,0.20043964946011603
R4_aB_m0,0,E minus D,pos_rmse_m,50,-0.015647485787847505,-0.016943006674857368,-0.014331839145088707
R4_aB_m0,0,E minus D,nees_mean,50,-10.937417681502588,-11.562749960312253,-10.306176195828465
R4_aB_m0,0,E minus D,pose_coverage,50,0.03537162162162163,0.02475675675675676,0.04801266891891892
R4_aB_m0,0,E minus B,heading_rmse_deg,50,-2.79495781233914,-3.2305400116257634,-2.359679760869632
R4_aB_m0,0,E minus B,pos_rmse_m,50,-0.29110456680383334,-0.34141652067978684,-0.2380144195851907
R4_aB_m0,0,E minus B,nees_mean,50,-30.997869668071687,-46.700528944443754,-19.73165248416385
R4_aB_m0,0,E minus B,pose_coverage,50,-0.034290540540540544,-0.053581925675675685,-0.016635979729729744
R4_aB_m0,1,B minus A,heading_rmse_deg,50,-0.36515813310086975,-1.342031303399274,0.6147999605821265
R4_aB_m0,1,B minus A,pos_rmse_m,50,-0.3193741372531331,-0.4999137569678765,-0.15819738787270946
R4_aB_m0,1,B minus A,nees_mean,50,85.37214864871886,71.14594053338128,101.11407380059492
R4_aB_m0,1,B minus A,pose_coverage,50,-0.808885135135135,-0.8702508445945947,-0.7343201013513514
R4_aB_m0,1,C minus B,heading_rmse_deg,50,-4.02775759106286,-4.624396346597475,-3.435234801296712
R4_aB_m0,1,C minus B,pos_rmse_m,50,-0.3383104324330302,-0.4042594081591778,-0.2784211172419807
R4_aB_m0,1,C minus B,nees_mean,50,-46.11771657556396,-63.40492090059947,-31.324623613322284
R4_aB_m0,1,C minus B,pose_coverage,50,0.008749999999999997,-0.019128378378378382,0.03595270270270269
R4_aB_m0,1,D minus C,heading_rmse_deg,50,0.8496574820265692,0.8247089669554278,0.8721185461247599
R4_aB_m0,1,D minus C,pos_rmse_m,50,0.05009383888128234,0.04861156811787392,0.051580598329194906
R4_aB_m0,1,D minus C,nees_mean,50,17.887853855408718,17.394107300870964,18.367612327449
R4_aB_m0,1,D minus C,pose_coverage,50,-0.07672297297297297,-0.0901706081081081,-0.06378378378378378
R4_aB_m0,1,E minus D,heading_rmse_deg,50,0.1691737233177591,0.1438228586960754,0.19550805777966265
R4_aB_m0,1,E minus D,pos_rmse_m,50,-0.014867140393223066,-0.016198486785197804,-0.013602742268894793
R4_aB_m0,1,E minus D,nees_mean,50,-10.93508630214073,-11.687602633708583,-10.21186830041641
R4_aB_m0,1,E minus D,pose_coverage,50,0.034831081081081086,0.02401942567567568,0.046255067567567566
R4_aB_m0,1,E minus B,heading_rmse_deg,50,-3.008926385718532,-3.5828279287234457,-2.433976130102121
R4_aB_m0,1,E minus B,pos_rmse_m,50,-0.3030837339449709,-0.3682979662470008,-0.2376059353810866
R4_aB_m0,1,E minus B,nees_mean,50,-39.16494902229597,-56.172120026069805,-24.710495135211644
R4_aB_m0,1,E minus B,pose_coverage,50,-0.03314189189189189,-0.052690033783783785,-0.01347297297297298
R4_aB_m0,2,B minus A,heading_rmse_deg,50,-0.7262518261247928,-1.7040536803227002,0.33384681625228924
R4_aB_m0,2,B minus A,pos_rmse_m,50,-0.33716802848672045,-0.507087504400798,-0.16939492639734846
R4_aB_m0,2,B minus A,nees_mean,50,99.25682006356672,79.39108996578454,124.68651929334554
R4_aB_m0,2,B minus A,pose_coverage,50,-0.8075000000000001,-0.8759222972972974,-0.7349636824324325
R4_aB_m0,2,C minus B,heading_rmse_deg,50,-4.368902451541172,-5.099978882268298,-3.714615298636131
R4_aB_m0,2,C minus B,pos_rmse_m,50,-0.3587931635261766,-0.43428728411089784,-0.2869829576060018
R4_aB_m0,2,C minus B,nees_mean,50,-59.94778514034544,-85.26558444025542,-39.84460024052274
R4_aB_m0,2,C minus B,pose_coverage,50,0.021047297297297294,-0.013820945945945951,0.051934966216216204
R4_aB_m0,2,D minus C,heading_rmse_deg,50,0.8422868302698839,0.8073936277126855,0.8729468087074623
R4_aB_m0,2,D minus C,pos_rmse_m,50,0.04774563997133549,0.04577892079860697,0.04973346627098563
R4_aB_m0,2,D minus C,nees_mean,50,17.576537436757793,16.985446009221953,18.124799742009255
R4_aB_m0,2,D minus C,pose_coverage,50,-0.0793581081081081,-0.0956081081081081,-0.06401942567567567
R4_aB_m0,2,E minus D,heading_rmse_deg,50,0.12467332279237878,0.07838839651469552,0.16705864469084927
R4_aB_m0,2,E minus D,pos_rmse_m,50,-0.012505118110853397,-0.014022848706685485,-0.010935201333094106
R4_aB_m0,2,E minus D,nees_mean,50,-10.595485627255858,-11.231649961382603,-10.008049159970902
R4_aB_m0,2,E minus D,pose_coverage,50,0.03435810810810811,0.023374155405405404,0.047303209459459455
R4_aB_m0,2,E minus B,heading_rmse_deg,50,-3.40194229847891,-4.092250803149718,-2.7464286893534315
R4_aB_m0,2,E minus B,pos_rmse_m,50,-0.3235526416656944,-0.40233412344321035,-0.2530701345993698
R4_aB_m0,2,E minus B,nees_mean,50,-52.96673333084351,-79.78784146892475,-32.375212034181
R4_aB_m0,2,E minus B,pose_coverage,50,-0.0239527027027027,-0.047875844594594597,0.0025025337837837826
R5_aA_m0,0,B minus A,heading_rmse_deg,50,2.451598802069762,0.6174893485643914,4.395482244462952
R5_aA_m0,0,B minus A,pos_rmse_m,50,0.3485118172033554,0.11852303359269632,0.5904903746040806
R5_aA_m0,0,B minus A,nees_mean,50,1952.33470529988,573.3381327540658,3637.236384456214
R5_aA_m0,0,B minus A,pose_coverage,50,-0.651604743083004,-0.7210221343873517,-0.5829545454545454
R5_aA_m0,0,C minus B,heading_rmse_deg,50,-11.57884061982024,-13.10571632834578,-10.171404379850312
R5_aA_m0,0,C minus B,pos_rmse_m,50,-1.4726455125753648,-1.700840461819882,-1.2821835983018404
R5_aA_m0,0,C minus B,nees_mean,50,-1839.4805518311807,-3435.1877772800635,-512.7529277023999
R5_aA_m0,0,C minus B,pose_coverage,50,0.1010592885375494,0.09340671936758892,0.10907628458498024
R5_aA_m0,0,D minus C,heading_rmse_deg,50,3.9941232066821435,3.8863038794050184,4.0708712776851055
R5_aA_m0,0,D minus C,pos_rmse_m,50,0.520295107730475,0.491578522001269,0.5603454006631049
R5_aA_m0,0,D minus C,nees_mean,50,68.3608166889941,36.77792927914956,113.19644613518079
R5_aA_m0,0,D minus C,pose_coverage,50,-0.09097233201581027,-0.09897391304347826,-0.08178260869565217
R5_aA_m0,0,E minus D,heading_rmse_deg,50,4.956734202749427,4.519837606857489,5.376870892337524
R5_aA_m0,0,E minus D,pos_rmse_m,50,0.6441056507725298,0.5624087653294096,0.7133123383782409
R5_aA_m0,0,E minus D,nees_mean,50,310.10351307986326,242.8755476439455,370.4295138721443
R5_aA_m0,0,E minus D,pose_coverage,50,0.07895652173913043,0.05826600790513835,0.10049090909090909
R5_aA_m0,0,E minus B,heading_rmse_deg,50,-2.627983210388668,-4.568147337180395,-1.1079261824640272
R5_aA_m0,0,E minus B,pos_rmse_m,50,-0.3082447540723601,-0.5538474510664849,-0.10691344030310498
R5_aA_m0,0,E minus B,nees_mean,50,-1461.016222062323,-3364.3160142421325,-89.84957180376226
R5_aA_m0,0,E minus B,pose_coverage,50,0.08904347826086957,0.06607114624505928,0.11325731225296441
R5_aA_m0,1,B minus A,heading_rmse_deg,50,1.5435262991195804,-0.6543393630810168,3.825529298871211
R5_aA_m0,1,B minus A,pos_rmse_m,50,0.2612746442622762,-0.0032001202164149926,0.5333372866223611
R5_aA_m0,1,B minus A,nees_mean,50,1975.691868095414,659.35424959312,3512.612339877082
R5_aA_m0,1,B minus A,pose_coverage,50,-0.6090592885375493,-0.6731252964426877,-0.5405806324110671
R5_aA_m0,1,C minus B,heading_rmse_deg,50,-11.724554069797138,-13.396637985143256,-10.300482658284967
R5_aA_m0,1,C minus B,pos_rmse_m,50,-1.49536556176911,-1.7119650634289183,-1.291102110144865
R5_aA_m0,1,C minus B,nees_mean,50,-1873.6930713356896,-3481.644134746879,-584.1878689671602
R5_aA_m0,1,C minus B,pose_coverage,50,0.10719367588932807,0.09216482213438736,0.12434308300395258
R5_aA_m0,1,D minus C,heading_rmse_deg,50,3.9835390055024167,3.8774779302850755,4.05900628766771
R5_aA_m0,1,D minus C,pos_rmse_m,50,0.4996666573797039,0.47825936198285823,0.5210459635762277
R5_aA_m0,1,D minus C,nees_mean,50,63.182423868248016,41.05375280334167,91.03548015903361
R5_aA_m0,1,D minus C,pose_coverage,50,-0.08826877470355733,-0.10730474308300395,-0.07050750988142294
R5_aA_m0,1,E minus D,heading_rmse_deg,50,5.224963908652342,4.659231380127078,5.741315164301767
R5_aA_m0,1,E minus D,pos_rmse_m,50,0.6933032683973955,0.6184211632298516,0.754848083775966
R5_aA_m0,1,E minus D,nees_mean,50,354.3168269724342,287.9769148238749,416.37847667640966
R5_aA_m0,1,E minus D,pose_coverage,50,0.06105928853754941,0.044252964426877484,0.07765335968379447
R5_aA_m0,1,E minus B,heading_rmse_deg,50,-2.5160511556423817,-4.225694007809705,-1.0923827976925917
R5_aA_m0,1,E minus B,pos_rmse_m,50,-0.30239563599201097,-0.5529500531507475,-0.11169232864218188
R5_aA_m0,1,E minus B,nees_mean,50,-1456.1938204950077,-3245.3926879249525,-151.1893454748758
R5_aA_m0,1,E minus B,pose_coverage,50,0.07998418972332016,0.06080434782608695,0.09864426877470357
R5_aA_m0,2,B minus A,heading_rmse_deg,50,-3.9638762297304817,-7.613874606227502,-0.5091646742616871
R5_aA_m0,2,B minus A,pos_rmse_m,50,-0.2389130212067583,-0.6054027694029189,0.1503402203465179
R5_aA_m0,2,B minus A,nees_mean,50,2401.672208402066,858.7315207909791,4804.67944391946
R5_aA_m0,2,B minus A,pose_coverage,50,-0.4455652173913044,-0.5513177865612648,-0.3435209486166009
R5_aA_m0,2,C minus B,heading_rmse_deg,50,-11.826285880583773,-13.783520569754563,-10.025220326619262
R5_aA_m0,2,C minus B,pos_rmse_m,50,-1.5122061349860596,-1.7704516574002764,-1.2754661361804178
R5_aA_m0,2,C minus B,nees_mean,50,-2329.2603983244785,-4432.656757997656,-915.3047246759058
R5_aA_m0,2,C minus B,pose_coverage,50,0.11845059288537549,0.08372924901185771,0.15823715415019762
R5_aA_m0,2,D minus C,heading_rmse_deg,50,3.916529815585798,3.807425315239496,4.007522045904439
R5_aA_m0,2,D minus C,pos_rmse_m,50,0.488116067994288,0.46297535715326105,0.5130359560573634
R5_aA_m0,2,D minus C,nees_mean,50,83.64816594880239,51.22130458222752,123.95638474176452
R5_aA_m0,2,D minus C,pose_coverage,50,-0.09998418972332015,-0.1361699604743083,-0.06632766798418974
R5_aA_m0,2,E minus D,heading_rmse_deg,50,4.817774749253132,3.43750442453589,6.057261107979928
R5_aA_m0,2,E minus D,pos_rmse_m,50,0.626835898780991,0.46939855334124103,0.8072089278843769
R5_aA_m0,2,E minus D,nees_mean,50,384.4028569895352,255.78223159875827,511.09724267117844
R5_aA_m0,2,E minus D,pose_coverage,50,0.06324110671936758,0.032472332015810276,0.0954181818181818
R5_aA_m0,2,E minus B,heading_rmse_deg,50,-3.0919813157448415,-5.2670142873465275,-1.1518981949509244
R5_aA_m0,2,E minus B,pos_rmse_m,50,-0.3972541682107804,-0.6725342959427698,-0.1382696144645056
R5_aA_m0,2,E minus B,nees_mean,50,-1861.209375386141,-3864.707371018187,-343.97187334434
R5_aA_m0,2,E minus B,pose_coverage,50,0.08170750988142292,0.04981660079051384,0.11404189723320157
R5_aB_m0,0,B minus A,heading_rmse_deg,50,0.4632763938715715,-1.87205960225895,2.9421264755940415
R5_aB_m0,0,B minus A,pos_rmse_m,50,-0.25009442717208885,-0.4858719076821447,-0.017630446211240134
R5_aB_m0,0,B minus A,nees_mean,50,1041.8916234816463,549.9712672682331,1686.2910409607373
R5_aB_m0,0,B minus A,pose_coverage,50,-0.5542450592885375,-0.6262545454545455,-0.47961343873517787
R5_aB_m0,0,C minus B,heading_rmse_deg,50,-9.63365854701071,-11.70670343749931,-7.7168328081224455
R5_aB_m0,0,C minus B,pos_rmse_m,50,-0.9239946886380938,-1.1360256492276661,-0.7221795542694491
R5_aB_m0,0,C minus B,nees_mean,50,-991.3189715179569,-1592.406460226932,-502.519668294473
R5_aB_m0,0,C minus B,pose_coverage,50,0.11750197628458499,0.0689897233201581,0.16704150197628456
R5_aB_m0,0,D minus C,heading_rmse_deg,50,1.6490853730074608,1.4539785247309018,1.911304726811139
R5_aB_m0,0,D minus C,pos_rmse_m,50,0.12763531840102607,0.11316932203519607,0.14300828426974768
R5_aB_m0,0,D minus C,nees_mean,50,-12.776389582367255,-24.19646688453695,-0.4448122396171602
R5_aB_m0,0,D minus C,pose_coverage,50,-0.19312252964426876,-0.22253359683794466,-0.1636529644268775
R5_aB_m0,0,E minus D,heading_rmse_deg,50,-0.4626226974321306,-0.7703942971539767,-0.2128531993855304
R5_aB_m0,0,E minus D,pos_rmse_m,50,-0.06071542154460979,-0.07981195602674525,-0.04616279834486152
R5_aB_m0,0,E minus D,nees_mean,50,-31.76595201793978,-44.10670100908111,-22.350298703113115
R5_aB_m0,0,E minus D,pose_coverage,50,0.3100079051383399,0.2811837944664031,0.33624110671936763
R5_aB_m0,0,E minus B,heading_rmse_deg,50,-8.447195871435381,-10.544332524603735,-6.565706102000732
R5_aB_m0,0,E minus B,pos_rmse_m,50,-0.8570747917816773,-1.0644050542048937,-0.6667468681384366
R5_aB_m0,0,E minus B,nees_mean,50,-1035.861313118264,-1636.3977263185054,-548.7348138979158
R5_aB_m0,0,E minus B,pose_coverage,50,0.2343873517786561,0.19784189723320159,0.2720173913043479
R5_aB_m0,1,B minus A,heading_rmse_deg,50,0.1263901641136293,-2.586068364442227,2.9633501770712827
R5_aB_m0,1,B minus A,pos_rmse_m,50,-0.2873223445473259,-0.5221951046604102,-0.02395261993252529
R5_aB_m0,1,B minus A,nees_mean,50,1239.3373021646541,681.4928497160332,1868.0971823742852
R5_aB_m0,1,B minus A,pose_coverage,50,-0.5317470355731225,-0.6139482213438735,-0.4427308300395257
R5_aB_m0,1,C minus B,heading_rmse_deg,50,-10.380735622997488,-12.581048617070403,-8.304200463491739
R5_aB_m0,1,C minus B,pos_rmse_m,50,-1.0002657422640622,-1.2090174611658049,-0.7938430234807495
R5_aB_m0,1,C minus B,nees_mean,50,-1199.8982597730062,-1861.6625024157297,-647.6193806710369
R5_aB_m0,1,C minus B,pose_coverage,50,0.1576758893280632,0.10745573122529643,0.2030857707509881
R5_aB_m0,1,D minus C,heading_rmse_deg,50,1.6421309525608954,1.4351168052329746,1.9139526755741338
R5_aB_m0,1,D minus C,pos_rmse_m,50,0.12390475695668543,0.11131397633495309,0.13971734968060273
R5_aB_m0,1,D minus C,nees_mean,50,26.315082019174252,-16.708749836455958,100.56479279126837
R5_aB_m0,1,D minus C,pose_coverage,50,-0.21217391304347827,-0.24449130434782604,-0.18061857707509887
R5_aB_m0,1,E minus D,heading_rmse_deg,50,-0.3170352194670604,-0.6907430986375812,0.12036617830132336
R5_aB_m0,1,E minus D,pos_rmse_m,50,-0.0326339233252628,-0.06575868001052723,0.02054865888830318
R5_aB_m0,1,E minus D,nees_mean,50,-44.57960019595601,-130.6261285469833,14.830963632045593
R5_aB_m0,1,E minus D,pose_coverage,50,0.2881422924901186,0.24934703557312254,0.32472569169960475
R5_aB_m0,1,E minus B,heading_rmse_deg,50,-9.055639889903654,-11.222236351554656,-7.048807576878821
R5_aB_m0,1,E minus B,pos_rmse_m,50,-0.9089949086326397,-1.1090056114459717,-0.7196715834196956
R5_aB_m0,1,E minus B,nees_mean,50,-1218.162777949788,-1893.9774163503837,-670.9830607063993
R5_aB_m0,1,E minus B,pose_coverage,50,0.23364426877470357,0.19725889328063242,0.27380830039525694
R5_aB_m0,2,B minus A,heading_rmse_deg,50,-4.0242317381321575,-7.8061127592488475,-0.10010026068451816
R5_aB_m0,2,B minus A,pos_rmse_m,50,-0.6894258504498477,-1.0474258625066075,-0.31904035216792326
R5_aB_m0,2,B minus A,nees_mean,50,1672.2095433165969,931.4756473110832,2430.7996223956743
R5_aB_m0,2,B minus A,pose_coverage,50,-0.43443478260869567,-0.5457711462450593,-0.32684229249011865
R5_aB_m0,2,C minus B,heading_rmse_deg,50,-11.859859258019478,-14.371196586293319,-9.629162788859658
R5_aB_m0,2,C minus B,pos_rmse_m,50,-1.1239202326016093,-1.343393659104198,-0.9100360393736769
R5_aB_m0,2,C minus B,nees_mean,50,-1660.6653627864382,-2504.0514074976686,-937.1037810920187
R5_aB_m0,2,C minus B,pose_coverage,50,0.21334387351778655,0.1686098814229249,0.253300790513834
R5_aB_m0,2,D minus C,heading_rmse_deg,50,1.5517525817572764,1.3301560790549205,1.8177375447147401
R5_aB_m0,2,D minus C,pos_rmse_m,50,0.12109944576033028,0.10746249770871569,0.13700187582397358
R5_aB_m0,2,D minus C,nees_mean,50,-0.8516137250777995,-13.722311542166121,11.451401094631322
R5_aB_m0,2,D minus C,pose_coverage,50,-0.21067193675889329,-0.24593320158102763,-0.17180948616600789
R5_aB_m0,2,E minus D,heading_rmse_deg,50,-0.15390590875211496,-0.5553446143363481,0.30347281947589705
R5_aB_m0,2,E minus D,pos_rmse_m,50,-0.02413264087659196,-0.057688219256050555,0.027743879928524895
R5_aB_m0,2,E minus D,nees_mean,50,-9.91945117309192,-38.41167963237007,38.42521437705685
R5_aB_m0,2,E minus D,pose_coverage,50,0.2582766798418972,0.2186296442687747,0.2945905138339921
R5_aB_m0,2,E minus B,heading_rmse_deg,50,-10.462012585014318,-13.038719384664992,-8.281382000424099
R5_aB_m0,2,E minus B,pos_rmse_m,50,-1.026953427717871,-1.2566741451401744,-0.8242842138598419
R5_aB_m0,2,E minus B,nees_mean,50,-1671.436427684608,-2419.513753492054,-979.706905387085
R5_aB_m0,2,E minus B,pose_coverage,50,0.2609486166007905,0.2203628458498024,0.3006466403162055
