route,baseline,filter,heading_rmse_median,nees_mean
R2,range_s_P0,ekf,2.757539871416288,73.6336357767263
R2,range_s_P0,gsf,5.938692905187899,72.84115031354763
R2,range_s_P0,iekf,2.8418632965210326,94.36415229566087
R2,range_s_P0,ukf,2.7918073015778635,39.9415667779643
R2,range_s_P1_T20,ekf,2.6543006262851905,40.884911111539104
R2,range_s_P1_T20,gsf,3.922810553438075,57.02960193268449
R2,range_s_P1_T20,iekf,2.684481861704759,43.26463000154523
R2,range_s_P1_T20,ukf,2.65539665829787,32.864291223230275
R4,range_s_P0,ekf,1.84137054521958,13.457299379085415
R4,range_s_P0,gsf,2.698138981935257,12.075273459201963
R4,range_s_P0,iekf,1.8338235014948945,13.328746049612048
R4,range_s_P0,ukf,1.8522083964476357,13.280987732833607
R4,range_s_P1_T20,ekf,1.4446616397159509,11.799466453267348
R4,range_s_P1_T20,gsf,2.65266148588469,12.457590441659825
R4,range_s_P1_T20,iekf,1.4319358145678154,11.698757315041096
R4,range_s_P1_T20,ukf,1.475070066156667,11.7851055708395
R5,range_s_P0,ekf,4.401198658435073,45.470828148783454
R5,range_s_P0,gsf,4.373091785263345,39.5811039949069
R5,range_s_P0,iekf,4.423231024211841,48.27314384528363
R5,range_s_P0,ukf,4.381857008910494,35.55222799183141
R5,range_s_P1_T20,ekf,3.0528545959631,47.16468299941563
R5,range_s_P1_T20,gsf,2.4237080491346257,37.01693799376729
R5,range_s_P1_T20,iekf,3.067928052357021,47.89820380098615
R5,range_s_P1_T20,ukf,3.0713798897122255,44.598386737084546
