route,anchor,lateral,mount_deg,drift,snr_db,ub_T10,ub_T20,ub_T60,ub_P0,largest_T_ok
R2,A,0.0,0.0,0,10.0,0.0,1.2801387684301795,12.45261472785485,54.004945717732205,20
R2,A,0.0,0.0,0,30.0,0.0,1.6461405030355567,14.017075773745994,58.93377563329312,20
R2,A,0.0,0.0,1,10.0,0.0,1.602775368603641,12.926360725720379,53.88468033775633,20
R2,A,0.0,0.0,1,30.0,0.0,1.6582827406764935,14.21782283884738,55.80470446320868,20
R2,A,0.0,0.0,2,10.0,0.0,1.8542931483087577,16.394877267876197,46.76960193003618,20
R2,A,0.0,0.0,2,30.0,0.0,2.0190806591500414,16.648986125933824,52.25355850422196,20
R2,A,0.0,45.0,0,10.0,0.0,0.0,0.0,0.0,60
R2,A,0.0,45.0,0,30.0,0.0,0.0,0.0,0.0,60
R2,A,0.0,45.0,1,10.0,0.0,0.0,0.0,0.0,60
R2,A,0.0,45.0,1,30.0,0.0,0.0,0.0,0.0,60
R2,A,0.0,45.0,2,10.0,0.0,0.0,0.0,0.0,60
R2,A,0.0,45.0,2,30.0,0.0,0.0,0.0,0.0,60
R2,B,0.0,0.0,0,10.0,0.0,0.0,0.0,0.1833534378769598,60
R2,B,0.0,0.0,0,30.0,0.0,0.0,0.0,0.0,60
R2,B,0.0,0.0,1,10.0,0.0,0.0,0.044823906083244006,1.331724969843184,60
R2,B,0.0,0.0,1,30.0,0.0,0.0,0.0,0.0,60
R2,B,0.0,0.0,2,10.0,0.0,0.0,0.6061899679829237,3.6863691194209878,60
R2,B,0.0,0.0,2,30.0,0.0,0.0,0.31376734258271044,0.5066344993968628,60
R2,B,0.0,45.0,0,10.0,0.0081245768449554,0.0,0.0,0.0,60
R2,B,0.0,45.0,0,30.0,0.0,0.0,0.0,0.0,60
R2,B,0.0,45.0,1,10.0,0.0365605958023014,0.0,0.0,0.0,60
R2,B,0.0,45.0,1,30.0,0.0,0.0,0.0,0.0,60
R2,B,0.0,45.0,2,10.0,0.2789438050101552,0.0,0.0,0.0,60
R2,B,0.0,45.0,2,30.0,0.0,0.0,0.0,0.0,60
R4,A,0.0,0.0,0,10.0,0.0,0.0,0.0,0.0,60
R4,A,0.0,0.0,0,30.0,0.0,0.0,0.0,0.0,60
R4,A,0.0,0.0,1,10.0,0.0,0.0,0.0,0.0,60
R4,A,0.0,0.0,1,30.0,0.0,0.0,0.0,0.0,60
R4,A,0.0,0.0,2,10.0,0.0,0.0,0.0,0.0,60
R4,A,0.0,0.0,2,30.0,0.0,0.0,0.0,0.0,60
R4,A,0.0,45.0,0,10.0,0.0,0.0,0.0,0.0,60
R4,A,0.0,45.0,0,30.0,0.0,0.0,0.0,0.0,60
R4,A,0.0,45.0,1,10.0,0.0,0.0,0.0,0.0,60
R4,A,0.0,45.0,1,30.0,0.0,0.0,0.0,0.0,60
R4,A,0.0,45.0,2,10.0,0.0,0.0,0.0,0.0,60
R4,A,0.0,45.0,2,30.0,0.0,0.0,0.0,0.0,60
R4,B,0.0,0.0,0,10.0,0.0,0.0,0.0,0.0,60
R4,B,0.0,0.0,0,30.0,0.0,0.0,0.0,0.0,60
R4,B,0.0,0.0,1,10.0,0.0,0.0,0.0,0.0,60
R4,B,0.0,0.0,1,30.0,0.0,0.0,0.0,0.0,60
R4,B,0.0,0.0,2,10.0,0.0,0.0,0.0,0.0,60
R4,B,0.0,0.0,2,30.0,0.0,0.0,0.0,0.0,60
R4,B,0.0,45.0,0,10.0,0.0,0.0,0.0,0.0,60
R4,B,0.0,45.0,0,30.0,0.0,0.0,0.0,0.0,60
R4,B,0.0,45.0,1,10.0,0.0,0.0,0.0,0.0,60
R4,B,0.0,45.0,1,30.0,0.0,0.0,0.0,0.0,60
R4,B,0.0,45.0,2,10.0,0.0,0.0,0.0,0.0,60
R4,B,0.0,45.0,2,30.0,0.0,0.0,0.0,0.0,60
R5,A,0.0,0.0,0,10.0,0.0,12.2204270051933,20.05393896380411,10.467984189723316,10
R5,A,0.0,0.0,0,30.0,0.0,15.483035199076744,19.856635911994314,8.284584980237149,10
R5,A,0.0,0.0,1,10.0,0.0,11.778476630121173,21.84116394606103,12.120237154150196,10
R5,A,0.0,0.0,1,30.0,0.0,13.97230236583958,19.950319375443573,9.642687747035568,10
R5,A,0.0,0.0,2,10.0,0.0,11.735776110790534,22.99936124911284,15.470434782608692,10
R5,A,0.0,0.0,2,30.0,0.0,14.37628390075014,21.596877217885016,11.649090909090903,10
R5,A,0.0,45.0,0,10.0,0.0163562017264878,0.47547605308713187,5.274733853797015,0.8522529644268759,60
R5,A,0.0,45.0,0,30.0,0.056338028169013205,0.11886901327178241,13.115684882895664,3.4924901185770723,20
R5,A,0.0,45.0,1,10.0,0.0736029077691954,0.5631852279284472,6.28672817601135,2.0632411067193663,60
R5,A,0.0,45.0,1,30.0,0.15265788278055242,1.0271206001154054,14.026969481902052,5.826086956521737,20
R5,A,0.0,45.0,2,10.0,0.19354838709677363,0.598961338718983,6.442867281760112,3.5131225296442654,60
R5,A,0.0,45.0,2,30.0,0.2853248523398446,1.4183496826312734,14.750887154009929,7.69660079051383,20
R5,B,0.0,0.0,0,10.0,0.0,0.0,0.6557842441447826,5.70450592885375,60
R5,B,0.0,0.0,0,30.0,0.0,0.0,1.4591909155429372,3.728063241106717,60
R5,B,0.0,0.0,1,10.0,0.0,0.0,0.4811923349893536,6.369960474308299,60
R5,B,0.0,0.0,1,30.0,0.0,0.0,1.6408800567778559,4.1929644268774675,60
R5,B,0.0,0.0,2,10.0,0.0,0.0,2.719730305180977,10.270513833992089,60
R5,B,0.0,0.0,2,30.0,0.0,0.0,2.804826117814051,8.400079051383397,60
R5,B,0.0,45.0,0,10.0,0.0,0.0,0.0,0.0,60
R5,B,0.0,45.0,0,30.0,0.0,0.0,0.0,0.0,60
R5,B,0.0,45.0,1,10.0,0.0,0.0,0.06813342796309439,0.0,60
R5,B,0.0,45.0,1,30.0,0.0,0.0,0.0,0.0,60
R5,B,0.0,45.0,2,10.0,0.0,0.0,0.0,0.0,60
R5,B,0.0,45.0,2,30.0,0.0,0.0,0.0,0.0,60
