route,anchor,lateral,mount_deg,drift,snr_db,n,median_a,median_b,median_diff,ci_lo,ci_hi,median_rel_improvement,p,p_holm,significant,improved,worse
R2,A,0.0,0.0,0,10.0,50,2.2512262726197227,0.4423619286516136,1.7361221681205778,1.223526255554964,2.3785873546021437,0.7964532671094738,4.4941828036826337e-13,1.1684875289574848e-11,True,True,False
R2,A,0.0,0.0,0,30.0,50,2.2512262726197227,0.4223525020120833,1.7728706894419153,1.2267856492495277,2.3473425939292554,0.7970466342636328,6.590283874174929e-13,1.5157652910602337e-11,True,True,False
R2,A,0.0,0.0,1,10.0,50,1.5877828719964027,0.48563536579826017,1.1124728218396513,0.6497230373388445,1.8689252375838157,0.7000958957965149,7.94031507211912e-13,1.7468693158662063e-11,True,True,False
R2,A,0.0,0.0,1,30.0,50,1.5877828719964027,0.420022377280193,1.1241268572019356,0.6901243659568069,1.7803910574389321,0.7230625758242282,2.239985974483716e-12,4.703970546415803e-11,True,True,False
R2,A,0.0,0.0,2,10.0,50,3.2494048210096493,0.3856550878517918,2.676896126539544,1.4422376225635465,3.715618037738338,0.8510852608833428,1.5631940186722204e-13,5.7838178690872155e-12,True,True,False
R2,A,0.0,0.0,2,30.0,50,3.2494048210096493,0.3390540050495987,2.644251267543524,1.2596297812441035,3.7843767117699207,0.8707132308391436,1.2434497875801753e-13,4.849454171562684e-12,True,True,False
R2,A,0.0,45.0,0,10.0,50,2.2512262726197227,0.15077509150851476,2.0592651933659605,1.5432781420447619,2.5790566865372084,0.9257182121994768,1.2434497875801753e-14,6.714628852932947e-13,True,True,False
R2,A,0.0,45.0,0,30.0,50,2.2512262726197227,0.14114155064820322,2.07436681385224,1.5767292944079863,2.60581595106032,0.926058533787593,8.881784197001252e-15,5.240252676230739e-13,True,True,False
R2,A,0.0,45.0,1,10.0,50,1.5877828719964027,0.15470379493289826,1.4033460967313973,0.9676450975434543,2.0595670845456877,0.8952676740320296,3.552713678800501e-15,2.4158453015843406e-13,True,True,False
R2,A,0.0,45.0,1,30.0,50,1.5877828719964027,0.14121892489027355,1.3993309988695635,1.0106606501087056,2.089337720233214,0.9048550334873269,1.7763568394002505e-14,9.059419880941277e-13,True,True,False
R2,A,0.0,45.0,2,10.0,50,3.2494048210096493,0.15460505461510798,2.9725668875140485,1.6066163486855312,3.965922948552584,0.9434627169342678,3.552713678800501e-15,2.4158453015843406e-13,True,True,False
R2,A,0.0,45.0,2,30.0,50,3.2494048210096493,0.14899357659503626,2.974750078921137,1.6148130089426063,4.00763507060944,0.9465229004692336,3.552713678800501e-15,2.4158453015843406e-13,True,True,False
R2,B,0.0,0.0,0,10.0,50,2.2512262726197227,0.30875936531884135,1.8825829067794553,1.4336167062859801,2.4203160342725285,0.8584158123723948,8.881784197001252e-15,5.240252676230739e-13,True,True,False
R2,B,0.0,0.0,0,30.0,50,2.2512262726197227,0.2628076139981014,1.9933083364588375,1.463935671165241,2.427648863347557,0.8712782979323229,5.329070518200751e-15,3.3573144264664734e-13,True,True,False
R2,B,0.0,0.0,1,10.0,50,1.5877828719964027,0.2737802410781456,1.4251124775575004,0.9165779906917905,2.1247582802187477,0.8664138241607844,3.6770586575585185e-13,9.928058375408e-12,True,True,False
R2,B,0.0,0.0,1,30.0,50,1.5877828719964027,0.26525029746777357,1.3980040337094528,0.8420624873358578,2.101249863645982,0.8525771770719125,1.9539925233402755e-13,6.643574579356937e-12,True,True,False
R2,B,0.0,0.0,2,10.0,50,3.2494048210096493,0.3073330476206907,2.858938771366204,1.597971984774106,3.9443625749609263,0.9186860682591084,7.638334409421077e-14,3.1317171078626416e-12,True,True,False
R2,B,0.0,0.0,2,30.0,50,3.2494048210096493,0.27334222484155046,2.8830569730981654,1.6176669209374528,3.888348615281993,0.9056233727300703,5.861977570020827e-14,2.637889906509372e-12,True,True,False
R2,B,0.0,45.0,0,10.0,50,2.2512262726197227,0.2833282365308012,1.9318872958388162,1.4943045900136482,2.417207220469485,0.8645858950519716,5.861977570020827e-14,2.637889906509372e-12,True,True,False
R2,B,0.0,45.0,0,30.0,50,2.2512262726197227,0.32205439917791445,1.8756768248465223,1.4312677557967088,2.371778269676907,0.8380910111556151,1.9539925233402755e-13,6.643574579356937e-12,True,True,False
R2,B,0.0,45.0,1,10.0,50,1.5877828719964027,0.2788947056660221,1.303649736424381,0.8461603490113294,2.0153558317964935,0.8306108512447927,2.433608869978343e-13,7.30082660993503e-12,True,True,False
R2,B,0.0,45.0,1,30.0,50,1.5877828719964027,0.3241773935315002,1.2662135258422413,0.7930883635019694,1.8674734664785242,0.7751722536147337,4.4941828036826337e-13,1.1684875289574848e-11,True,True,False
R2,B,0.0,45.0,2,10.0,50,3.2494048210096493,0.2979536903284139,2.770847610388837,1.4653503201996267,3.8328058531659064,0.890899713706597,3.375077994860476e-14,1.5862866575844237e-12,True,True,False
R2,B,0.0,45.0,2,30.0,50,3.2494048210096493,0.3335909246004836,2.71397403854684,1.379866868905681,3.7681531630328458,0.8824431200901462,7.638334409421077e-14,3.1317171078626416e-12,True,True,False
R4,A,0.0,0.0,0,10.0,50,1.62094670836432,0.8305316664797326,0.7333250496518351,0.45335897039252127,0.9561756901868596,0.4577596126577484,1.4895306321704993e-08,1.4895306321704993e-07,True,True,False
R4,A,0.0,0.0,0,30.0,50,1.62094670836432,0.9264145116652003,0.6487981752655603,0.3752402971787524,0.9394827195034415,0.4175006813370478,4.578190981874286e-08,3.662552785499429e-07,True,True,False
R4,A,0.0,0.0,1,10.0,50,1.0751030432753739,0.8243812947974237,0.17781999548314126,-0.1708885393227172,0.455006653606536,0.1598315933537548,0.037166605079788084,0.07433321015957617,False,False,False
R4,A,0.0,0.0,1,30.0,50,1.0751030432753739,0.8975199804499212,0.09271526670202196,-0.16251554916193467,0.3347614318814909,0.08152091429488059,0.10953049393459402,0.10953049393459402,False,False,False
R4,A,0.0,0.0,2,10.0,50,1.5429729895973736,0.8425039990293413,0.6838907692646641,0.21317091647257747,1.1821691209347616,0.42531812938134794,7.111603951059919e-06,4.2669623706359516e-05,True,True,False
R4,A,0.0,0.0,2,30.0,50,1.5429729895973736,0.9375106989724142,0.620622404114432,0.22933569443252727,1.1930151344855449,0.411544373686735,3.128163219123792e-05,0.0001564081609561896,True,True,False
R4,A,0.0,45.0,0,10.0,50,1.62094670836432,0.660977955161614,0.8808549251344411,0.6382368074330436,1.1878338037415253,0.5655142168996112,2.022026990289305e-11,3.639648582520749e-10,True,True,False
R4,A,0.0,45.0,0,30.0,50,1.62094670836432,0.7549826805271311,0.7915594225432756,0.5685994207663311,1.1012070647607097,0.5165675398686064,1.616786704516926e-10,2.2635013863236964e-09,True,True,False
R4,A,0.0,45.0,1,10.0,50,1.0751030432753739,0.6761688710592432,0.3628351293950974,0.13667831754398096,0.6054530193372314,0.33043852590034195,0.0003378810943459598,0.0013515243773838392,True,True,False
R4,A,0.0,45.0,1,30.0,50,1.0751030432753739,0.7480406958855246,0.3019887158485202,0.0519431363877948,0.45721947983276484,0.26773855000247077,0.004912360514200742,0.014737081542602226,False,False,False
R4,A,0.0,45.0,2,10.0,50,1.5429729895973736,0.6728468535746441,0.9273052102954835,0.3108697409343385,1.4599141916986547,0.5338161471438845,3.918623114884667e-08,3.5267608033962006e-07,True,True,False
R4,A,0.0,45.0,2,30.0,50,1.5429729895973736,0.742391292213189,0.8104042165520102,0.28841510013905597,1.3815844988012143,0.5122857312544413,6.354784893858323e-07,4.448349425700826e-06,True,True,False
R4,B,0.0,0.0,0,10.0,50,1.62094670836432,0.17176571892197356,1.4552462894242364,1.1845647513542612,1.6070381840052508,0.8929647966059782,1.7763568394002505e-15,1.2789769243681803e-13,True,True,False
R4,B,0.0,0.0,0,30.0,50,1.62094670836432,0.18509561267234587,1.4436704291034697,1.1848110790565873,1.6225435597983462,0.8833565421930301,1.7763568394002505e-15,1.2789769243681803e-13,True,True,False
R4,B,0.0,0.0,1,10.0,50,1.0751030432753739,0.17209568420173893,0.8795448691825098,0.4842176347618515,1.0740133209543739,0.8443667953038082,2.6343371928305714e-12,5.268674385661143e-11,True,True,False
R4,B,0.0,0.0,1,30.0,50,1.0751030432753739,0.191188018080437,0.8662802688662078,0.5148317352812583,1.0698139666443738,0.8283416984309131,6.616929226765933e-12,1.2572165530855273e-10,True,True,False
R4,B,0.0,0.0,2,10.0,50,1.5429729895973736,0.16868838057554114,1.4091995311366605,0.8428473690650509,1.8814933422161755,0.886194135385122,8.881784197001252e-15,5.240252676230739e-13,True,True,False
R4,B,0.0,0.0,2,30.0,50,1.5429729895973736,0.18846870934356416,1.392038523434819,0.811463659251571,1.863026899129999,0.8715194492663851,2.4868995751603507e-14,1.2434497875801753e-12,True,True,False
R4,B,0.0,45.0,0,10.0,50,1.62094670836432,0.2931804267682684,1.3879881774690102,1.0827548570704777,1.5339872493850555,0.832518949726513,3.552713678800501e-15,2.4158453015843406e-13,True,True,False
R4,B,0.0,45.0,0,30.0,50,1.62094670836432,0.3308573035929376,1.3597175993286026,1.045971505356825,1.5107620623846247,0.8051734163506992,8.881784197001252e-15,5.240252676230739e-13,True,True,False
R4,B,0.0,45.0,1,10.0,50,1.0751030432753739,0.2818471541291495,0.797547264414056,0.4148917923371665,0.9926050294581583,0.7313513130872542,7.237197507947712e-10,8.684637009537255e-09,True,True,False
R4,B,0.0,45.0,1,30.0,50,1.0751030432753739,0.3266015782074328,0.756635069451763,0.4008317129144291,0.9290839165388316,0.6901433499105465,1.5961560961841315e-09,1.7557717058025446e-08,True,True,False
R4,B,0.0,45.0,2,10.0,50,1.5429729895973736,0.278444359980407,1.3838731895049414,0.675440937756074,1.80468618040531,0.8161328930851373,2.433608869978343e-13,7.30082660993503e-12,True,True,False
R4,B,0.0,45.0,2,30.0,50,1.5429729895973736,0.32924029648655595,1.340944141763249,0.6347201081226371,1.792484377363548,0.7780639617370755,4.4941828036826337e-13,1.1684875289574848e-11,True,True,False
R5,A,0.0,0.0,0,10.0,50,1.6161738834170345,0.7897945614205332,1.0558923833138136,0.6022482796921443,1.3922732650793213,0.676136513241698,3.489741828843762e-10,4.536664377496891e-09,True,True,False
R5,A,0.0,0.0,0,30.0,50,1.6161738834170345,0.634271587920586,1.1297613374400808,0.654828332436635,1.4474311558384756,0.6909341981193666,9.07522945681194e-11,1.361284418521791e-09,True,True,False
R5,A,0.0,0.0,1,10.0,50,2.000582706530272,0.7069888152425126,1.2849865199966604,0.9903950258365589,2.3198839299110716,0.7391878941317813,6.337863567296154e-11,1.0140581707673846e-09,True,True,False
R5,A,0.0,0.0,1,30.0,50,2.000582706530272,0.700596327882401,1.3031365367662509,1.027747390665661,2.2571659144520297,0.7395630124235593,4.9604764740251994e-11,8.432810005842839e-10,True,True,False
R5,A,0.0,0.0,2,10.0,50,2.4996625051921684,0.921248711022046,1.6224914433346034,1.3497264596823382,2.5535258885761105,0.6976966424504893,1.5631940186722204e-13,5.7838178690872155e-12,True,True,False
R5,A,0.0,0.0,2,30.0,50,2.4996625051921684,0.9593999226274964,1.7067163304904733,1.3625123842558438,2.4838860367469033,0.6961224819857179,5.861977570020827e-14,2.637889906509372e-12,True,True,False
R5,A,0.0,45.0,0,10.0,50,1.6161738834170345,0.3598496553932059,1.4071417279963376,0.9634982618422582,1.6036564503129291,0.8188364855718346,2.4868995751603507e-14,1.2434497875801753e-12,True,True,False
R5,A,0.0,45.0,0,30.0,50,1.6161738834170345,0.3276241276169626,1.4049237410181705,0.9972927585115272,1.6134303513383337,0.8459619542431778,8.881784197001252e-15,5.240252676230739e-13,True,True,False
R5,A,0.0,45.0,1,10.0,50,2.000582706530272,0.3275100511302339,1.6442040104706357,1.2021756578632423,2.588379612002597,0.8530419932608015,3.0020430585864233e-13,8.405720564041985e-12,True,True,False
R5,A,0.0,45.0,1,30.0,50,2.000582706530272,0.29339109393938284,1.662361489270171,1.2400378138693864,2.694286301104605,0.8449920316674542,1.9539925233402755e-13,6.643574579356937e-12,True,True,False
R5,A,0.0,45.0,2,10.0,50,2.4996625051921684,0.3749028386651361,2.122046023277593,1.661786208727007,2.916498990255509,0.8624672349059839,1.7763568394002505e-15,1.2789769243681803e-13,True,True,False
R5,A,0.0,45.0,2,30.0,50,2.4996625051921684,0.3410084556080437,2.1204576148756002,1.6503543669513427,3.0179314338202445,0.8613139101179369,1.7763568394002505e-15,1.2789769243681803e-13,True,True,False
R5,B,0.0,0.0,0,10.0,50,1.6161738834170345,0.27891998439007754,1.2806315450905896,0.9895917490487522,1.8317662781354604,0.847896598591132,1.2434497875801753e-13,4.849454171562684e-12,True,True,False
R5,B,0.0,0.0,0,30.0,50,1.6161738834170345,0.2859053303521417,1.3462480587520071,1.0099380296400449,1.868426376165782,0.8354372616670818,2.4868995751603507e-14,1.2434497875801753e-12,True,True,False
R5,B,0.0,0.0,1,10.0,50,2.000582706530272,0.37751123524031305,1.5645527999024575,1.3695591171366401,2.4038269111985446,0.8003153278115596,1.5631940186722204e-13,5.7838178690872155e-12,True,True,False
R5,B,0.0,0.0,1,30.0,50,2.000582706530272,0.3537977301674742,1.707972508837007,1.4794330385005245,2.4584879297773314,0.8421725538713827,1.9539925233402755e-13,6.643574579356937e-12,True,True,False
R5,B,0.0,0.0,2,10.0,50,2.4996625051921684,0.31257658746989425,2.085046000576725,1.6590956400251764,2.9762139272012935,0.8685649793075104,5.329070518200751e-15,3.3573144264664734e-13,True,True,False
R5,B,0.0,0.0,2,30.0,50,2.4996625051921684,0.2813628224532755,2.2602721345087935,1.7440545112150312,3.246327967203732,0.8804010193725769,5.329070518200751e-15,3.3573144264664734e-13,True,True,False
R5,B,0.0,45.0,0,10.0,50,1.6161738834170345,0.28137098166376706,1.3041532742114055,1.0365431744371518,1.7065149231009775,0.8454750301667266,1.2434497875801753e-14,6.714628852932947e-13,True,True,False
R5,B,0.0,45.0,0,30.0,50,1.6161738834170345,0.29700494014158674,1.3087712761228243,1.0577109116870076,1.6706098302736194,0.8334160361133671,1.2434497875801753e-14,6.714628852932947e-13,True,True,False
R5,B,0.0,45.0,1,10.0,50,2.000582706530272,0.27832740506266396,1.689996855920941,1.3315490980540836,2.548222139634131,0.8617895616740178,3.375077994860476e-14,1.5862866575844237e-12,True,True,False
R5,B,0.0,45.0,1,30.0,50,2.000582706530272,0.28903993587682425,1.6376948438830947,1.3740808906765745,2.5671158294470877,0.8701122581745422,5.861977570020827e-14,2.637889906509372e-12,True,True,False
R5,B,0.0,45.0,2,10.0,50,2.4996625051921684,0.272985996707499,2.3239710441232715,1.7722430019467326,3.3710277159840683,0.9031446435692516,3.552713678800501e-15,2.4158453015843406e-13,True,True,False
R5,B,0.0,45.0,2,30.0,50,2.4996625051921684,0.2798221593746924,2.2986997093460575,1.7214030079103382,3.3355987847454367,0.9095534419714879,5.329070518200751e-15,3.3573144264664734e-13,True,True,False
