route,lateral,mount_deg,drift,snr_db,n,median_a,median_b,median_diff,ci_lo,ci_hi,median_rel_improvement,p,p_holm,significant,improved,worse
R2,0.0,0.0,0,10.0,50,10.880846327452122,2.473806573519349,8.216335736868537,7.466833397279244,8.838780800977398,0.7488941754331943,1.7763568394002505e-15,6.394884621840902e-14,True,True,False
R2,0.0,0.0,0,30.0,50,10.778207136466701,1.9848694489645147,8.892279216142114,8.715480280399277,9.016151451180221,0.8107552950520726,1.7763568394002505e-15,6.394884621840902e-14,True,True,False
R2,0.0,0.0,1,10.0,50,10.706171194870393,2.685120916814955,7.533077413131873,6.523031633326698,8.679214295130073,0.7244034245330577,1.7763568394002505e-15,6.394884621840902e-14,True,True,False
R2,0.0,0.0,1,30.0,50,10.841425409398816,2.14990983540313,8.831919388383813,8.565807942272233,9.02697610906985,0.8108778242814736,1.7763568394002505e-15,6.394884621840902e-14,True,True,False
R2,0.0,0.0,2,10.0,50,9.233331674113387,2.7474308700519163,6.112856827488898,5.345321687888101,7.646597282371491,0.689744653315649,8.881784197001252e-15,1.865174681370263e-13,True,True,False
R2,0.0,0.0,2,30.0,50,10.643141044955254,2.3627391730754495,8.641440548375698,7.784751788908434,8.994698848483818,0.7664970375094234,1.7763568394002505e-15,6.394884621840902e-14,True,True,False
R2,0.0,45.0,0,10.0,50,1.6976974198982069,3.1718359712322126,-1.4033293810656082,-2.0731156382490146,-1.0475243003023675,-0.8371180187058125,1.7763568394002505e-15,6.394884621840902e-14,True,False,True
R2,0.0,45.0,0,30.0,50,1.5484423966957648,3.905615701674794,-2.240746062614514,-2.4211599953584244,-1.5183770066718378,-1.3470114315834074,1.7763568394002505e-15,6.394884621840902e-14,True,False,True
R2,0.0,45.0,1,10.0,50,1.6673641311441405,3.5203032118810214,-1.7139529077933044,-2.118419127173699,-1.1403175232143035,-1.0294357488543446,1.7763568394002505e-15,6.394884621840902e-14,True,False,True
R2,0.0,45.0,1,30.0,50,1.5469403674571862,3.442688636036509,-1.9085456181135825,-2.393688411114403,-1.3766843807664753,-1.1646361153021818,1.7763568394002505e-15,6.394884621840902e-14,True,False,True
R2,0.0,45.0,2,10.0,50,1.6893597978568757,3.9557163519211036,-1.788455168030267,-2.343855083324075,-1.043370228486167,-0.9413734957709206,3.375077994860476e-14,6.750155989720952e-13,True,False,True
R2,0.0,45.0,2,30.0,50,1.585951037410295,4.171875659020383,-2.4803608812335156,-2.6897429704670452,-1.3393768168030225,-1.4214967736727817,1.7763568394002505e-15,6.394884621840902e-14,True,False,True
R4,0.0,0.0,0,10.0,50,1.474007895146797,1.669105739762814,-0.16487517686435071,-0.2118271236131286,-0.08040812403699737,-0.11103665357188723,1.859966783257505e-06,1.856623181595296e-05,True,False,True
R4,0.0,0.0,0,30.0,50,1.784503591831064,1.6374133682578063,0.1121201887300518,0.07314212353359362,0.1617957800344989,0.06310325756141541,0.00011903464815610221,0.000595173240780511,True,False,False
R4,0.0,0.0,1,10.0,50,1.4622377676422844,1.7011305716367309,-0.21462426491502895,-0.28967092490701296,-0.11565503425194068,-0.14128494248586343,1.5471859846627467e-06,1.856623181595296e-05,True,False,True
R4,0.0,0.0,1,30.0,50,1.7908141537433653,1.6446554051874007,0.12029374845704177,0.03463447807189568,0.18694912762577598,0.06673326226508372,5.121092026350027e-05,0.0003072655215810016,True,False,False
R4,0.0,0.0,2,10.0,50,1.5041668177947778,1.7568282141969334,-0.2598615603283947,-0.3417336089632197,-0.13254438892626752,-0.16881621370329264,2.8338981969966426e-06,2.267118557597314e-05,True,False,True
R4,0.0,0.0,2,30.0,50,1.7851407530336232,1.678779999300279,0.0827319182627122,0.006038462100591113,0.1257031101402316,0.048180716762403104,0.0003378810943459598,0.0013515243773838392,True,False,False
R4,0.0,45.0,0,10.0,50,2.0008344204571427,2.0314526697066784,0.005578183716281604,-0.18296562893699775,0.11199984590489964,0.0027605759761772488,0.6051405400941228,0.6944137454892463,False,False,False
R4,0.0,45.0,0,30.0,50,2.0616160964214165,2.4589989977467814,-0.39185103664761467,-0.4958791472201973,-0.29455679553207004,-0.18572283041299198,3.918623114884667e-08,5.877934672327001e-07,True,False,True
R4,0.0,45.0,1,10.0,50,2.0243925567633774,2.0981110352291603,-0.12048096070910319,-0.1766209598177828,-0.01482607386614787,-0.05872641510605144,0.34720687274462314,0.6944137454892463,False,False,False
R4,0.0,45.0,1,30.0,50,2.0840563043966474,2.498508885842993,-0.41332879156092495,-0.4890648211342994,-0.2700345538981861,-0.202276204359634,3.7055123414120317e-09,6.299370980400454e-08,True,False,True
R4,0.0,45.0,2,10.0,50,1.99580320000158,2.100990631129184,-0.0904170176155491,-0.28887525142055637,0.04422408326381966,-0.04976170320727456,0.14874176207376877,0.4462252862213063,False,False,False
R4,0.0,45.0,2,30.0,50,2.077009709552664,2.4847953512222385,-0.37359684481404987,-0.5124056996195254,-0.3066826901723263,-0.1780067151824405,3.8819791825517314e-10,6.9875625285931164e-09,True,False,True
R5,0.0,0.0,0,10.0,50,5.748517401376992,2.461151790702068,2.9896994784203694,2.1925849293181408,3.382753291196357,0.5654132562115256,2.0039570713947796e-07,2.8055398999526915e-06,True,True,False
R5,0.0,0.0,0,30.0,50,5.212473223247833,2.621244645710373,2.4311493136245623,0.994529990548386,2.8032010687201314,0.4935460569403044,2.2451841275028528e-08,3.5922946040045645e-07,True,True,False
R5,0.0,0.0,1,10.0,50,5.83921553533383,2.9088009810237265,2.8466050108081173,1.4144531367669158,3.2013650352117193,0.4839610190133346,9.364108866094512e-07,1.2173341525922865e-05,True,True,False
R5,0.0,0.0,1,30.0,50,5.311212205463921,2.914337776382798,2.3620904302653103,0.5785882885758955,2.9128592210214936,0.4405878611351757,1.5471859846627467e-06,1.856623181595296e-05,True,True,False
R5,0.0,0.0,2,10.0,50,6.356702574323855,3.5323652909440355,2.465877507066219,1.3388158480622807,3.5820907465883836,0.40818490678663655,1.6455253124547653e-06,1.856623181595296e-05,True,True,False
R5,0.0,0.0,2,30.0,50,5.6471155688353445,3.305792720617252,2.181662460288735,0.5040280307598364,2.8416311352605472,0.4130233115107679,1.8759072675678112e-05,0.00013131350872974679,True,True,False
R5,0.0,45.0,0,10.0,50,4.151300123132097,2.577186278430595,1.6490165139546533,1.375551749804575,1.7880313977107742,0.3902701719578766,3.552713678800501e-15,7.815970093361102e-14,True,True,False
R5,0.0,45.0,0,30.0,50,4.821083043388489,2.6681966922588476,2.1670281026500366,2.077395363158536,2.325218836569705,0.45399776321159147,1.7763568394002505e-15,6.394884621840902e-14,True,True,False
R5,0.0,45.0,1,10.0,50,4.260856501735748,2.6016171891302218,1.6073500913997252,1.4470750174428935,1.775184026800778,0.38880679011072905,1.7763568394002505e-15,6.394884621840902e-14,True,True,False
R5,0.0,45.0,1,30.0,50,5.0212832875482105,2.7563878188313553,2.17317115753716,1.9661001265304776,2.3345137418340807,0.46030143595691264,1.7763568394002505e-15,6.394884621840902e-14,True,True,False
R5,0.0,45.0,2,10.0,50,4.154289926430643,2.7932772094185325,1.585117141037423,1.3439235510154521,1.9138163397387293,0.3857109336978342,5.453415496958769e-13,1.0361489444221661e-11,True,True,False
R5,0.0,45.0,2,30.0,50,4.85396757269343,2.909354512557202,2.482399488742873,2.2409260532331414,2.6912117893080145,0.4704607747493423,1.7763568394002505e-15,6.394884621840902e-14,True,True,False
