route,anchor,mount_deg,odom_imu,gyro_only,range,range_s_P0,range_s_P0_noturn,range_s_P1_T60,range_s_P1_T20,range_s_P1_T10,inverse_heading_P0
R2,A,0.0,9.74,8.34,7.08,10.71,12.59,6.5,4.79,2.77,14.94
R2,A,45.0,9.74,8.34,6.87,1.61,2.3,1.83,1.91,2.67,1.83
R2,B,0.0,9.74,8.34,6.35,2.31,3.93,1.78,1.73,1.66,18.7
R2,B,45.0,9.74,8.34,6.02,3.79,3.38,3.47,4.05,2.18,4.37
R4,A,0.0,5.39,7.4,4.75,1.66,1.47,1.67,1.35,1.62,1.86
R4,A,45.0,5.39,7.4,5.22,2.05,1.39,1.48,0.87,1.51,1.7
R4,B,0.0,5.39,7.4,2.62,1.68,1.76,1.65,1.64,1.88,1.51
R4,B,45.0,5.39,7.4,2.64,2.31,1.27,2.15,1.72,2.48,1.77
R5,A,0.0,10.28,9.64,5.29,5.53,6.15,7.03,6.96,3.06,21.43
R5,A,45.0,10.28,9.64,6.69,4.59,4.3,5.36,3.89,3.8,3.18
R5,B,0.0,10.28,9.64,10.31,2.98,2.98,2.11,2.38,1.96,33.15
R5,B,45.0,10.28,9.64,6.88,2.69,2.42,2.61,1.76,1.6,3.85
