arm,seed,drift,heading_rmse_deg,pos_rmse_m,nees_mean
A0_real_real,0,0,0.0,0.0,0.0
A0_real_real,1,0,0.0,0.0,0.0
A0_real_real,2,0,0.0,0.0,0.0
A0_real_real,3,0,0.0,0.0,0.0
A0_real_real,4,0,0.0,0.0,0.0
A0_real_real,0,1,0.0,0.0,0.0
A0_real_real,1,1,0.0,0.0,0.0
A0_real_real,2,1,1.7763568394002505e-15,1.1102230246251565e-16,0.0
A0_real_real,3,1,0.0,0.0,0.0
A0_real_real,4,1,1.7763568394002505e-15,0.0,1.4210854715202004e-14
A0_real_real,0,2,0.0,0.0,0.0
A0_real_real,1,2,1.7763568394002505e-15,0.0,0.0
A0_real_real,2,2,0.0,0.0,0.0
A0_real_real,3,2,0.0,0.0,0.0
A0_real_real,4,2,1.7763568394002505e-15,0.0,0.0
M0_Rmatched_Rmatched,0,0,0.0,8.326672684688674e-17,0.0
M0_Rmatched_Rmatched,1,0,0.0,5.551115123125783e-17,4.440892098500626e-16
M0_Rmatched_Rmatched,2,0,0.0,0.0,0.0
M0_Rmatched_Rmatched,3,0,0.0,5.551115123125783e-17,0.0
M0_Rmatched_Rmatched,4,0,0.0,2.7755575615628914e-17,2.220446049250313e-16
M0_Rmatched_Rmatched,0,1,0.0,0.0,0.0
M0_Rmatched_Rmatched,1,1,0.0,2.7755575615628914e-17,0.0
M0_Rmatched_Rmatched,2,1,0.0,8.326672684688674e-17,0.0
M0_Rmatched_Rmatched,3,1,0.0,0.0,0.0
M0_Rmatched_Rmatched,4,1,0.0,0.0,0.0
M0_Rmatched_Rmatched,0,2,0.0,8.326672684688674e-17,0.0
M0_Rmatched_Rmatched,1,2,1.1102230246251565e-16,0.0,0.0
M0_Rmatched_Rmatched,2,2,0.0,0.0,0.0
M0_Rmatched_Rmatched,3,2,0.0,4.163336342344337e-17,0.0
M0_Rmatched_Rmatched,4,2,0.0,0.0,4.440892098500626e-16
S3_ar1,0,0,0.0,0.0,0.0
S3_ar1,1,0,0.0,0.0,0.0
S3_ar1,2,0,0.0,0.0,1.4210854715202004e-14
S3_ar1,3,0,0.0,0.0,0.0
S3_ar1,4,0,0.0,0.0,0.0
S3_ar1,0,1,0.0,0.0,0.0
S3_ar1,1,1,0.0,5.551115123125783e-17,0.0
S3_ar1,2,1,0.0,0.0,0.0
S3_ar1,3,1,0.0,0.0,2.842170943040401e-14
S3_ar1,4,1,0.0,0.0,1.4210854715202004e-14
S3_ar1,0,2,0.0,0.0,1.4210854715202004e-14
S3_ar1,1,2,0.0,0.0,1.4210854715202004e-14
S3_ar1,2,2,0.0,0.0,0.0
S3_ar1,3,2,0.0,0.0,0.0
S3_ar1,4,2,0.0,0.0,0.0
S8_real,0,0,0.0,0.0,1.4210854715202004e-14
S8_real,1,0,0.0,0.0,0.0
S8_real,2,0,0.0,1.1102230246251565e-16,0.0
S8_real,3,0,0.0,0.0,0.0
S8_real,4,0,0.0,0.0,0.0
S8_real,0,1,0.0,0.0,0.0
S8_real,1,1,1.7763568394002505e-15,0.0,0.0
S8_real,2,1,0.0,0.0,0.0
S8_real,3,1,0.0,0.0,1.4210854715202004e-14
S8_real,4,1,0.0,0.0,1.4210854715202004e-14
S8_real,0,2,0.0,0.0,0.0
S8_real,1,2,0.0,0.0,0.0
S8_real,2,2,0.0,0.0,1.4210854715202004e-14
S8_real,3,2,1.7763568394002505e-15,0.0,0.0
S8_real,4,2,1.7763568394002505e-15,0.0,0.0
R1_bias,0,0,0.0,5.551115123125783e-17,1.7763568394002505e-15
R1_bias,1,0,0.0,5.551115123125783e-17,0.0
R1_bias,2,0,0.0,0.0,0.0
R1_bias,3,0,0.0,2.7755575615628914e-17,0.0
R1_bias,4,0,0.0,2.7755575615628914e-17,0.0
R1_bias,0,1,0.0,2.7755575615628914e-17,0.0
R1_bias,1,1,2.220446049250313e-16,5.551115123125783e-17,0.0
R1_bias,2,1,0.0,8.326672684688674e-17,0.0
R1_bias,3,1,0.0,0.0,0.0
R1_bias,4,1,2.220446049250313e-16,2.7755575615628914e-17,0.0
R1_bias,0,2,0.0,0.0,0.0
R1_bias,1,2,0.0,5.551115123125783e-17,0.0
R1_bias,2,2,0.0,0.0,0.0
R1_bias,3,2,0.0,8.326672684688674e-17,1.7763568394002505e-15
R1_bias,4,2,2.220446049250313e-16,5.551115123125783e-17,0.0
R2_ar0,0,0,0.0,8.326672684688674e-17,0.0
R2_ar0,1,0,0.0,5.551115123125783e-17,0.0
R2_ar0,2,0,2.220446049250313e-16,5.551115123125783e-17,0.0
R2_ar0,3,0,0.0,5.551115123125783e-17,0.0
R2_ar0,4,0,0.0,0.0,0.0
R2_ar0,0,1,0.0,0.0,0.0
R2_ar0,1,1,0.0,0.0,0.0
R2_ar0,2,1,0.0,5.551115123125783e-17,0.0
R2_ar0,3,1,0.0,0.0,3.552713678800501e-15
R2_ar0,4,1,0.0,0.0,0.0
R2_ar0,0,2,0.0,5.551115123125783e-17,0.0
R2_ar0,1,2,0.0,5.551115123125783e-17,0.0
R2_ar0,2,2,0.0,0.0,0.0
R2_ar0,3,2,0.0,8.326672684688674e-17,0.0
R2_ar0,4,2,0.0,5.551115123125783e-17,0.0
R3_ar1,0,0,0.0,0.0,0.0
R3_ar1,1,0,0.0,5.551115123125783e-17,0.0
R3_ar1,2,0,2.220446049250313e-16,5.551115123125783e-17,0.0
R3_ar1,3,0,2.220446049250313e-16,0.0,0.0
R3_ar1,4,0,0.0,0.0,0.0
R3_ar1,0,1,2.220446049250313e-16,0.0,0.0
R3_ar1,1,1,0.0,5.551115123125783e-17,0.0
R3_ar1,2,1,0.0,5.551115123125783e-17,0.0
R3_ar1,3,1,0.0,0.0,0.0
R3_ar1,4,1,2.220446049250313e-16,5.551115123125783e-17,0.0
R3_ar1,0,2,0.0,2.7755575615628914e-17,0.0
R3_ar1,1,2,0.0,5.551115123125783e-17,0.0
R3_ar1,2,2,0.0,0.0,0.0
R3_ar1,3,2,0.0,0.0,0.0
R3_ar1,4,2,0.0,5.551115123125783e-17,0.0
R4_iid,0,0,0.0,2.7755575615628914e-17,0.0
R4_iid,1,0,0.0,5.551115123125783e-17,0.0
R4_iid,2,0,0.0,0.0,0.0
R4_iid,3,0,0.0,0.0,0.0
R4_iid,4,0,0.0,5.551115123125783e-17,0.0
R4_iid,0,1,0.0,5.551115123125783e-17,0.0
R4_iid,1,1,2.220446049250313e-16,0.0,0.0
R4_iid,2,1,0.0,2.7755575615628914e-17,0.0
R4_iid,3,1,0.0,0.0,0.0
R4_iid,4,1,2.220446049250313e-16,5.551115123125783e-17,0.0
R4_iid,0,2,0.0,0.0,0.0
R4_iid,1,2,0.0,5.551115123125783e-17,0.0
R4_iid,2,2,4.440892098500626e-16,0.0,0.0
R4_iid,3,2,0.0,2.7755575615628914e-17,0.0
R4_iid,4,2,0.0,5.551115123125783e-17,0.0
R5_realdem,0,0,0.0,0.0,1.7763568394002505e-15
R5_realdem,1,0,0.0,2.7755575615628914e-17,0.0
R5_realdem,2,0,0.0,0.0,0.0
R5_realdem,3,0,0.0,0.0,0.0
R5_realdem,4,0,1.1102230246251565e-16,8.326672684688674e-17,0.0
R5_realdem,0,1,0.0,0.0,0.0
R5_realdem,1,1,0.0,0.0,0.0
R5_realdem,2,1,4.440892098500626e-16,0.0,1.7763568394002505e-15
R5_realdem,3,1,0.0,1.1102230246251565e-16,0.0
R5_realdem,4,1,0.0,0.0,0.0
R5_realdem,0,2,4.440892098500626e-16,5.551115123125783e-17,0.0
R5_realdem,1,2,4.440892098500626e-16,0.0,0.0
R5_realdem,2,2,0.0,0.0,3.552713678800501e-15
R5_realdem,3,2,0.0,0.0,1.7763568394002505e-15
R5_realdem,4,2,0.0,0.0,0.0
R6_distbin,0,0,0.0,2.7755575615628914e-17,0.0
R6_distbin,1,0,0.0,0.0,0.0
R6_distbin,2,0,0.0,2.7755575615628914e-17,0.0
R6_distbin,3,0,2.220446049250313e-16,5.551115123125783e-17,0.0
R6_distbin,4,0,0.0,8.326672684688674e-17,0.0
R6_distbin,0,1,0.0,0.0,0.0
R6_distbin,1,1,0.0,5.551115123125783e-17,0.0
R6_distbin,2,1,0.0,2.7755575615628914e-17,0.0
R6_distbin,3,1,0.0,0.0,0.0
R6_distbin,4,1,0.0,5.551115123125783e-17,1.7763568394002505e-15
R6_distbin,0,2,0.0,5.551115123125783e-17,0.0
R6_distbin,1,2,4.440892098500626e-16,5.551115123125783e-17,0.0
R6_distbin,2,2,0.0,0.0,0.0
R6_distbin,3,2,4.440892098500626e-16,2.7755575615628914e-17,1.7763568394002505e-15
R6_distbin,4,2,0.0,0.0,0.0
R7_tapbin,0,0,0.0,5.551115123125783e-17,0.0
R7_tapbin,1,0,0.0,0.0,0.0
R7_tapbin,2,0,0.0,5.551115123125783e-17,0.0
R7_tapbin,3,0,0.0,2.7755575615628914e-17,0.0
R7_tapbin,4,0,0.0,0.0,0.0
R7_tapbin,0,1,0.0,2.7755575615628914e-17,0.0
R7_tapbin,1,1,0.0,8.326672684688674e-17,0.0
R7_tapbin,2,1,2.220446049250313e-16,2.7755575615628914e-17,0.0
R7_tapbin,3,1,0.0,5.551115123125783e-17,0.0
R7_tapbin,4,1,0.0,0.0,0.0
R7_tapbin,0,2,0.0,5.551115123125783e-17,0.0
R7_tapbin,1,2,4.440892098500626e-16,0.0,0.0
R7_tapbin,2,2,0.0,0.0,0.0
R7_tapbin,3,2,0.0,5.551115123125783e-17,0.0
R7_tapbin,4,2,0.0,0.0,0.0
R8_real,0,0,0.0,0.0,0.0
R8_real,1,0,0.0,2.7755575615628914e-17,0.0
R8_real,2,0,0.0,2.7755575615628914e-17,0.0
R8_real,3,0,0.0,1.3877787807814457e-17,0.0
R8_real,4,0,0.0,5.551115123125783e-17,0.0
R8_real,0,1,0.0,5.551115123125783e-17,0.0
R8_real,1,1,0.0,2.7755575615628914e-17,0.0
R8_real,2,1,0.0,8.326672684688674e-17,0.0
R8_real,3,1,2.220446049250313e-16,0.0,0.0
R8_real,4,1,2.220446049250313e-16,5.551115123125783e-17,1.7763568394002505e-15
R8_real,0,2,0.0,0.0,1.7763568394002505e-15
R8_real,1,2,0.0,0.0,3.552713678800501e-15
R8_real,2,2,0.0,5.551115123125783e-17,0.0
R8_real,3,2,0.0,0.0,0.0
R8_real,4,2,0.0,5.551115123125783e-17,1.7763568394002505e-15
J1_ar_indep,0,0,0.0,0.0,2.842170943040401e-14
J1_ar_indep,1,0,0.0,0.0,0.0
J1_ar_indep,2,0,4.440892098500626e-16,0.0,0.0
J1_ar_indep,3,0,0.0,0.0,0.0
J1_ar_indep,4,0,0.0,0.0,0.0
J1_ar_indep,0,1,0.0,0.0,0.0
J1_ar_indep,1,1,0.0,0.0,0.0
J1_ar_indep,2,1,0.0,0.0,0.0
J1_ar_indep,3,1,0.0,0.0,0.0
J1_ar_indep,4,1,0.0,0.0,0.0
J1_ar_indep,0,2,0.0,0.0,0.0
J1_ar_indep,1,2,0.0,0.0,0.0
J1_ar_indep,2,2,0.0,0.0,0.0
J1_ar_indep,3,2,0.0,0.0,0.0
J1_ar_indep,4,2,0.0,0.0,2.842170943040401e-14
J2_ar_corr,0,0,0.0,0.0,0.0
J2_ar_corr,1,0,0.0,0.0,0.0
J2_ar_corr,2,0,0.0,0.0,0.0
J2_ar_corr,3,0,1.7763568394002505e-15,0.0,0.0
J2_ar_corr,4,0,0.0,0.0,0.0
J2_ar_corr,0,1,0.0,0.0,0.0
J2_ar_corr,1,1,0.0,5.551115123125783e-17,0.0
J2_ar_corr,2,1,0.0,0.0,0.0
J2_ar_corr,3,1,0.0,0.0,0.0
J2_ar_corr,4,1,0.0,0.0,0.0
J2_ar_corr,0,2,0.0,0.0,0.0
J2_ar_corr,1,2,0.0,0.0,0.0
J2_ar_corr,2,2,1.7763568394002505e-15,0.0,2.842170943040401e-14
J2_ar_corr,3,2,0.0,0.0,0.0
J2_ar_corr,4,2,0.0,0.0,0.0
J3_joint_block,0,0,0.0,5.551115123125783e-17,1.7763568394002505e-15
J3_joint_block,1,0,0.0,2.220446049250313e-16,1.4210854715202004e-14
J3_joint_block,2,0,0.0,0.0,0.0
J3_joint_block,3,0,0.0,0.0,0.0
J3_joint_block,4,0,0.0,0.0,0.0
J3_joint_block,0,1,0.0,0.0,0.0
J3_joint_block,1,1,4.440892098500626e-16,0.0,0.0
J3_joint_block,2,1,0.0,0.0,0.0
J3_joint_block,3,1,0.0,0.0,0.0
J3_joint_block,4,1,0.0,0.0,0.0
J3_joint_block,0,2,0.0,0.0,0.0
J3_joint_block,1,2,0.0,2.220446049250313e-16,0.0
J3_joint_block,2,2,0.0,5.551115123125783e-17,0.0
J3_joint_block,3,2,0.0,0.0,0.0
J3_joint_block,4,2,0.0,0.0,0.0
