route,bin,n,q_mean,correct_fraction
R2,0,2808,0.07250591039182755,0.17165242165242164
R2,1,21134,0.15695124910513106,0.23653827954954101
R2,2,34646,0.2504003080483924,0.29836056110373493
R2,3,39527,0.35252553881685517,0.30617046575758344
R2,4,53264,0.452031640379709,0.30010889155902676
R2,5,71135,0.5506299073634662,0.45046742110072396
R2,6,36784,0.6383960297093618,0.5122879512831666
R2,7,12189,0.7501388713067606,0.7338583969152515
R2,8,10363,0.83958377812164,0.9105471388594036
R2,9,44,0.9049537556598657,1.0
R4,0,2010,0.05607248793076574,0.16965174129353233
R4,1,4123,0.1526379773401453,0.2939607082221683
R4,2,7976,0.258999012403318,0.42339518555667
R4,3,17906,0.35559253091208015,0.5762314308053167
R4,4,27202,0.4528930513081756,0.6224174693037277
R4,5,34443,0.5511172340036589,0.6852771245245768
R4,6,36686,0.6508069897157708,0.801150302567737
R4,7,30544,0.7466406355703638,0.8191788894709272
R4,8,11637,0.8292169419412958,0.8986852281515855
R4,9,2,0.9018614911170484,1.0
R5,0,6097,0.0727283172267934,0.10070526488436936
R5,1,27601,0.15803015336507562,0.2063693344444042
R5,2,53828,0.25140288893373935,0.3646615144534443
R5,3,54938,0.35050493036455405,0.4303032509374204
R5,4,35138,0.44201372201453104,0.44365074847743186
R5,5,15108,0.548959710936814,0.44896743447180304
R5,6,5816,0.636125281001265,0.422111416781293
R5,7,3135,0.7489342131910626,0.5422647527910686
R5,8,990,0.8460898363032752,0.6747474747474748
R5,9,1565,0.9748952096636638,0.7003194888178914
