case,drift,arm,heading_rmse_deg,pos_rmse_m,lateral_rmse_m,heading_abs_p95_deg,nees_mean,pose_coverage,heading_coverage,nees_lower_fraction,nees_upper_fraction,s_nis_pregate,s_nis_accepted,s_reject_rate,s_harmful_accepted_fraction
R2_aA_m0,0,A,9.33554291159087,1.189730008043918,1.1253870978164389,15.212983255196537,7.170959263476583,0.8531966224366707,0.9774185765983112,0.052786489746682756,0.12653799758745476,,,,
R2_aA_m0,0,B,9.190373414672365,1.6411524950267227,1.5176079009339147,16.920819407021604,1001.7480035914417,0.14731001206272618,0.25582629674306395,0.004294330518697226,0.8478890229191798,,,,
R2_aA_m0,0,C,0.6178770769156788,0.10889339545327878,0.09173042930404636,1.2708059482495464,59.693184515733236,0.3585283474065139,0.9926899879372738,0.008009650180940893,0.6075753920386007,0.0203872335062477,0.0203872335062477,0.0,0.3519903498190591
R2_aA_m0,0,D,7.7886517148493715,0.9858915705255513,0.872117592916811,14.590516822034779,1156.4199197785772,0.16393244873341373,0.16967430639324488,0.005186972255729795,0.8325452352231605,4.521038193308108,0.8776742633757051,0.0739686369119421,0.4514183342442822
R2_aA_m0,0,E,5.439874049550583,0.8702109603160584,0.7873974264852681,12.135808875323473,426.69976471378436,0.16702050663449938,0.5002653799758745,0.005331724969843184,0.8289264173703258,0.49630169079310327,0.3365639926416904,0.0120627291496085,0.5460470185507807
R2_aA_m0,1,A,9.849978716852402,1.251416061181728,1.178198878244182,15.85968104253041,9.261404640798812,0.8178287092882991,0.9625331724969842,0.040844390832328104,0.15010856453558505,,,,
R2_aA_m0,1,B,9.227334724801217,1.6465754839041435,1.5241947825616193,17.19627663739088,1024.0002649402763,0.14653799758745475,0.24762364294330516,0.0030880579010856453,0.8483232810615199,,,,
R2_aA_m0,1,C,0.65984268023921,0.11027612262198595,0.09319730965223715,1.313531578035085,60.011409185604855,0.3476477683956574,0.9881061519903498,0.006417370325693606,0.6184800965018095,0.02126373556138923,0.02126373556138923,0.0,0.3269481302774427
R2_aA_m0,1,D,7.766205321955152,0.9852640075082985,0.8717170574867619,14.550923675099074,1696.5861193433336,0.16378769601930035,0.16950542822677925,0.005211097708082027,0.8327382388419783,4.520129793237366,0.8789135300675203,0.07363088057901086,0.45583332852327646
R2_aA_m0,1,E,5.370752434617904,0.8550349279311561,0.7760127759131612,12.00136400269626,401.995422230057,0.16668275030156818,0.5014957780458383,0.0052834740651387215,0.8294089264173704,0.49101409460859274,0.33724366099943814,0.011656764633752134,0.5372606946211518
R2_aA_m0,2,A,14.286849431795456,1.660706964800201,1.53622987847669,21.806898833411697,26.609188234365515,0.6603860072376356,0.8164776839565743,0.01278648974668275,0.29054282267792525,,,,
R2_aA_m0,2,B,9.633928939016808,1.6898023301683045,1.5679635359388655,18.160013987431103,1178.5770362348915,0.13905910735826296,0.2175392038600724,0.0014234016887816647,0.8545235223160433,,,,
R2_aA_m0,2,C,0.7818378107959131,0.11456091697636968,0.09736288546343796,1.5760388070701543,60.73178083550539,0.32540410132689984,0.9716043425814235,0.003522316043425814,0.6341857659831122,0.023204109692752,0.023204109692752,0.0,0.307285886610374
R2_aA_m0,2,D,7.878515973108939,0.9946835000667427,0.8821323167831777,14.653664959966195,1160.2440236525638,0.16050663449939687,0.16084439083232813,0.00255729794933655,0.8342340168878166,4.527085438597932,0.8868635392684961,0.07372738238841978,0.4511084858801196
R2_aA_m0,2,E,5.161306929433903,0.7993664939398519,0.7301079716361777,11.549547654525464,311.8344221338002,0.16364294330518697,0.511773220747889,0.003039806996381182,0.8314354644149577,0.47747253424608777,0.3450416302843896,0.009872123030654356,0.513847863952452
R2_aA_m45,0,A,9.33554291159087,1.189730008043918,1.1253870978164389,15.212983255196537,7.170959263476583,0.8531966224366707,0.9774185765983112,0.052786489746682756,0.12653799758745476,,,,
R2_aA_m45,0,B,16.074745689686218,2.6139948091445455,2.4156102612081627,26.501403469476426,4485.742845916914,0.0586248492159228,0.10178528347406514,0.0,0.9224849215922798,,,,
R2_aA_m45,0,C,0.4673305871707425,0.1446188924572171,0.11519904334604501,0.8490172713435274,118.19710597441707,0.06033775633293124,0.9403618817852835,0.0,0.9213268998793727,0.019267153498694223,0.019267153498694223,0.0,0.21645355850422196
R2_aA_m45,0,D,1.2065495823916634,0.12669194441697768,0.09432932247625544,2.169567709469465,123.90827124840476,0.00735826296743064,0.4829433051869722,0.0,0.9848733413751508,6.998250241485415,1.107930631809225,0.22509047044632088,0.3992442790809511
R2_aA_m45,0,E,1.387015579756129,0.1543926683667387,0.12611066962296694,2.55984127414736,120.15481988487636,0.01006031363088058,0.5313630880579011,0.0,0.9799517490952955,2.312315574987397,0.9341514233103996,0.09102889259828773,0.45969511229455295
R2_aA_m45,1,A,9.849978716852402,1.251416061181728,1.178198878244182,15.85968104253041,9.261404640798812,0.8178287092882991,0.9625331724969842,0.040844390832328104,0.15010856453558505,,,,
R2_aA_m45,1,B,16.184548614817924,2.6234560446762147,2.423882283746569,26.568014773000183,4574.14785944498,0.05946924004825091,0.10171290711700845,0.0,0.9231363088057901,,,,
R2_aA_m45,1,C,0.49725974594799427,0.14600603785770122,0.11684115004741745,0.8922815567755219,118.40340635685918,0.05773220747889023,0.9199758745476478,0.0,0.9238118214716526,0.01992778575043328,0.01992778575043328,0.0,0.2212303980699638
R2_aA_m45,1,D,1.2086385001081712,0.12768670710803937,0.09543958648091339,2.1510566159900777,124.08048734868413,0.007406513872135102,0.47218335343787693,0.0,0.9840772014475272,6.996743097149323,1.1073032666270255,0.225211097708082,0.40309197883521997
R2_aA_m45,1,E,1.401504197789398,0.15561582354455497,0.12746132323760917,2.554743888070663,120.46465396081402,0.010132689987937274,0.5263208685162847,0.0,0.9790832328106152,2.3147344191298216,0.9323593866977364,0.09151543700316549,0.4612212952280337
R2_aA_m45,2,A,14.286849431795456,1.660706964800201,1.53622987847669,21.806898833411697,26.609188234365515,0.6603860072376356,0.8164776839565743,0.01278648974668275,0.29054282267792525,,,,
R2_aA_m45,2,B,16.758964196858816,2.6769466374061546,2.469931741027389,27.01175233439679,5103.2132280045,0.0613751507840772,0.09934861278648975,0.0,0.9255006031363088,,,,
R2_aA_m45,2,C,0.5423993285926738,0.14805191355292677,0.11921882578611566,0.9607277170560341,118.840867265584,0.05428226779252111,0.8847285886610373,0.0,0.9281785283474064,0.021278646129281133,0.021278646129281133,0.0,0.22955367913148372
R2_aA_m45,2,D,1.2106595439541434,0.13014866795500254,0.09842798046445886,2.118249617515038,124.4497121381452,0.007961399276236429,0.4663932448733414,0.0,0.9827261761158022,6.994569221272563,1.1098665591438817,0.22496984318455973,0.40013070524799554
R2_aA_m45,2,E,1.4262664405184962,0.15667277971223437,0.12893506290330706,2.573789420900857,120.73701412972548,0.011049457177322076,0.5145958986731002,0.0,0.9766465621230398,2.3166014672477298,0.934256109721071,0.09140566263905522,0.4575710649157614
R2_aB_m0,0,A,9.33554291159087,1.189730008043918,1.1253870978164389,15.212983255196537,7.170959263476583,0.8531966224366707,0.9774185765983112,0.052786489746682756,0.12653799758745476,,,,
R2_aB_m0,0,B,8.66921750887597,0.8151481210470206,0.7376709608521973,14.874259335669649,1458.394748501418,0.248226779252111,0.4503980699638118,0.0027744270205066345,0.7144752714113389,,,,
R2_aB_m0,0,C,0.9358292516661286,0.06940576418563507,0.06216702315355468,1.6675068096318648,10.333330033072265,0.5522557297949336,0.7965018094089263,0.009843184559710495,0.4048733413751508,0.018470611691330054,0.018470611691330054,0.0,0.3084197828709288
R2_aB_m0,0,D,1.6102915826387503,0.20054695091267014,0.17843286355310575,3.822280811953812,24.119235288800624,0.20487334137515079,0.7198552472858866,0.002243667068757539,0.7530518697225572,1.359680409548439,0.5587448802504607,0.03466827503015681,0.4050144426176534
R2_aB_m0,0,E,2.2200778073007044,0.20120026518709438,0.17390203064968252,4.317256221235182,17.41397446517294,0.30750301568154403,0.6402895054282268,0.0004101326899879373,0.6281785283474065,0.39658039007485724,0.3127311953478902,0.007048613729776007,0.3584915623482059
R2_aB_m0,1,A,9.849978716852402,1.251416061181728,1.178198878244182,15.85968104253041,9.261404640798812,0.8178287092882991,0.9625331724969842,0.040844390832328104,0.15010856453558505,,,,
R2_aB_m0,1,B,9.520471476203497,0.9036899677812912,0.8216363190332868,16.228303237964152,1704.7608577608341,0.22704463208685163,0.41780458383594693,0.002750301568154403,0.7408443908323281,,,,
R2_aB_m0,1,C,0.9547127331683467,0.07064023135164657,0.06345645768225808,1.7274625979046185,10.557857442796116,0.5408685162846804,0.7909770808202654,0.007141133896260555,0.4107117008443908,0.019262536587463443,0.019262536587463443,0.0,0.3092882991556092
R2_aB_m0,1,D,1.628202662911163,0.2014727918190961,0.17918115377594063,3.8195797978620307,24.7644459257364,0.2142822677925211,0.7129553679131483,0.00255729794933655,0.7444632086851628,1.3604004716672755,0.5582167680965324,0.034813027744270204,0.4050502465393293
R2_aB_m0,1,E,2.225899032995732,0.20180573927948156,0.17456547830060135,4.351392928979198,17.686413688167786,0.3059589867310012,0.6383112183353438,0.0006755126658624849,0.6362364294330518,0.39588767161661337,0.31126132229794007,0.007159858176561582,0.3602889256531833
R2_aB_m0,2,A,14.286849431795456,1.660706964800201,1.53622987847669,21.806898833411697,26.609188234365515,0.6603860072376356,0.8164776839565743,0.01278648974668275,0.29054282267792525,,,,
R2_aB_m0,2,B,11.777185622869185,1.126848864851476,1.027267932261429,19.86434841916498,2442.4859658361556,0.1559469240048251,0.33886610373944515,0.0007478890229191796,0.8144993968636912,,,,
R2_aB_m0,2,C,1.0200899193070985,0.07174975037007142,0.06453141396278657,1.9154524917189668,10.895436631269336,0.5310735826296743,0.7837876960193003,0.006344993968636911,0.4226296743063932,0.02085319951449614,0.02085319951449614,0.0,0.3184077201447527
R2_aB_m0,2,D,1.6724713983954798,0.2060069070097384,0.18386451913247728,3.82201510565239,26.040741287935486,0.22523522316043426,0.7015922798552472,0.0016164053075995175,0.7338480096501808,1.3603141782075676,0.5565444516769893,0.034957780458383596,0.4014599178509545
R2_aB_m0,2,E,2.278929647281393,0.20290952739225254,0.17606794551283772,4.433322969068838,18.017833050962697,0.29966224366706873,0.6265621230398071,0.0013510253317249698,0.6397587454764777,0.3953414643711877,0.3100996040757946,0.007243307275258923,0.36328001966563994
R4_aA_m0,0,A,4.9152237326452015,0.7615663450728125,0.6356215146646661,7.403558668372543,3.419816922396808,0.9067905405405405,0.9786148648648648,0.040472972972972976,0.05966216216216216,,,,
R4_aA_m0,0,B,7.875835780981187,1.0779376297769518,0.9160098637541054,12.952597603347717,563.931839211725,0.210472972972973,0.4137837837837838,6.756756756756757e-05,0.7625675675675676,,,,
R4_aA_m0,0,C,0.3273448968533206,0.0797372891408924,0.05108272438854835,0.5907366391708675,77.07876270327702,0.2962837837837838,0.9739189189189189,0.0009121621621621623,0.6679391891891892,0.014496366491972841,0.014496366491972841,0.0,0.2508783783783784
R4_aA_m0,0,D,0.971848497817438,0.09234457660623542,0.06655692491742181,1.8870128948203058,79.67127502311754,0.1838175675675676,0.43881756756756757,0.0,0.7970608108108108,6.1952158538707565,1.1161319001355998,0.20493243243243242,0.4334760955431482
R4_aA_m0,0,E,0.8855455441663687,0.12007957917892659,0.0965734290009843,1.8816278622976534,84.44171602578723,0.20621621621621622,0.6846283783783784,0.0,0.7731756756756757,2.6148451449785357,0.7683193488155602,0.10370847365127078,0.5081816637851155
R4_aA_m0,1,A,4.894882276344961,0.7577256551875738,0.6324475661685844,7.42496799122276,3.3839204327462085,0.9066891891891892,0.989695945945946,0.0385472972972973,0.05584459459459459,,,,
R4_aA_m0,1,B,8.031947323948888,1.0949466605150338,0.9297018879995916,13.15797911616403,608.757456590101,0.20388513513513512,0.4215202702702702,0.00020270270270270272,0.7674324324324324,,,,
R4_aA_m0,1,C,0.3432922406431947,0.08067486614290853,0.051987710105353885,0.610266603290019,77.41605944358277,0.2951689189189189,0.9592229729729729,0.0008783783783783784,0.6723648648648648,0.01551384911576899,0.01551384911576899,0.0,0.2408445945945946
R4_aA_m0,1,D,0.9728870111856663,0.0920295042712772,0.06634486924227256,1.880836905703451,79.74592667370847,0.1862837837837838,0.4466554054054054,0.0,0.7968581081081081,6.193465753823679,1.119308411219716,0.20462837837837838,0.4303157983677369
R4_aA_m0,1,E,0.8979002659847743,0.12137097626053363,0.09760061218604216,1.8894196264477185,84.43581339712384,0.20699324324324322,0.6728716216216216,6.756756756756757e-05,0.7693581081081081,2.614919391918717,0.7692229731105573,0.10363179919829206,0.5041810975759821
R4_aA_m0,2,A,5.611165823284983,0.7964462947877986,0.6654601120310246,8.388565339869096,3.891186753258771,0.9015202702702703,0.9952364864864864,0.051689189189189196,0.06658783783783784,,,,
R4_aA_m0,2,B,8.12615986928413,1.0793817378167392,0.9140220037922494,13.383749376099,634.4905917265621,0.19567567567567568,0.42317567567567566,0.0,0.7774324324324324,,,,
R4_aA_m0,2,C,0.37223131101145596,0.08201456562768168,0.053359859464511376,0.6602938645697468,77.69893941852993,0.2923310810810811,0.9366554054054055,0.0007432432432432432,0.6799662162162163,0.01728827130507166,0.01728827130507166,0.0,0.23459459459459459
R4_aA_m0,2,D,0.9768673819537327,0.09236442067936507,0.06676336646209875,1.8700583517131915,79.60319316327754,0.1868581081081081,0.4525337837837838,0.00013513513513513514,0.7943243243243243,6.195303330262427,1.12247920614778,0.20442567567567568,0.42907694388605216
R4_aA_m0,2,E,0.9135660847466253,0.12259312171679705,0.09854375272528632,1.8949652719003511,84.24324746140695,0.21033783783783783,0.6617905405405405,0.0003040540540540541,0.7604391891891892,2.619058525889226,0.7723951341010665,0.10354192724538398,0.4965545235163543
R4_aB_m0,0,A,4.9152237326452015,0.7615663450728125,0.6356215146646661,7.403558668372543,3.419816922396808,0.9067905405405405,0.9786148648648648,0.040472972972972976,0.05966216216216216,,,,
R4_aB_m0,0,B,4.317558044589328,0.4261813778999126,0.35555255000112895,8.027203103018667,80.14786342250667,0.09800675675675675,0.612027027027027,0.0,0.8487162162162163,,,,
R4_aB_m0,0,C,0.4944505773785856,0.09976288127426267,0.08147004292071182,1.0535923605419704,42.26535513898015,0.1060810810810811,0.8116891891891892,0.0,0.8580067567567567,0.016824049759606642,0.016824049759606642,0.0,0.2968243243243243
R4_aB_m0,0,D,1.3462580426815451,0.15072429688392672,0.12449309326660897,2.586590330870195,60.08741143593758,0.028344594594594597,0.39094594594594595,0.0,0.9522297297297296,1.6690920374652791,0.6670370704780799,0.05385135135135135,0.3851299861257994
R4_aB_m0,0,E,1.522600232250188,0.13507681109607922,0.11184871705087072,3.154551837808985,49.149993754435,0.06371621621621622,0.5040878378378378,0.0,0.8920270270270271,0.7229137662623201,0.3687159883108667,0.027451149143890335,0.3599464314218314
R4_aB_m0,1,A,4.894882276344961,0.7577256551875738,0.6324475661685844,7.42496799122276,3.3839204327462085,0.9066891891891892,0.989695945945946,0.0385472972972973,0.05584459459459459,,,,
R4_aB_m0,1,B,4.529724143244092,0.43835151793444077,0.3665275372625601,8.597420983301866,88.75606908146507,0.09780405405405405,0.6041554054054054,0.0,0.8595270270270271,,,,
R4_aB_m0,1,C,0.5019665521812313,0.10004108550141058,0.08163995050596934,1.0501099865187968,42.63835250590111,0.10655405405405405,0.8272972972972973,0.0,0.8557432432432432,0.017602951141677488,0.017602951141677488,0.0,0.2941216216216216
R4_aB_m0,1,D,1.3516240342078008,0.15013492438269294,0.12379445601184176,2.6058298810972347,60.52620636130983,0.02983108108108108,0.37861486486486484,0.0,0.9480405405405405,1.6726331149628784,0.6698905691417067,0.05385135135135135,0.3852002072053292
R4_aB_m0,1,E,1.5207977575255598,0.13526778398946987,0.11202279507293277,3.154021931569695,49.5911200591691,0.06466216216216217,0.5075337837837838,0.0,0.892195945945946,0.7234765717275224,0.3699247802503244,0.027358581014528646,0.36638756024821617
R4_aB_m0,2,A,5.611165823284983,0.7964462947877986,0.6654601120310246,8.388565339869096,3.891186753258771,0.9015202702702703,0.9952364864864864,0.051689189189189196,0.06658783783783784,,,,
R4_aB_m0,2,B,4.88491399716019,0.4592782663010781,0.38517561878397827,9.286990394458682,103.14800681682547,0.09402027027027027,0.585945945945946,0.0,0.8675675675675676,,,,
R4_aB_m0,2,C,0.5160115456190182,0.10048510277490152,0.08178462666544864,1.0531691384552817,43.200221676480034,0.11506756756756756,0.8353716216216216,0.0,0.8463851351351351,0.01882537023776456,0.01882537023776456,0.0,0.2999662162162162
R4_aB_m0,2,D,1.358298375888902,0.148230742746237,0.12181191552585074,2.626487852537049,60.77675911323783,0.03570945945945946,0.3632094594594594,0.0,0.939391891891892,1.6813101705925109,0.6766390607105466,0.05381756756756757,0.3825680206363365
R4_aB_m0,2,E,1.4829716986812809,0.13572562463538362,0.11209045191581687,3.0690295958922125,50.181273485981976,0.07006756756756757,0.5150675675675676,0.0,0.8867567567567568,0.7252092235634706,0.37176875904155976,0.0273349708323114,0.3759695307563253
R5_aA_m0,0,A,10.094766055739347,1.2565574958619454,1.1697906425280764,17.10512768579729,12.5880540689053,0.7442055335968379,0.9911146245059288,0.049154150197628456,0.2188616600790514,,,,
R5_aA_m0,0,B,12.54636485780911,1.605069313065301,1.508604511220977,20.613157131476314,1964.9227593687851,0.092600790513834,0.1807905138339921,0.004047430830039525,0.9058339920948617,,,,
R5_aA_m0,0,C,0.9675242379888719,0.13242380048993588,0.1209024762804686,2.4118545516185876,125.4422075376046,0.19366007905138338,0.9470039525691699,0.013407114624505929,0.7966640316205533,0.01771429799677784,0.01771429799677784,0.0,0.27225296442687746
R5_aA_m0,0,D,4.961647444671016,0.652718908220411,0.6193098670427833,10.689490645363604,193.80302422659872,0.10268774703557312,0.24578656126482215,0.0038260869565217392,0.8870039525691699,4.146201228947921,0.6183402548557653,0.06722529644268775,0.43139825393499254
R5_aA_m0,0,E,9.918381647420443,1.296824558992941,1.1891746587292333,23.409434987724058,503.9065373064619,0.18164426877470355,0.3869881422924901,0.005359683794466403,0.7999367588932806,0.4246011521759626,0.18532786944650836,0.016769412795397017,0.32860394314449687
R5_aA_m0,1,A,11.201500206874188,1.3696109269114536,1.2711560755342188,18.91311326169449,16.166390355241504,0.7026877470355731,0.9824347826086957,0.038830039525691695,0.26080632411067195,,,,
R5_aA_m0,1,B,12.745026505993769,1.6308855711737298,1.5337647175005529,20.80428532542846,1991.8582584506555,0.0936284584980237,0.18412648221343872,0.002909090909090909,0.9024347826086957,,,,
R5_aA_m0,1,C,1.0204724361966304,0.13552000940461936,0.12370897988693276,2.420660275996174,118.16518711496559,0.20082213438735178,0.9186245059288538,0.010940711462450592,0.7878102766798419,0.019041738162313016,0.019041738162313016,0.0,0.2411225296442688
R5_aA_m0,1,D,5.004011441699046,0.6351866667843232,0.6026240121913667,10.772276918697921,181.3476109832136,0.11255335968379447,0.24624505928853754,0.004031620553359684,0.8717312252964428,4.13832905796914,0.6162395973646893,0.0676205533596838,0.4259456412195907
R5_aA_m0,1,E,10.228975350351389,1.3284899351817188,1.2183427631655228,23.96493987610914,535.6644379556478,0.17361264822134387,0.34899604743083,0.004837944664031621,0.8081581027667984,0.4602424996388574,0.19625371819582046,0.018740827328232026,0.32186657402162455
R5_aA_m0,2,A,16.952346050409787,1.8969039286318008,1.7273061907153848,26.452968408922835,41.14208970759141,0.551699604743083,0.8080316205533598,0.014814229249011856,0.4085375494071146,,,,
R5_aA_m0,2,B,12.988469820679306,1.6579909074250425,1.5632562389605489,20.590659488414026,2442.814298109658,0.10613438735177866,0.2313201581027668,0.0018498023715415018,0.8867509881422925,,,,
R5_aA_m0,2,C,1.1621839400955347,0.14578477243898322,0.13402930735293345,2.530092193938634,113.55389978517958,0.22458498023715415,0.8640000000000001,0.004774703557312254,0.7608379446640317,0.022788396752436067,0.0224422465635348,1.5810276679841896e-05,0.20977337769550208
R5_aA_m0,2,D,5.078713755681332,0.6339008404332713,0.6018394282826554,10.849373901558202,197.20206573398195,0.12460079051383399,0.23933596837944662,0.003193675889328063,0.8625928853754941,4.14601662196839,0.6154516226090386,0.06844268774703557,0.42586660479133487
R5_aA_m0,2,E,9.896488504934466,1.260736739214262,1.1571664362442815,22.103102764558347,581.6049227235171,0.18784189723320158,0.32493280632411065,0.0005375494071146245,0.7955731225296442,0.769647062774101,0.253833691834276,0.03278974377699377,0.2820311505037114
R5_aB_m0,0,A,10.094766055739347,1.2565574958619454,1.1697906425280764,17.10512768579729,12.5880540689053,0.7442055335968379,0.9911146245059288,0.049154150197628456,0.2188616600790514,,,,
R5_aB_m0,0,B,10.558042449610918,1.0064630686898566,0.9313729487222807,17.2038758008179,1054.4796775505515,0.1899604743083004,0.370197628458498,0.002924901185770751,0.7814861660079052,,,,
R5_aB_m0,0,C,0.9243839026002107,0.08246838005176292,0.0766478771476409,1.6590073084685457,63.160706032594646,0.30746245059288535,0.8001106719367589,0.0024980237154150196,0.6540553359683794,0.02477220650355406,0.02477220650355406,0.0,0.26300395256917
R5_aB_m0,0,D,2.5734692756076716,0.210103698452789,0.19752831016454245,4.603236247934281,50.38431645022739,0.1143399209486166,0.2529486166007905,0.00014229249011857707,0.8540869565217392,1.1392115819300999,0.3616588792448707,0.02641897233201581,0.3611231967360072
R5_aB_m0,0,E,2.1108465781755408,0.1493882769081792,0.13809459488819886,3.901027012236314,18.61836443228761,0.4243478260869565,0.6472569169960474,0.0017707509881422926,0.5107193675889328,0.23815509240305516,0.08456594265977711,0.002723055847136208,0.3739702334249979
R5_aB_m0,1,A,11.201500206874188,1.3696109269114536,1.2711560755342188,18.91311326169449,16.166390355241504,0.7026877470355731,0.9824347826086957,0.038830039525691695,0.26080632411067195,,,,
R5_aB_m0,1,B,11.327890370987818,1.0822885823641277,1.0015726335182635,18.505217072025626,1255.5036925198956,0.1709407114624506,0.3660237154150197,0.0014703557312252963,0.8010909090909091,,,,
R5_aB_m0,1,C,0.9471547479903302,0.0820228401000654,0.07602997110031598,1.739830830954917,55.60543274688949,0.3286166007905138,0.8088221343873517,0.0015968379446640315,0.6280316205533597,0.025312792942667542,0.025312792942667542,0.0,0.2622924901185771
R5_aB_m0,1,D,2.5892857005512258,0.20592759705675084,0.1936361729108045,4.735235523561586,81.92051476606373,0.11644268774703556,0.2596205533596838,0.00017391304347826088,0.8498339920948617,1.1409600824995345,0.3641858286860637,0.026387351778656126,0.3568686790338841
R5_aB_m0,1,E,2.2722504810841655,0.17329367373148805,0.1609263673941347,4.1528997193952915,37.34091457010773,0.40458498023715417,0.6561422924901186,0.0016284584980237155,0.5353675889328063,0.24530308569461365,0.08986991495992733,0.003043438585847895,0.3687283944437614
R5_aB_m0,2,A,16.952346050409787,1.8969039286318008,1.7273061907153848,26.452968408922835,41.14208970759141,0.551699604743083,0.8080316205533598,0.014814229249011856,0.4085375494071146,,,,
R5_aB_m0,2,B,12.92811431227763,1.2074780781819532,1.1155982481541538,21.45032548940188,1713.3516330241882,0.11726482213438735,0.3303715415019763,0.0019288537549407114,0.857612648221344,,,,
R5_aB_m0,2,C,1.0682550542581501,0.08355784558034415,0.07758060102015613,2.1149439843388196,52.68627023775026,0.3306086956521739,0.7899604743083004,0.004094861660079051,0.6253754940711462,0.027638018971489674,0.027638018971489674,0.0,0.2574387351778656
R5_aB_m0,2,D,2.6200076360154263,0.20465729134067445,0.19263768170854204,4.890190809589709,51.83465651267245,0.11993675889328063,0.2886640316205533,0.00041106719367588933,0.8460395256916996,1.143514027264859,0.36551203149230205,0.026640316205533598,0.3604325854922753
R5_aB_m0,2,E,2.466101727263312,0.18052465046408248,0.16842511292903745,4.61569397068503,41.91520533958053,0.3782134387351779,0.6303873517786561,0.002545454545454545,0.5603320158102767,0.24853282684501934,0.09316309035159318,0.0030398321893812595,0.3670752855114342
