case,distance_bin,n,descriptive_only,e_s_mean,e_s_variance_ddof0,e_s_rms,e_MP_mean,e_MP_variance_ddof0,e_MP_rms,e_range_mean,e_range_variance_ddof0,e_range_rms
R2_aA_m0,"[0.0, 5.0)",550,False,0.0019276580302711255,0.0015166630690328778,0.03899203680900174,0.005064541153357881,0.0016380392134624961,0.04078834135579126,-0.5375246424997537,0.003628799888170819,0.5408895831707787
R2_aA_m0,"[10.0, inf)",417,False,0.11948728311559095,0.10261503823026302,0.3418950848675781,0.12335918492989874,0.1033550631558531,0.34434365343711804,-0.3924686307197976,0.02842729589648151,0.42715210639250556
R2_aA_m0,"[5.0, 10.0)",336,False,0.036649464856216174,0.012828578859368925,0.11904521046063109,0.04300303893988824,0.013214842750134074,0.12273591205592443,-0.4919619026828279,0.009952724360435313,0.5019753360990393
R2_aA_m45,"[0.0, 5.0)",550,False,0.0002994046842829336,0.0023165077835930674,0.048131044314018774,-0.0003058758852891974,0.0025530343186736765,0.05052848581474491,-0.5288234201692956,0.004514834627039719,0.5330750832167933
R2_aA_m45,"[10.0, inf)",417,False,0.01403637274307377,0.1338349288486254,0.36610374022728576,0.01287274542796151,0.13394715714885239,0.36621423337126796,-0.37202623563137865,0.02365842524997486,0.40256918069821107
R2_aA_m45,"[5.0, 10.0)",336,False,0.008920127847314179,0.032936137039413727,0.18170224467580515,0.008435439270870876,0.03326893525478054,0.18259269396794903,-0.4554640299983356,0.010172894078068645,0.4664979921718778
R2_aB_m0,"[0.0, 5.0)",628,False,5.7064966055337974e-05,0.0011795756694100313,0.03434499855612724,0.004020747658058761,0.0012352999451181565,0.0353760703986175,-0.5296683998517164,0.0030848658631454804,0.5325725111800488
R2_aB_m0,"[5.0, 10.0)",675,False,0.043837145672504324,0.0191783695921885,0.1452586139714298,0.04854579694723866,0.01885942939723767,0.14565755661303742,-0.4741531247485444,0.011216006016089795,0.4858365895287205
R4_aA_m0,"[0.0, 5.0)",372,False,0.015853975535813823,0.0011455945289914487,0.037375701589155916,0.019028661599405326,0.0011952827438339094,0.03946356175129904,-0.5265736089955956,0.003051887561128359,0.5294635523355453
R4_aA_m0,"[10.0, inf)",276,False,-0.0678717398394368,0.10056341727760695,0.3242992296420686,-0.06725682353879363,0.10130088520240474,0.3253065715827659,-0.4126566366392363,0.01996331732087293,0.4361752137424587
R4_aA_m0,"[5.0, 10.0)",274,False,-0.040434331906808105,0.027333864787470484,0.17020223260645087,-0.03489875576220624,0.027134000004641154,0.16838029326020096,-0.4450895065035739,0.020405679798793992,0.46745090501397996
R4_aB_m0,"[0.0, 5.0)",490,False,-0.0012692698510334433,0.005049973424013664,0.07107449943522928,0.00045347875545348763,0.00506687007188296,0.07118339493775643,-0.5235061441891672,0.004494758938014711,0.5277816233460804
R4_aB_m0,"[5.0, 10.0)",432,False,0.015476936195415073,0.028097254027852545,0.16833534858088928,0.01413429687654117,0.028094314018477447,0.16820847887865717,-0.4590311883845635,0.010855615624529481,0.4707071781206168
R5_aA_m0,"[0.0, 5.0)",774,False,-0.0040084336802742706,0.00047777061516857296,0.02222246961383298,-0.0012796652492438583,0.0004734395487614172,0.021796263255694528,-0.5388023624868701,0.002794399800560216,0.5413893105908102
R5_aA_m0,"[10.0, inf)",551,False,0.08112837886340313,0.077096314433908,0.2892717205170804,0.08433460018382027,0.07683992988307377,0.289745154698467,-0.4077521921850549,0.04349064385917066,0.4579874387915989
R5_aA_m0,"[5.0, 10.0)",558,False,0.07122972093243167,0.02923541898929428,0.18522713660100235,0.07537739482878637,0.029371096785556144,0.1872240594494492,-0.47208677119103243,0.019929331856985963,0.4927425812638483
R5_aB_m0,"[0.0, 5.0)",889,False,-0.005422074333989081,0.0016839725337729305,0.04139289098210264,-0.0007475379697036098,0.0005320552455154741,0.023078432757265444,-0.5367315293231651,0.002811013300306402,0.5393438123033304
R5_aB_m0,"[5.0, 10.0)",994,False,0.03776179921440702,0.015794731947233517,0.13122760924113,0.040996878835313444,0.015909867136943878,0.13262960156458756,-0.46332269540856147,0.02183701143985199,0.4863177269239798
