case,route,drift,seed,arm,initial,wheelbase,phase,error,last_valid_sample,n_eval,n_nees,seconds,known_wheelbase_error,pose_cov_singular,heading_rmse_deg,pos_rmse_m,nees_mean,pose_coverage,nees_lower_fraction,nees_upper_fraction,heading_coverage,range_nis_pregate,range_nis_accepted,range_reject_rate,s_nis_pregate,s_nis_accepted,s_reject_rate
R2_aA_m0,R2,0,0,A,exact,unknown,controls,,978,829,829,0.4110124111175537,0.0,0,9.198578822642922,0.8618158696537163,2.028158781020267,0.9336550060313631,0.061519903498190594,0.03618817852834741,1.0,,,,,,
R2_aA_m0,R2,0,0,A,stochastic,known,controls,,978,829,829,0.44516873359680176,-0.005,0,6.725686712741141,0.6114370329200731,0.9683044263811788,1.0,0.0,0.0,1.0,,,,,,
R2_aA_m0,R2,0,1,A,exact,unknown,controls,,978,829,829,0.38346028327941895,0.0,0,4.479589732448044,0.46566297343571694,0.17260006559662933,1.0,0.7466827503015682,0.0,1.0,,,,,,
R2_aA_m0,R2,0,1,A,stochastic,known,controls,,978,829,829,0.3921668529510498,-0.005,0,4.374544177125335,0.7215018448550847,0.5308653712068914,1.0,0.39324487334137515,0.0,1.0,,,,,,
R2_aA_m0,R2,0,2,A,exact,unknown,controls,,978,829,829,0.37485170364379883,0.0,0,13.630160569883776,1.3209952541403938,7.771210136959246,0.758745476477684,0.0856453558504222,0.2243667068757539,1.0,,,,,,
R2_aA_m0,R2,0,2,A,stochastic,known,controls,,978,829,829,0.3996148109436035,-0.005,0,13.990038830050482,1.3631230049580134,10.703062480033932,0.7020506634499397,0.0,0.27744270205066346,1.0,,,,,,
R2_aA_m0,R2,0,3,A,exact,unknown,controls,,978,829,829,0.4305706024169922,0.0,0,13.268037273944941,1.4433715183175095,4.149606496999324,0.850422195416164,0.0,0.13148371531966224,1.0,,,,,,
R2_aA_m0,R2,0,3,A,stochastic,known,controls,,978,829,829,0.3619382381439209,0.005,0,5.836880050089728,1.214006790259455,2.4978194130208324,1.0,0.0,0.0,1.0,,,,,,
R2_aA_m0,R2,0,4,A,exact,unknown,controls,,978,829,829,0.3751087188720703,0.0,0,3.406132479345976,0.3726413059617301,0.13482325554510421,1.0,0.8287092882991556,0.0,1.0,,,,,,
R2_aA_m0,R2,0,4,A,stochastic,known,controls,,978,829,829,0.4299759864807129,0.005,0,4.641259746929072,0.5149625846792499,0.2330718596918642,1.0,0.6972255729794934,0.0,1.0,,,,,,
R2_aA_m0,R2,0,5,A,exact,unknown,controls,,978,829,829,0.3756825923919678,0.0,0,9.761707728237603,0.9499414480190732,2.3771833922180887,0.9071170084439083,0.11218335343787696,0.06393244873341375,1.0,,,,,,
R2_aA_m0,R2,0,5,A,stochastic,known,controls,,978,829,829,0.4112873077392578,-0.005,0,6.3000244009577315,0.7339600244949841,1.561326849561803,1.0,0.0,0.0,1.0,,,,,,
R2_aA_m0,R2,0,6,A,exact,unknown,controls,,978,829,829,0.40687990188598633,0.0,0,16.893967156777546,1.6842797197395343,12.682870415065219,0.7310012062726177,0.0,0.25211097708082025,1.0,,,,,,
R2_aA_m0,R2,0,6,A,stochastic,known,controls,,978,829,829,0.3694901466369629,-0.005,0,16.47263436580042,1.7167872536617739,10.273499713041772,0.7647768395657418,0.0,0.2195416164053076,1.0,,,,,,
R2_aA_m0,R2,0,7,A,exact,unknown,controls,,978,829,829,0.38905811309814453,0.0,0,12.771304230834712,1.2646404135622997,6.9440765806225,0.7370325693606755,0.11942098914354644,0.24246079613992763,1.0,,,,,,
R2_aA_m0,R2,0,7,A,stochastic,known,controls,,978,829,829,0.3681762218475342,-0.005,0,10.735698955807543,1.0676252136964222,4.45718088546986,0.7997587454764777,0.0,0.1652593486127865,1.0,,,,,,
R2_aA_m0,R2,0,8,A,exact,unknown,controls,,978,829,829,0.404494047164917,0.0,0,18.863474023776224,1.7835985287208524,27.38639387637881,0.6453558504221955,0.012062726176115802,0.3401688781664656,1.0,,,,,,
R2_aA_m0,R2,0,8,A,stochastic,known,controls,,978,829,829,0.38326025009155273,-0.005,0,26.32938259854806,3.0262573292642627,65.33743610615835,0.23522316043425814,0.0,0.6924004825090471,0.21712907117008443,,,,,,
R2_aA_m0,R2,0,9,A,exact,unknown,controls,,978,829,829,0.3797287940979004,0.0,0,12.300378285382246,1.1760656515589558,5.745487002654024,0.7792521109770808,0.25211097708082025,0.2014475271411339,1.0,,,,,,
R2_aA_m0,R2,0,9,A,stochastic,known,controls,,978,829,829,0.38535428047180176,-0.005,0,15.432889704858342,1.7887488747007267,10.342351175430844,0.7466827503015682,0.0,0.2388419782870929,1.0,,,,,,
R2_aA_m0,R2,0,10,A,exact,unknown,controls,,978,829,829,0.368701696395874,0.0,0,7.334037364600298,0.721751642041652,0.8085225142244858,1.0,0.0048250904704463205,0.0,1.0,,,,,,
R2_aA_m0,R2,0,10,A,stochastic,known,controls,,978,829,829,0.4021735191345215,-0.005,0,7.573785692664913,0.8969220334692275,1.0574461098964405,1.0,0.0,0.0,1.0,,,,,,
R2_aA_m0,R2,0,11,A,exact,unknown,controls,,978,829,829,0.3697986602783203,0.0,0,3.3608670189650356,0.33301863562824363,0.349943369947848,1.0,0.25331724969843183,0.0,1.0,,,,,,
R2_aA_m0,R2,0,11,A,stochastic,known,controls,,978,829,829,0.4066767692565918,0.005,0,7.134000197829019,0.7311119951806067,0.7454195203500141,1.0,0.0,0.0,1.0,,,,,,
R2_aA_m0,R2,0,12,A,exact,unknown,controls,,978,829,829,0.3878672122955322,0.0,0,2.966453513851137,0.2608518820044648,0.06925515905808897,1.0,0.9951749095295537,0.0,1.0,,,,,,
R2_aA_m0,R2,0,12,A,stochastic,known,controls,,978,829,829,0.36979103088378906,0.005,0,5.69081758998048,0.5116392415549081,1.2970254074875567,1.0,0.007237635705669481,0.0,1.0,,,,,,
R2_aA_m0,R2,0,13,A,exact,unknown,controls,,978,829,829,0.40265750885009766,0.0,0,18.049194769286487,1.768369096761363,17.44790579863991,0.6887816646562123,0.0,0.29674306393244876,1.0,,,,,,
R2_aA_m0,R2,0,13,A,stochastic,known,controls,,978,829,829,0.45993494987487793,-0.005,0,14.241891619924841,1.4720990345456155,7.970051659067686,0.7828709288299156,0.0,0.20024125452352232,1.0,,,,,,
R2_aA_m0,R2,0,14,A,exact,unknown,controls,,978,829,829,0.3833143711090088,0.0,0,4.359472318674525,0.4897040233654148,0.15335358594611306,1.0,0.6863691194209891,0.0,1.0,,,,,,
R2_aA_m0,R2,0,14,A,stochastic,known,controls,,978,829,829,0.419769287109375,-0.005,0,9.1610616985322,2.5748329221926274,12.937792262338034,0.09288299155609167,0.0,0.8299155609167672,0.8962605548854041,,,,,,
R2_aA_m0,R2,0,15,A,exact,unknown,controls,,978,829,829,0.38353776931762695,0.0,0,2.7270135744360537,0.3263749370585231,0.18355351185182195,1.0,0.6296743063932448,0.0,1.0,,,,,,
R2_aA_m0,R2,0,15,A,stochastic,known,controls,,978,829,829,0.35883212089538574,-0.005,0,5.8149924382179154,1.096888999770834,2.7051681110530272,1.0,0.0,0.0,1.0,,,,,,
R2_aA_m0,R2,0,16,A,exact,unknown,controls,,978,829,829,0.3441495895385742,0.0,0,16.002656356755793,1.5799670708375142,15.545656191231462,0.6791314837153196,0.0024125452352231603,0.30639324487334135,1.0,,,,,,
R2_aA_m0,R2,0,16,A,stochastic,known,controls,,978,829,829,0.3470778465270996,-0.005,0,17.642308548308037,1.8556010670629302,15.491434070117553,0.7310012062726177,0.0,0.2545235223160434,1.0,,,,,,
R2_aA_m0,R2,0,17,A,exact,unknown,controls,,978,829,829,0.3887515068054199,0.0,0,11.5687656565813,1.086683901362838,4.55037008393915,0.8190591073582629,0.08926417370325694,0.16284680337756333,1.0,,,,,,
R2_aA_m0,R2,0,17,A,stochastic,known,controls,,978,829,829,0.34650158882141113,0.005,0,19.743007073828107,2.171016265602142,24.464827129050978,0.6755126658624849,0.0,0.3112183353437877,1.0,,,,,,
R2_aA_m0,R2,0,18,A,exact,unknown,controls,,978,829,829,0.34924960136413574,0.0,0,19.088505050168564,1.929653598868679,18.80425348990179,0.7237635705669482,0.0,0.2629674306393245,0.97708082026538,,,,,,
R2_aA_m0,R2,0,18,A,stochastic,known,controls,,978,829,829,0.37622499465942383,-0.005,0,15.500451777024692,1.6485227761030339,9.618124400370961,0.7768395657418576,0.0,0.20627261761158022,1.0,,,,,,
R2_aA_m0,R2,0,19,A,exact,unknown,controls,,978,829,829,0.3810110092163086,0.0,0,5.511422743466743,0.5440372925379019,0.4162023943899157,1.0,0.4583835946924005,0.0,1.0,,,,,,
R2_aA_m0,R2,0,19,A,stochastic,known,controls,,978,829,829,0.3734104633331299,0.005,0,9.970355526970927,1.17388614927201,2.921399518357063,1.0,0.0,0.0,1.0,,,,,,
R2_aA_m0,R2,1,0,A,exact,unknown,controls,,978,829,829,0.40012097358703613,0.0,0,10.256870684135638,0.9611763549618115,2.9689291262924318,0.8612786489746683,0.07478890229191798,0.10615199034981906,1.0,,,,,,
R2_aA_m0,R2,1,0,A,stochastic,known,controls,,978,829,829,0.35369443893432617,-0.0075,0,6.782743581865424,0.6187464929338614,0.9755920134681384,1.0,0.0,0.0,1.0,,,,,,
R2_aA_m0,R2,1,1,A,exact,unknown,controls,,978,829,829,0.35657358169555664,0.0,0,2.7863473026543835,0.3144403495329827,0.1113175604526307,1.0,0.9975874547647768,0.0,1.0,,,,,,
R2_aA_m0,R2,1,1,A,stochastic,known,controls,,978,829,829,0.4623138904571533,-0.0075,0,3.692120372491864,0.6978996718918519,0.41593153614563694,1.0,0.353437876960193,0.0,1.0,,,,,,
R2_aA_m0,R2,1,2,A,exact,unknown,controls,,978,829,829,0.3822484016418457,0.0,0,7.826869969270685,0.757498333815248,1.0161957656308438,1.0,0.45476477683956573,0.0,1.0,,,,,,
R2_aA_m0,R2,1,2,A,stochastic,known,controls,,978,829,829,0.3793330192565918,-0.0075,0,7.059360774349673,0.6945023871416391,2.0582763660530192,0.9650180940892642,0.0,0.007237635705669481,1.0,,,,,,
R2_aA_m0,R2,1,3,A,exact,unknown,controls,,978,829,829,0.385570764541626,0.0,0,18.568592394352933,2.0131390601212527,14.083124457948042,0.6164053075995175,0.0,0.3220747889022919,1.0,,,,,,
R2_aA_m0,R2,1,3,A,stochastic,known,controls,,978,829,829,0.2948424816131592,0.0075,0,9.828007880617282,1.4715177091480318,4.750219322119955,0.8383594692400482,0.0,0.13510253317249699,1.0,,,,,,
R2_aA_m0,R2,1,4,A,exact,unknown,controls,,978,829,829,0.37398624420166016,0.0,0,3.506714338504524,0.3731746419654825,0.14604697042588763,1.0,0.7901085645355851,0.0,1.0,,,,,,
R2_aA_m0,R2,1,4,A,stochastic,known,controls,,978,829,829,0.3596992492675781,0.0075,0,5.707614228146189,0.5913617039328467,0.4437619517342566,1.0,0.5910735826296744,0.0,1.0,,,,,,
R2_aA_m0,R2,1,5,A,exact,unknown,controls,,978,829,829,0.3792271614074707,0.0,0,15.06730337894245,1.4952422677841217,9.896728949775447,0.721351025331725,0.0,0.2629674306393245,1.0,,,,,,
R2_aA_m0,R2,1,5,A,stochastic,known,controls,,978,829,829,0.47670865058898926,-0.0075,0,10.418267479992812,1.0911134595728926,4.80186840661591,0.7973462002412546,0.0,0.1773220747889023,1.0,,,,,,
R2_aA_m0,R2,1,6,A,exact,unknown,controls,,978,829,829,0.4686896800994873,0.0,0,19.422239141575975,1.934652645249501,21.021512580506553,0.6043425814234017,0.0,0.29674306393244876,1.0,,,,,,
R2_aA_m0,R2,1,6,A,stochastic,known,controls,,978,829,829,0.3880808353424072,-0.0075,0,17.92970869821919,1.857040334303373,14.108239469799527,0.6586248492159228,0.0,0.24728588661037396,1.0,,,,,,
R2_aA_m0,R2,1,7,A,exact,unknown,controls,,978,829,829,0.3815441131591797,0.0,0,7.72144856981943,0.7841095421776303,1.3478986591087858,1.0,0.45355850422195415,0.0,1.0,,,,,,
R2_aA_m0,R2,1,7,A,stochastic,known,controls,,978,829,829,0.39652347564697266,-0.0075,0,4.893989392058279,0.5482256867405153,0.46237008855700656,1.0,0.46079613992762364,0.0,1.0,,,,,,
R2_aA_m0,R2,1,8,A,exact,unknown,controls,,978,829,829,0.38340187072753906,0.0,0,20.627509527776496,1.9542844667121433,37.40072757774323,0.6188178528347407,0.0,0.36670687575392036,0.9083232810615199,,,,,,
R2_aA_m0,R2,1,8,A,stochastic,known,controls,,978,829,829,0.41966986656188965,-0.0075,0,27.020869815169252,3.0711924779903566,73.53118863785343,0.22798552472858866,0.0,0.7032569360675512,0.18335343787696018,,,,,,
R2_aA_m0,R2,1,9,A,exact,unknown,controls,,978,829,829,0.36118245124816895,0.0,0,12.036295982511295,1.164018066739928,5.197040115075989,0.7889022919179735,0.2689987937273824,0.18938480096501809,1.0,,,,,,
R2_aA_m0,R2,1,9,A,stochastic,known,controls,,978,829,829,0.379375696182251,-0.0075,0,14.10801237649513,1.672372104032485,7.8858253777145775,0.7720144752714113,0.0,0.20989143546441497,1.0,,,,,,
R2_aA_m0,R2,1,10,A,exact,unknown,controls,,978,829,829,0.3505518436431885,0.0,0,12.700842814461383,1.2829014953763391,4.329739270738809,0.8480096501809409,0.0,0.12424607961399277,1.0,,,,,,
R2_aA_m0,R2,1,10,A,stochastic,known,controls,,978,829,829,0.37104368209838867,-0.0075,0,11.879586077431975,1.3025020545146468,3.031707929751114,0.9613992762364294,0.0,0.020506634499396863,1.0,,,,,,
R2_aA_m0,R2,1,11,A,exact,unknown,controls,,978,829,829,0.3551356792449951,0.0,0,1.6397922546876589,0.16727944683313042,0.22618501336758257,1.0,0.5235223160434258,0.0,1.0,,,,,,
R2_aA_m0,R2,1,11,A,stochastic,known,controls,,978,829,829,0.47376012802124023,0.0075,0,6.183918543968067,0.6393781353061043,0.5097415054400628,1.0,0.0,0.0,1.0,,,,,,
R2_aA_m0,R2,1,12,A,exact,unknown,controls,,978,829,829,0.4071180820465088,0.0,0,3.3588717731464626,0.44718866810740643,0.12675246496736545,1.0,0.8552472858866104,0.0,1.0,,,,,,
R2_aA_m0,R2,1,12,A,stochastic,known,controls,,978,829,829,0.36186695098876953,0.0075,0,1.8679893908560816,0.19965518043369604,1.3743605034255182,1.0,0.0,0.0,1.0,,,,,,
R2_aA_m0,R2,1,13,A,exact,unknown,controls,,978,829,829,0.36208248138427734,0.0,0,20.457789482725094,2.0046899607177813,27.927732780193935,0.6598311218335344,0.0,0.3293124246079614,0.9433051869722557,,,,,,
R2_aA_m0,R2,1,13,A,stochastic,known,controls,,978,829,829,0.3700382709503174,-0.0075,0,15.59604126855509,1.60606879444049,10.826726055478225,0.7539203860072377,0.0,0.23281061519903498,1.0,,,,,,
R2_aA_m0,R2,1,14,A,exact,unknown,controls,,978,829,829,0.3617229461669922,0.0,0,2.4969376934078618,0.2960017341001978,0.04946350316623383,1.0,1.0,0.0,1.0,,,,,,
R2_aA_m0,R2,1,14,A,stochastic,known,controls,,978,829,829,0.436859130859375,-0.0075,0,10.108283755215366,2.6274627357035514,13.71820315519039,0.08685162846803378,0.0,0.841978287092883,0.879372738238842,,,,,,
R2_aA_m0,R2,1,15,A,exact,unknown,controls,,978,829,829,0.3643174171447754,0.0,0,4.237812962038031,0.5151177234613624,0.4622777652572697,1.0,0.05307599517490953,0.0,1.0,,,,,,
R2_aA_m0,R2,1,15,A,stochastic,known,controls,,978,829,829,0.36005640029907227,-0.0075,0,2.4039934501376905,0.9504119062348099,2.7254579902253897,1.0,0.0,0.0,1.0,,,,,,
R2_aA_m0,R2,1,16,A,exact,unknown,controls,,978,829,829,0.3900470733642578,0.0,0,17.55972083618855,1.7308285943875161,21.331536978647026,0.6489746682750301,0.0,0.3341375150784077,1.0,,,,,,
R2_aA_m0,R2,1,16,A,stochastic,known,controls,,978,829,829,0.3764317035675049,-0.0075,0,18.16479240648721,1.892998328635699,17.641226649760128,0.721351025331725,0.0,0.2689987937273824,1.0,,,,,,
R2_aA_m0,R2,1,17,A,exact,unknown,controls,,978,829,829,0.3904905319213867,0.0,0,16.862593951772176,1.6125112860149433,15.927855035610497,0.7044632086851629,0.0,0.28347406513872137,1.0,,,,,,
R2_aA_m0,R2,1,17,A,stochastic,known,controls,,978,829,829,0.35541629791259766,0.0075,0,26.169874575823307,2.76679656931374,62.90221695665554,0.3944511459589867,0.0,0.5572979493365501,0.46079613992762364,,,,,,
R2_aA_m0,R2,1,18,A,exact,unknown,controls,,978,829,829,0.38869452476501465,0.0,0,23.480893268663422,2.3876067795931526,38.49254723361706,0.5355850422195416,0.0,0.41254523522316044,0.6308805790108565,,,,,,
R2_aA_m0,R2,1,18,A,stochastic,known,controls,,978,829,829,0.34559202194213867,-0.0075,0,18.74510172364727,1.962945333490363,18.232801757024173,0.729794933655006,0.0,0.25814234016887816,0.9613992762364294,,,,,,
R2_aA_m0,R2,1,19,A,exact,unknown,controls,,978,829,829,0.3854670524597168,0.0,0,1.5524912778742064,0.22282288510915743,0.09900233965043428,1.0,0.9396863691194209,0.0,1.0,,,,,,
R2_aA_m0,R2,1,19,A,stochastic,known,controls,,978,829,829,0.3507041931152344,0.0075,0,5.985366629751783,0.8323472561763882,2.1313319618066617,1.0,0.0,0.0,1.0,,,,,,
R2_aA_m0,R2,2,0,A,exact,unknown,controls,,978,829,829,0.39116358757019043,0.0,0,6.090999280765424,0.5380442314245135,0.542270447759785,1.0,0.4837153196622437,0.0,1.0,,,,,,
R2_aA_m0,R2,2,0,A,stochastic,known,controls,,978,829,829,0.3825206756591797,-0.01,0,2.366350391620305,0.32895721847222625,0.5252382040018417,1.0,0.015681544028950542,0.0,1.0,,,,,,
R2_aA_m0,R2,2,1,A,exact,unknown,controls,,978,829,829,0.40192174911499023,0.0,0,7.027083964391599,0.7658963905277336,0.8816566608108446,1.0,0.19662243667068757,0.0,1.0,,,,,,
R2_aA_m0,R2,2,1,A,stochastic,known,controls,,978,829,829,0.3746974468231201,-0.01,0,6.346647804384223,0.9224960743414191,0.8217579087540022,1.0,0.0,0.0,1.0,,,,,,
R2_aA_m0,R2,2,2,A,exact,unknown,controls,,978,829,829,0.36347031593322754,0.0,0,8.909703894257085,1.015658249180593,2.250367936324782,1.0,0.0,0.0,1.0,,,,,,
R2_aA_m0,R2,2,2,A,stochastic,known,controls,,978,829,829,0.38698458671569824,-0.01,0,9.869510019476966,1.1022143790569303,2.5780968508103617,1.0,0.0,0.0,1.0,,,,,,
R2_aA_m0,R2,2,3,A,exact,unknown,controls,,978,829,829,0.38986802101135254,0.0,0,33.277566753713664,3.589508590981947,116.3419648576735,0.12424607961399277,0.0,0.8383594692400482,0.13872135102533173,,,,,,
R2_aA_m0,R2,2,3,A,stochastic,known,controls,,978,829,829,0.3881814479827881,0.01,0,23.457896687206063,2.675910402101145,44.07585112478301,0.34378769601930037,0.0,0.5850422195416164,0.5983112183353438,,,,,,
R2_aA_m0,R2,2,4,A,exact,unknown,controls,,978,829,829,0.3679938316345215,0.0,0,9.597781515040243,0.8901871711797118,2.8722628226636298,0.873341375150784,0.03739445114595899,0.10856453558504221,1.0,,,,,,
R2_aA_m0,R2,2,4,A,stochastic,known,controls,,978,829,829,0.3831198215484619,0.01,0,13.349782501834333,1.28716715039197,8.216573862817594,0.7394451145958987,0.032569360675512665,0.24125452352231605,1.0,,,,,,
R2_aA_m0,R2,2,5,A,exact,unknown,controls,,978,829,829,0.38634324073791504,0.0,0,29.780554052225643,2.981590612647857,95.41097965093563,0.2569360675512666,0.0,0.6815440289505428,0.28950542822677927,,,,,,
R2_aA_m0,R2,2,5,A,stochastic,known,controls,,978,829,829,0.37035703659057617,-0.01,0,23.87924782137016,2.390001853595017,51.890534648554336,0.49939686369119424,0.0,0.40530759951749096,0.5898673100120627,,,,,,
R2_aA_m0,R2,2,6,A,exact,unknown,controls,,978,829,829,0.3769402503967285,0.0,0,28.00697753898478,2.7961440123531784,74.01312308418524,0.21592279855247287,0.0,0.7141133896260555,0.22195416164053075,,,,,,
R2_aA_m0,R2,2,6,A,stochastic,known,controls,,978,829,829,0.3808400630950928,-0.01,0,25.37827890138415,2.600581969608919,48.387847854475076,0.3027744270205066,0.0,0.6525934861278649,0.23642943305186973,,,,,,
R2_aA_m0,R2,2,7,A,exact,unknown,controls,,978,829,829,0.36455440521240234,0.0,0,8.48897521584745,0.9107842138328243,1.59615635860189,1.0,0.0,0.0,1.0,,,,,,
R2_aA_m0,R2,2,7,A,stochastic,known,controls,,978,829,829,0.4603424072265625,-0.01,0,12.120557942798692,1.3284851352063143,3.0709950165778164,0.9891435464414958,0.0,0.0,1.0,,,,,,
R2_aA_m0,R2,2,8,A,exact,unknown,controls,,978,829,829,0.3663058280944824,0.0,0,16.847889075623694,1.5746006322493273,19.746970344417733,0.6598311218335344,0.17249698431845598,0.3281061519903498,1.0,,,,,,
R2_aA_m0,R2,2,8,A,stochastic,known,controls,,978,829,829,0.3755226135253906,-0.01,0,22.05036325552562,2.6043926990798485,40.109940327638036,0.43184559710494574,0.0,0.4969843184559711,0.8468033775633294,,,,,,
R2_aA_m0,R2,2,9,A,exact,unknown,controls,,978,829,829,0.37741923332214355,0.0,0,6.515428249078403,0.6185968945276248,0.6467179986816646,1.0,0.36791314837153194,0.0,1.0,,,,,,
R2_aA_m0,R2,2,9,A,stochastic,known,controls,,978,829,829,0.3585526943206787,-0.01,0,7.016579367598532,1.0874657785336983,2.7062714007608166,1.0,0.0,0.0,1.0,,,,,,
R2_aA_m0,R2,2,10,A,exact,unknown,controls,,978,829,829,0.3939483165740967,0.0,0,27.37253269437419,2.774520814236043,62.487342088445175,0.21592279855247287,0.0,0.721351025331725,0.19782870928829915,,,,,,
R2_aA_m0,R2,2,10,A,stochastic,known,controls,,978,829,829,0.3572063446044922,-0.01,0,25.393229705433118,2.640313951510199,42.934197240417156,0.2605548854041013,0.0,0.7056694813027744,0.20024125452352232,,,,,,
R2_aA_m0,R2,2,11,A,exact,unknown,controls,,978,829,829,0.3082554340362549,0.0,0,7.275953735754903,0.7633575668199144,0.9485716483499333,1.0,0.0,0.0,1.0,,,,,,
R2_aA_m0,R2,2,11,A,stochastic,known,controls,,978,829,829,0.28155040740966797,0.01,0,1.6356912588883208,0.2138088924344317,0.263616910614103,1.0,0.4161640530759952,0.0,1.0,,,,,,
R2_aA_m0,R2,2,12,A,exact,unknown,controls,,978,829,829,0.38262414932250977,0.0,0,17.98242468931503,1.9800411819903083,11.031588551980262,0.638118214716526,0.0,0.3100120627261761,0.9927623642943305,,,,,,
R2_aA_m0,R2,2,12,A,stochastic,known,controls,,978,829,829,0.3376483917236328,0.01,0,13.239517414490503,1.489914980832884,4.619938828753791,0.8480096501809409,0.0,0.07961399276236429,1.0,,,,,,
R2_aA_m0,R2,2,13,A,exact,unknown,controls,,978,829,829,0.35747647285461426,0.0,0,16.642573827472482,1.6210155827727992,13.976244460069065,0.6984318455971049,0.04945717732207479,0.28950542822677927,1.0,,,,,,
R2_aA_m0,R2,2,13,A,stochastic,known,controls,,978,829,829,0.3812389373779297,-0.01,0,10.96559997984207,1.2169695065368487,3.765764688774683,0.9215922798552473,0.0,0.05910735826296743,1.0,,,,,,
R2_aA_m0,R2,2,14,A,exact,unknown,controls,,978,829,829,0.37751221656799316,0.0,0,6.826205951578076,0.668677435011757,0.7177019482117383,1.0,0.0,0.0,1.0,,,,,,
R2_aA_m0,R2,2,14,A,stochastic,known,controls,,978,829,829,0.3561882972717285,-0.01,0,16.62528260213395,3.002511179257546,22.527351489039493,0.0,0.0,0.8069963811821471,0.6996381182147166,,,,,,
R2_aA_m0,R2,2,15,A,exact,unknown,controls,,978,829,829,0.37625789642333984,0.0,0,16.889831814453512,1.8065463946365563,8.807363950132356,0.5790108564535585,0.0,0.3691194209891435,1.0,,,,,,
R2_aA_m0,R2,2,15,A,stochastic,known,controls,,978,829,829,0.3999028205871582,-0.01,0,13.772963772753844,1.717137824068812,8.631529501009455,0.5922798552472859,0.0,0.2135102533172497,1.0,,,,,,
R2_aA_m0,R2,2,16,A,exact,unknown,controls,,978,829,829,0.3558971881866455,0.0,0,12.85847638153719,1.2735613948575129,7.741351531616158,0.729794933655006,0.4016887816646562,0.24728588661037396,1.0,,,,,,
R2_aA_m0,R2,2,16,A,stochastic,known,controls,,978,829,829,0.37436747550964355,-0.01,0,12.310299682922867,1.3020726648806495,5.236459785506142,0.8323281061519904,0.0,0.1519903498190591,1.0,,,,,,
R2_aA_m0,R2,2,17,A,exact,unknown,controls,,978,829,829,0.32767748832702637,0.0,0,31.044607245987656,3.02347266138052,115.31263118368476,0.16887816646562123,0.0,0.7165259348612787,0.2147165259348613,,,,,,
R2_aA_m0,R2,2,17,A,stochastic,known,controls,,978,829,829,0.36934733390808105,0.01,0,41.76548844790074,4.268396102425379,289.7073466437477,0.0036188178528347406,0.0,0.9131483715319663,0.0,,,,,,
R2_aA_m0,R2,2,18,A,exact,unknown,controls,,978,829,829,0.36022114753723145,0.0,0,38.06169655836713,3.8489201590247006,194.93052013566012,0.13751507840772015,0.0,0.8395657418576599,0.09047044632086852,,,,,,
R2_aA_m0,R2,2,18,A,stochastic,known,controls,,978,829,829,0.3571493625640869,-0.01,0,32.03116027116061,3.249661770417318,112.4498734456291,0.13148371531966224,0.0,0.7780458383594693,0.24004825090470447,,,,,,
R2_aA_m0,R2,2,19,A,exact,unknown,controls,,978,829,829,0.37064623832702637,0.0,0,14.18984943679958,1.5647782347326118,5.362759207154126,0.8106151990349819,0.0,0.08805790108564536,1.0,,,,,,
R2_aA_m0,R2,2,19,A,stochastic,known,controls,,978,829,829,0.3907642364501953,0.01,0,7.782054811367614,1.0280801361634002,4.432715563849392,1.0,0.0,0.0,1.0,,,,,,
R4_aA_m0,R4,0,0,A,exact,unknown,controls,,741,592,592,0.31566572189331055,0.0,0,2.549125130430784,0.2536659037938089,0.21451939985507174,1.0,0.6266891891891891,0.0,1.0,,,,,,
R4_aA_m0,R4,0,0,A,stochastic,known,controls,,741,592,592,0.29284191131591797,-0.005,0,2.171008258865914,0.16413030362294015,0.8960148465731815,1.0,0.0,0.0,1.0,,,,,,
R4_aA_m0,R4,0,1,A,exact,unknown,controls,,741,592,592,0.28308796882629395,0.0,0,3.237127877711393,0.4158402184376745,0.2485274049748322,1.0,0.5692567567567568,0.0,1.0,,,,,,
R4_aA_m0,R4,0,1,A,stochastic,known,controls,,741,592,592,0.3168909549713135,-0.005,0,3.3057363086970843,0.35283940045257794,0.4444517891846368,1.0,0.125,0.0,1.0,,,,,,
R4_aA_m0,R4,0,2,A,exact,unknown,controls,,741,592,592,0.293560266494751,0.0,0,5.104996324562292,0.4893066078877224,1.086659066728011,1.0,0.0,0.0,1.0,,,,,,
R4_aA_m0,R4,0,2,A,stochastic,known,controls,,741,592,592,0.2609891891479492,-0.005,0,2.6792835722400627,0.14567181106050583,1.146662013144233,1.0,0.0,0.0,1.0,,,,,,
R4_aA_m0,R4,0,3,A,exact,unknown,controls,,741,592,592,0.259929895401001,0.0,0,6.6936541331505515,0.8968756628014578,1.3803815643171022,1.0,0.34121621621621623,0.0,1.0,,,,,,
R4_aA_m0,R4,0,3,A,stochastic,known,controls,,741,592,592,0.26702451705932617,0.005,0,4.8234946521763336,0.6552333375365859,2.2267864935320203,1.0,0.0,0.0,1.0,,,,,,
R4_aA_m0,R4,0,4,A,exact,unknown,controls,,741,592,592,0.2660856246948242,0.0,0,5.370153173331774,0.6205351483119752,1.4768591390608792,1.0,0.14358108108108109,0.0,1.0,,,,,,
R4_aA_m0,R4,0,4,A,stochastic,known,controls,,741,592,592,0.2935006618499756,0.005,0,5.001627783065102,0.5442634444989799,1.110098986135879,1.0,0.17905405405405406,0.0,1.0,,,,,,
R4_aA_m0,R4,0,5,A,exact,unknown,controls,,741,592,592,0.32362937927246094,0.0,0,2.897552117684054,0.35390895957884266,0.24625492260744264,1.0,0.5388513513513513,0.0,1.0,,,,,,
R4_aA_m0,R4,0,5,A,stochastic,known,controls,,741,592,592,0.19639325141906738,-0.005,0,4.103655164693311,0.7504341504511113,0.7374812988996472,1.0,0.0,0.0,1.0,,,,,,
R4_aA_m0,R4,0,6,A,exact,unknown,controls,,741,592,592,0.24203205108642578,0.0,0,2.1693401083135195,0.19392918505367332,0.20711429627596695,1.0,0.660472972972973,0.0,1.0,,,,,,
R4_aA_m0,R4,0,6,A,stochastic,known,controls,,741,592,592,0.28026866912841797,-0.005,0,1.4865639078832393,0.3310656399856415,0.8618782653353797,1.0,0.0,0.0,1.0,,,,,,
R4_aA_m0,R4,0,7,A,exact,unknown,controls,,741,592,592,0.2873096466064453,0.0,0,2.732846683008627,0.2960341906870097,0.2816954383321845,1.0,0.6385135135135135,0.0,1.0,,,,,,
R4_aA_m0,R4,0,7,A,stochastic,known,controls,,741,592,592,0.2884526252746582,-0.005,0,2.7027525593022594,0.2728541069368976,0.2757431867445558,1.0,0.7263513513513513,0.0,1.0,,,,,,
R4_aA_m0,R4,0,8,A,exact,unknown,controls,,741,592,592,0.2826576232910156,0.0,0,2.1366066985180594,0.24337681382671306,0.16958469880391122,1.0,0.7297297297297297,0.0,1.0,,,,,,
R4_aA_m0,R4,0,8,A,stochastic,known,controls,,741,592,592,0.28314971923828125,-0.005,0,10.248560607711507,2.0724061669799463,4.984089062058109,0.8952702702702703,0.0,0.028716216216216218,1.0,,,,,,
R4_aA_m0,R4,0,9,A,exact,unknown,controls,,741,592,592,0.2708134651184082,0.0,0,3.5568347123591773,0.3685431933227192,0.490048581327783,1.0,0.2195945945945946,0.0,1.0,,,,,,
R4_aA_m0,R4,0,9,A,stochastic,known,controls,,741,592,592,0.2878258228302002,-0.005,0,9.042233990342918,1.5834987709647377,3.4201642207732794,1.0,0.0,0.0,1.0,,,,,,
R4_aA_m0,R4,0,10,A,exact,unknown,controls,,741,592,592,0.2682673931121826,0.0,0,4.3508806530583435,0.5110164087224163,0.6623098616060021,1.0,0.2483108108108108,0.0,1.0,,,,,,
R4_aA_m0,R4,0,10,A,stochastic,known,controls,,741,592,592,0.2653207778930664,-0.005,0,2.634117433792038,0.18583998480644193,1.534608581829928,1.0,0.0,0.0,1.0,,,,,,
R4_aA_m0,R4,0,11,A,exact,unknown,controls,,741,592,592,0.27201342582702637,0.0,0,2.619295648586209,0.2976306689566098,0.24339378592356745,1.0,0.518581081081081,0.0,1.0,,,,,,
R4_aA_m0,R4,0,11,A,stochastic,known,controls,,741,592,592,0.3391549587249756,0.005,0,1.011815698971782,0.12243385036391008,0.4500660417852721,1.0,0.0,0.0,1.0,,,,,,
R4_aA_m0,R4,0,12,A,exact,unknown,controls,,741,592,592,0.2881436347961426,0.0,0,1.4536050230253967,0.1347303142457232,0.21454527463834433,1.0,0.6114864864864865,0.0,1.0,,,,,,
R4_aA_m0,R4,0,12,A,stochastic,known,controls,,741,592,592,0.2680833339691162,0.005,0,2.5357143037307357,0.284967539296052,1.8846446023724415,1.0,0.0,0.0,1.0,,,,,,
R4_aA_m0,R4,0,13,A,exact,unknown,controls,,741,592,592,0.2650270462036133,0.0,0,2.4405023164871786,0.3112690313948675,0.17379496634121921,1.0,0.6807432432432432,0.0,1.0,,,,,,
R4_aA_m0,R4,0,13,A,stochastic,known,controls,,741,592,592,0.28742074966430664,-0.005,0,1.5918953259851054,0.3894516084059562,2.279323749014435,1.0,0.0,0.0,1.0,,,,,,
R4_aA_m0,R4,0,14,A,exact,unknown,controls,,741,592,592,0.2894015312194824,0.0,0,5.460786391429321,0.6153932482513479,0.9183510931969715,1.0,0.0,0.0,1.0,,,,,,
R4_aA_m0,R4,0,14,A,stochastic,known,controls,,741,592,592,0.2888765335083008,-0.005,0,8.403352647793582,2.131960325069361,8.679149903892505,0.17567567567567569,0.0,0.12162162162162163,0.9898648648648649,,,,,,
R4_aA_m0,R4,0,15,A,exact,unknown,controls,,741,592,592,0.22027087211608887,0.0,0,7.433849052574675,0.8262374901701467,1.5912730590811541,1.0,0.27871621621621623,0.0,1.0,,,,,,
R4_aA_m0,R4,0,15,A,stochastic,known,controls,,741,592,592,0.2833530902862549,-0.005,0,4.285244268543322,0.6625595994549268,3.2253702470519436,1.0,0.0,0.0,1.0,,,,,,
R4_aA_m0,R4,0,16,A,exact,unknown,controls,,741,592,592,0.27358269691467285,0.0,0,4.116979914345974,0.5166806365865789,0.4385529834886299,1.0,0.3716216216216216,0.0,1.0,,,,,,
R4_aA_m0,R4,0,16,A,stochastic,known,controls,,741,592,592,0.28788256645202637,-0.005,0,7.7635682556880425,1.3897771798729868,4.298834455346159,0.981418918918919,0.0,0.0,1.0,,,,,,
R4_aA_m0,R4,0,17,A,exact,unknown,controls,,741,592,592,0.28569841384887695,0.0,0,2.7692806245499026,0.3150057178770358,0.34736671574621486,1.0,0.3885135135135135,0.0,1.0,,,,,,
R4_aA_m0,R4,0,17,A,stochastic,known,controls,,741,592,592,0.2639956474304199,0.005,0,5.438369686833199,1.113216281017628,1.9515514785276549,1.0,0.0,0.0,1.0,,,,,,
R4_aA_m0,R4,0,18,A,exact,unknown,controls,,741,592,592,0.21544647216796875,0.0,0,4.445042368295819,0.5095790632205641,0.7678368974694705,1.0,0.0,0.0,1.0,,,,,,
R4_aA_m0,R4,0,18,A,stochastic,known,controls,,741,592,592,0.19789600372314453,-0.005,0,2.5004756742475522,0.1388718984395102,1.9207864219272046,1.0,0.0,0.0,1.0,,,,,,
R4_aA_m0,R4,0,19,A,exact,unknown,controls,,741,592,592,0.2790501117706299,0.0,0,2.6150036155214784,0.259323097340512,0.531137964658134,1.0,0.033783783783783786,0.0,1.0,,,,,,
R4_aA_m0,R4,0,19,A,stochastic,known,controls,,741,592,592,0.2477724552154541,0.005,0,5.466378191692617,0.9280375534724744,4.412309959276029,1.0,0.0,0.0,1.0,,,,,,
R4_aA_m0,R4,1,0,A,exact,unknown,controls,,741,592,592,0.23523306846618652,0.0,0,2.5224175353824267,0.2566809887402498,0.2035267578313833,1.0,0.6587837837837838,0.0,1.0,,,,,,
R4_aA_m0,R4,1,0,A,stochastic,known,controls,,741,592,592,0.18309402465820312,-0.0075,0,2.098503252850461,0.1655508574532876,0.9032227968179986,1.0,0.0,0.0,1.0,,,,,,
R4_aA_m0,R4,1,1,A,exact,unknown,controls,,741,592,592,0.3471252918243408,0.0,0,3.0997712384769387,0.38680767609357125,0.22488990717648,1.0,0.5777027027027027,0.0,1.0,,,,,,
R4_aA_m0,R4,1,1,A,stochastic,known,controls,,741,592,592,0.29660749435424805,-0.0075,0,3.369883969605975,0.36320965399729205,0.44479529044290667,1.0,0.052364864864864864,0.0,1.0,,,,,,
R4_aA_m0,R4,1,2,A,exact,unknown,controls,,741,592,592,0.2691926956176758,0.0,0,6.607723237152584,0.6387842406857919,1.785947527203013,1.0,0.0,0.0,1.0,,,,,,
R4_aA_m0,R4,1,2,A,stochastic,known,controls,,741,592,592,0.2911343574523926,-0.0075,0,4.189631445075951,0.21959175784081697,1.6566129190939256,1.0,0.0,0.0,1.0,,,,,,
R4_aA_m0,R4,1,3,A,exact,unknown,controls,,741,592,592,0.2738516330718994,0.0,0,8.410302605164302,1.1045965702677178,2.548260719371281,0.9594594594594594,0.028716216216216218,0.0,1.0,,,,,,
R4_aA_m0,R4,1,3,A,stochastic,known,controls,,741,592,592,0.2685859203338623,0.0075,0,4.7849755743263085,0.5353256031876024,2.67123347010898,1.0,0.0,0.0,1.0,,,,,,
R4_aA_m0,R4,1,4,A,exact,unknown,controls,,741,592,592,0.349287748336792,0.0,0,5.514231134203852,0.6273795503116408,1.8079167740287818,1.0,0.08614864864864864,0.0,1.0,,,,,,
R4_aA_m0,R4,1,4,A,stochastic,known,controls,,741,592,592,0.28679609298706055,0.0075,0,5.276848840128179,0.5716804191932816,1.2530029383378682,1.0,0.14020270270270271,0.0,1.0,,,,,,
R4_aA_m0,R4,1,5,A,exact,unknown,controls,,741,592,592,0.2867560386657715,0.0,0,2.6905153722764625,0.25158793589333395,0.3428895576831651,1.0,0.36824324324324326,0.0,1.0,,,,,,
R4_aA_m0,R4,1,5,A,stochastic,known,controls,,741,592,592,0.26900672912597656,-0.0075,0,2.9646267914398234,0.5888032157383738,0.8978936773847191,1.0,0.0,0.0,1.0,,,,,,
R4_aA_m0,R4,1,6,A,exact,unknown,controls,,741,592,592,0.2904980182647705,0.0,0,1.9832970657233673,0.17183389275454167,0.16896788249519498,1.0,0.7179054054054054,0.0,1.0,,,,,,
R4_aA_m0,R4,1,6,A,stochastic,known,controls,,741,592,592,0.26554393768310547,-0.0075,0,1.4984180311149171,0.3428411794252978,0.8285403696613228,1.0,0.0,0.0,1.0,,,,,,
R4_aA_m0,R4,1,7,A,exact,unknown,controls,,741,592,592,0.2661759853363037,0.0,0,2.799896562432191,0.25083758823622077,0.4311880254583868,1.0,0.23141891891891891,0.0,1.0,,,,,,
R4_aA_m0,R4,1,7,A,stochastic,known,controls,,741,592,592,0.2747950553894043,-0.0075,0,2.9587793480784943,0.306663680838915,0.26034295805562224,1.0,0.543918918918919,0.0,1.0,,,,,,
R4_aA_m0,R4,1,8,A,exact,unknown,controls,,741,592,592,0.2690732479095459,0.0,0,2.1844224541319543,0.2443332272089338,0.16257015804915376,1.0,0.6925675675675675,0.0,1.0,,,,,,
R4_aA_m0,R4,1,8,A,stochastic,known,controls,,741,592,592,0.2841670513153076,-0.0075,0,10.048843096463237,2.051572140506817,4.875670659689798,0.9155405405405406,0.0,0.015202702702702704,1.0,,,,,,
R4_aA_m0,R4,1,9,A,exact,unknown,controls,,741,592,592,0.2841641902923584,0.0,0,3.477176085886897,0.3706912695259366,0.5073109451675409,1.0,0.21283783783783783,0.0,1.0,,,,,,
R4_aA_m0,R4,1,9,A,stochastic,known,controls,,741,592,592,0.28978753089904785,-0.0075,0,8.826983166511722,1.5647423365739714,3.2350393541954148,1.0,0.0,0.0,1.0,,,,,,
R4_aA_m0,R4,1,10,A,exact,unknown,controls,,741,592,592,0.2854926586151123,0.0,0,2.805408032036099,0.3244912610555827,0.2491315707151687,1.0,0.40371621621621623,0.0,1.0,,,,,,
R4_aA_m0,R4,1,10,A,stochastic,known,controls,,741,592,592,0.29000163078308105,-0.0075,0,1.7842821327129066,0.23455794059949364,1.1871634630410053,1.0,0.0,0.0,1.0,,,,,,
R4_aA_m0,R4,1,11,A,exact,unknown,controls,,741,592,592,0.2854123115539551,0.0,0,2.9521890030550817,0.33728571150354403,0.3579464936743242,1.0,0.13513513513513514,0.0,1.0,,,,,,
R4_aA_m0,R4,1,11,A,stochastic,known,controls,,741,592,592,0.2716484069824219,0.0075,0,1.10518514512822,0.11810823833969854,0.4392747818129424,1.0,0.0,0.0,1.0,,,,,,
R4_aA_m0,R4,1,12,A,exact,unknown,controls,,741,592,592,0.2921416759490967,0.0,0,1.378752780455135,0.20314762488625027,0.26367450463404307,1.0,0.4814189189189189,0.0,1.0,,,,,,
R4_aA_m0,R4,1,12,A,stochastic,known,controls,,741,592,592,0.2921411991119385,0.0075,0,1.249574112076735,0.18177459904003446,1.6292046016696544,1.0,0.0,0.0,1.0,,,,,,
R4_aA_m0,R4,1,13,A,exact,unknown,controls,,741,592,592,0.29039716720581055,0.0,0,2.4748881788204735,0.3196096523166807,0.1690079679868549,1.0,0.7212837837837838,0.0,1.0,,,,,,
R4_aA_m0,R4,1,13,A,stochastic,known,controls,,741,592,592,0.2895677089691162,-0.0075,0,1.6360380983649492,0.4005755930896559,2.3145845029325525,1.0,0.0,0.0,1.0,,,,,,
R4_aA_m0,R4,1,14,A,exact,unknown,controls,,741,592,592,0.28961968421936035,0.0,0,5.179442733882241,0.5825043502785738,0.827625948974787,1.0,0.0,0.0,1.0,,,,,,
R4_aA_m0,R4,1,14,A,stochastic,known,controls,,741,592,592,0.27364397048950195,-0.0075,0,8.603169918953077,2.149077154759554,8.71988310593027,0.19594594594594594,0.0,0.2179054054054054,0.9864864864864865,,,,,,
R4_aA_m0,R4,1,15,A,exact,unknown,controls,,741,592,592,0.27945637702941895,0.0,0,8.837743861386201,0.9794277575788932,2.3236485383720824,1.0,0.22128378378378377,0.0,1.0,,,,,,
R4_aA_m0,R4,1,15,A,stochastic,known,controls,,741,592,592,0.20934057235717773,-0.0075,0,4.346031795376338,0.5176455685362247,3.5726619565779383,1.0,0.0,0.0,1.0,,,,,,
R4_aA_m0,R4,1,16,A,exact,unknown,controls,,741,592,592,0.23952960968017578,0.0,0,4.114359142242144,0.5218394667867208,0.4674609558991785,1.0,0.3783783783783784,0.0,1.0,,,,,,
R4_aA_m0,R4,1,16,A,stochastic,known,controls,,741,592,592,0.3421471118927002,-0.0075,0,7.614561755257375,1.3738920168534028,4.233209621633378,0.9949324324324325,0.0,0.0,1.0,,,,,,
R4_aA_m0,R4,1,17,A,exact,unknown,controls,,741,592,592,0.2661128044128418,0.0,0,1.952923532197266,0.22017056214593117,0.3486076776058567,1.0,0.34797297297297297,0.0,1.0,,,,,,
R4_aA_m0,R4,1,17,A,stochastic,known,controls,,741,592,592,0.26743316650390625,0.0075,0,6.796822473818523,1.2705153710661823,1.9071463603362548,1.0,0.0,0.0,1.0,,,,,,
R4_aA_m0,R4,1,18,A,exact,unknown,controls,,741,592,592,0.2715601921081543,0.0,0,6.180920076956093,0.7020612920775485,1.3733405659568318,1.0,0.0,0.0,1.0,,,,,,
R4_aA_m0,R4,1,18,A,stochastic,known,controls,,741,592,592,0.2680797576904297,-0.0075,0,4.0720511714012675,0.2233738164189424,2.6715937028631718,1.0,0.0,0.0,1.0,,,,,,
R4_aA_m0,R4,1,19,A,exact,unknown,controls,,741,592,592,0.2693963050842285,0.0,0,1.4045006938190434,0.16122995333729243,0.44037996210612645,1.0,0.22128378378378377,0.0,1.0,,,,,,
R4_aA_m0,R4,1,19,A,stochastic,known,controls,,741,592,592,0.2698080539703369,0.0075,0,3.927714834276756,0.7609221545008055,3.75343600354726,1.0,0.0,0.0,1.0,,,,,,
R4_aA_m0,R4,2,0,A,exact,unknown,controls,,741,592,592,0.26824498176574707,0.0,0,1.8456847550761282,0.14542720944001,0.19776221756961912,1.0,0.8040540540540541,0.0,1.0,,,,,,
R4_aA_m0,R4,2,0,A,stochastic,known,controls,,741,592,592,0.2694687843322754,-0.01,0,2.270435650969046,0.29683643379305136,0.8932359226847278,1.0,0.0,0.0,1.0,,,,,,
R4_aA_m0,R4,2,1,A,exact,unknown,controls,,741,592,592,0.2841916084289551,0.0,0,3.1631799704543035,0.29811806428651244,0.3380012257319315,1.0,0.375,0.0,1.0,,,,,,
R4_aA_m0,R4,2,1,A,stochastic,known,controls,,741,592,592,0.28437280654907227,-0.01,0,4.746135405174176,0.52278183718897,0.7620639025155705,1.0,0.0,0.0,1.0,,,,,,
R4_aA_m0,R4,2,2,A,exact,unknown,controls,,741,592,592,0.28435635566711426,0.0,0,11.174378828996858,1.1107848215289817,6.018794076000796,0.964527027027027,0.0,0.0,1.0,,,,,,
R4_aA_m0,R4,2,2,A,stochastic,known,controls,,741,592,592,0.28653979301452637,-0.01,0,8.765372053092536,0.6760625458915028,4.366303257417519,1.0,0.0,0.0,1.0,,,,,,
R4_aA_m0,R4,2,3,A,exact,unknown,controls,,741,592,592,0.2865560054779053,0.0,0,12.689895172438867,1.581420707455449,7.794906656217725,0.6097972972972973,0.0,0.28885135135135137,0.7601351351351351,,,,,,
R4_aA_m0,R4,2,3,A,stochastic,known,controls,,741,592,592,0.28793787956237793,0.01,0,6.931615716069191,0.5138838760608535,4.52068839003578,0.8445945945945946,0.0,0.0,1.0,,,,,,
R4_aA_m0,R4,2,4,A,exact,unknown,controls,,741,592,592,0.28793787956237793,0.0,0,7.596372429619513,0.8396965381842592,3.5995046962795705,0.9510135135135135,0.0,0.0,1.0,,,,,,
R4_aA_m0,R4,2,4,A,stochastic,known,controls,,741,592,592,0.2762486934661865,0.01,0,7.525036285046244,0.8088902543549565,2.603654101766012,1.0,0.0,0.0,1.0,,,,,,
R4_aA_m0,R4,2,5,A,exact,unknown,controls,,741,592,592,0.28661274909973145,0.0,0,7.390747158254271,0.6586107130236872,2.228760231772853,1.0,0.0,0.0,1.0,,,,,,
R4_aA_m0,R4,2,5,A,stochastic,known,controls,,741,592,592,0.2863736152648926,-0.01,0,5.070637617095836,0.22987793907810727,2.6467219945385736,1.0,0.0,0.0,1.0,,,,,,
R4_aA_m0,R4,2,6,A,exact,unknown,controls,,741,592,592,0.28637242317199707,0.0,0,1.8699743000644633,0.20828240744948692,0.14792903893979698,1.0,0.8496621621621622,0.0,1.0,,,,,,
R4_aA_m0,R4,2,6,A,stochastic,known,controls,,741,592,592,0.28640079498291016,-0.01,0,2.8782625692805266,0.566594493128372,0.6444411427517196,1.0,0.0,0.0,1.0,,,,,,
R4_aA_m0,R4,2,7,A,exact,unknown,controls,,741,592,592,0.2884800434112549,0.0,0,6.325524741354518,0.5681599225554237,1.6819837123378882,1.0,0.16722972972972974,0.0,1.0,,,,,,
R4_aA_m0,R4,2,7,A,stochastic,known,controls,,741,592,592,0.28844738006591797,-0.01,0,6.67705145505226,0.711420484899233,1.5807227176441012,1.0,0.0,0.0,1.0,,,,,,
R4_aA_m0,R4,2,8,A,exact,unknown,controls,,741,592,592,0.19761967658996582,0.0,0,3.316984951448193,0.2701350115738948,0.46288933661590786,1.0,0.5118243243243243,0.0,1.0,,,,,,
R4_aA_m0,R4,2,8,A,stochastic,known,controls,,741,592,592,0.28899574279785156,-0.01,0,7.84734640494916,1.8148103185547064,4.032493421490788,1.0,0.0,0.0,1.0,,,,,,
R4_aA_m0,R4,2,9,A,exact,unknown,controls,,741,592,592,0.28899574279785156,0.0,0,1.8292386345300973,0.19396409746406393,0.39068901883762347,1.0,0.28716216216216217,0.0,1.0,,,,,,
R4_aA_m0,R4,2,9,A,stochastic,known,controls,,741,592,592,0.27165818214416504,-0.01,0,6.530044258218844,1.321502812529852,2.362757883100811,1.0,0.0,0.0,1.0,,,,,,
R4_aA_m0,R4,2,10,A,exact,unknown,controls,,741,592,592,0.2673819065093994,0.0,0,2.9628668417792454,0.2526188066620273,0.42068062915483334,1.0,0.5337837837837838,0.0,1.0,,,,,,
R4_aA_m0,R4,2,10,A,stochastic,known,controls,,741,592,592,0.23620176315307617,-0.01,0,4.681161276459695,0.6711536297452148,1.82277165634147,1.0,0.0,0.0,1.0,,,,,,
R4_aA_m0,R4,2,11,A,exact,unknown,controls,,741,592,592,0.24027347564697266,0.0,0,5.361645416538111,0.5940251963215256,1.2963459517625455,1.0,0.0,0.0,1.0,,,,,,
R4_aA_m0,R4,2,11,A,stochastic,known,controls,,741,592,592,0.3286628723144531,0.01,0,3.1147334346616486,0.27006126259191005,0.8294613426307519,1.0,0.0,0.0,1.0,,,,,,
R4_aA_m0,R4,2,12,A,exact,unknown,controls,,741,592,592,0.23796987533569336,0.0,0,5.694994097190262,0.6856116694364764,1.738095743520897,1.0,0.0,0.0,1.0,,,,,,
R4_aA_m0,R4,2,12,A,stochastic,known,controls,,741,592,592,0.3230130672454834,0.01,0,4.298347396903147,0.497121407841379,2.597949084631581,1.0,0.0,0.0,1.0,,,,,,
R4_aA_m0,R4,2,13,A,exact,unknown,controls,,741,592,592,0.2747921943664551,0.0,0,1.6294207256485334,0.19631658683106912,0.09898537034853412,1.0,0.8277027027027027,0.0,1.0,,,,,,
R4_aA_m0,R4,2,13,A,stochastic,known,controls,,741,592,592,0.2720370292663574,-0.01,0,2.995682640477993,0.5933372092359929,2.4094482253987484,1.0,0.0,0.0,1.0,,,,,,
R4_aA_m0,R4,2,14,A,exact,unknown,controls,,741,592,592,0.2744624614715576,0.0,0,2.995284629480797,0.3486730390599488,0.38685514679959615,1.0,0.27702702702702703,0.0,1.0,,,,,,
R4_aA_m0,R4,2,14,A,stochastic,known,controls,,741,592,592,0.2747914791107178,-0.01,0,10.751845936757551,2.3748308906825155,9.699321634909127,0.2195945945945946,0.0,0.5591216216216216,0.8412162162162162,,,,,,
R4_aA_m0,R4,2,15,A,exact,unknown,controls,,741,592,592,0.27580976486206055,0.0,0,13.22622217288472,1.4577076687486497,6.609390992709701,0.47635135135135137,0.0,0.3344594594594595,0.6402027027027027,,,,,,
R4_aA_m0,R4,2,15,A,stochastic,known,controls,,741,592,592,0.27353930473327637,-0.01,0,6.931255339312497,0.3144539255230485,5.873408311537153,0.6233108108108109,0.0,0.07601351351351351,1.0,,,,,,
R4_aA_m0,R4,2,16,A,exact,unknown,controls,,741,592,592,0.24167680740356445,0.0,0,2.5572314513042897,0.33746612445848645,0.3231665637221372,1.0,0.47635135135135137,0.0,1.0,,,,,,
R4_aA_m0,R4,2,16,A,stochastic,known,controls,,741,592,592,0.2740015983581543,-0.01,0,5.513561310923834,1.1491020766560869,3.270713101730985,1.0,0.0,0.0,1.0,,,,,,
R4_aA_m0,R4,2,17,A,exact,unknown,controls,,741,592,592,0.2842130661010742,0.0,0,4.2245655993178195,0.4111524467397412,1.3667618250777827,1.0,0.0,0.0,1.0,,,,,,
R4_aA_m0,R4,2,17,A,stochastic,known,controls,,741,592,592,0.2811615467071533,0.01,0,11.18126522079638,1.756124546016631,3.8163151907571238,1.0,0.0,0.0,0.8547297297297297,,,,,,
R4_aA_m0,R4,2,18,A,exact,unknown,controls,,741,592,592,0.2859644889831543,0.0,0,10.93968250570215,1.2142871008335805,5.230493109760559,0.918918918918919,0.0,0.0,1.0,,,,,,
R4_aA_m0,R4,2,18,A,stochastic,known,controls,,741,592,592,0.2918965816497803,-0.01,0,8.487752666162205,0.6633419559031319,6.457764028036622,0.9510135135135135,0.0,0.0,1.0,,,,,,
R4_aA_m0,R4,2,19,A,exact,unknown,controls,,741,592,592,0.2923548221588135,0.0,0,5.659487908129009,0.6610130144014214,1.9612022579164046,1.0,0.0,0.0,1.0,,,,,,
R4_aA_m0,R4,2,19,A,stochastic,known,controls,,741,592,592,0.2974393367767334,0.01,0,1.948987623732253,0.34754818477596033,3.8629013949909226,1.0,0.0,0.0,1.0,,,,,,
R5_aA_m0,R5,0,0,A,exact,unknown,controls,,1414,1265,1265,0.4603135585784912,0.0,0,6.368879267201859,0.6400740608847171,0.9171788623186645,1.0,0.3660079051383399,0.0,1.0,,,,,,
R5_aA_m0,R5,0,0,A,stochastic,known,controls,,1414,1265,1265,0.5543382167816162,-0.005,0,5.196349379351096,0.5521338251471133,0.2865379715511066,1.0,0.3715415019762846,0.0,1.0,,,,,,
R5_aA_m0,R5,0,1,A,exact,unknown,controls,,1414,1265,1265,0.5543386936187744,0.0,0,12.818249528341878,1.218748438439862,10.503359029482986,0.758893280632411,0.11146245059288537,0.22529644268774704,1.0,,,,,,
R5_aA_m0,R5,0,1,A,stochastic,known,controls,,1414,1265,1265,0.5960469245910645,-0.005,0,10.860392779381764,1.2077578305400551,6.192917641339038,0.8,0.0031620553359683794,0.1857707509881423,1.0,,,,,,
R5_aA_m0,R5,0,2,A,exact,unknown,controls,,1414,1265,1265,0.5605261325836182,0.0,0,8.00121597009819,0.81877081715119,0.8722224055301964,1.0,0.23557312252964427,0.0,1.0,,,,,,
R5_aA_m0,R5,0,2,A,stochastic,known,controls,,1414,1265,1265,0.5646848678588867,-0.005,0,7.3801642901205815,0.8730350753881254,4.78313101262187,0.733596837944664,0.0,0.14150197628458497,1.0,,,,,,
R5_aA_m0,R5,0,3,A,exact,unknown,controls,,1414,1265,1265,0.5663843154907227,0.0,0,13.55863720623964,1.3561844481361027,20.16609866428028,0.6861660079051384,0.11304347826086956,0.29960474308300394,1.0,,,,,,
R5_aA_m0,R5,0,3,A,stochastic,known,controls,,1414,1265,1265,0.56331467628479,0.005,0,10.379050360170565,1.5838545002966864,5.3643690370810475,0.8403162055335969,0.0,0.13359683794466404,1.0,,,,,,
R5_aA_m0,R5,0,4,A,exact,unknown,controls,,1414,1265,1265,0.562936544418335,0.0,0,9.670777392464679,0.9083666820295362,4.236450015612142,0.8181818181818182,0.5446640316205533,0.16284584980237155,1.0,,,,,,
R5_aA_m0,R5,0,4,A,stochastic,known,controls,,1414,1265,1265,0.5633361339569092,0.005,0,10.256958150910872,0.9274484769478555,4.098733340811219,0.8300395256916996,0.6221343873517786,0.1533596837944664,1.0,,,,,,
R5_aA_m0,R5,0,5,A,exact,unknown,controls,,1414,1265,1265,0.460068941116333,0.0,0,8.546798494879601,0.9419542625690572,0.9101167702451112,1.0,0.10988142292490119,0.0,1.0,,,,,,
R5_aA_m0,R5,0,5,A,stochastic,known,controls,,1414,1265,1265,0.5571153163909912,-0.005,0,6.094960535565345,0.745576785939106,0.7095305296935998,1.0,0.0,0.0,1.0,,,,,,
R5_aA_m0,R5,0,6,A,exact,unknown,controls,,1414,1265,1265,0.5597376823425293,0.0,0,12.864396948433656,1.2268567602888565,5.829053292979215,0.7098814229249012,0.2308300395256917,0.2656126482213439,1.0,,,,,,
R5_aA_m0,R5,0,6,A,stochastic,known,controls,,1414,1265,1265,0.5597376823425293,-0.005,0,13.668667713840561,1.431962425678314,6.369197545668461,0.7059288537549407,0.0,0.2616600790513834,1.0,,,,,,
R5_aA_m0,R5,0,7,A,exact,unknown,controls,,1414,1265,1265,0.5204010009765625,0.0,0,7.97675089612905,0.7938653580723728,1.5836826503062282,0.9264822134387352,0.6158102766798419,0.05849802371541502,1.0,,,,,,
R5_aA_m0,R5,0,7,A,stochastic,known,controls,,1414,1265,1265,0.47634005546569824,-0.005,0,7.816722003484087,0.8003006286873441,1.7467999652279547,0.9177865612648222,0.616600790513834,0.06482213438735178,1.0,,,,,,
R5_aA_m0,R5,0,8,A,exact,unknown,controls,,1414,1265,1265,0.5122413635253906,0.0,0,11.28666534479924,1.1573438596813317,16.18105363614183,0.45217391304347826,0.233201581027668,0.5375494071146245,1.0,,,,,,
R5_aA_m0,R5,0,8,A,stochastic,known,controls,,1414,1265,1265,0.5194063186645508,-0.005,0,19.678575375986558,2.4791669041407256,59.74079926341947,0.2964426877470356,0.0,0.6458498023715415,0.9992094861660079,,,,,,
R5_aA_m0,R5,0,9,A,exact,unknown,controls,,1414,1265,1265,0.4830164909362793,0.0,0,16.59864029769666,1.6818308464995575,7.4735347642860965,0.7067193675889328,0.2316205533596838,0.26324110671936757,1.0,,,,,,
R5_aA_m0,R5,0,9,A,stochastic,known,controls,,1414,1265,1265,0.5312416553497314,-0.005,0,21.13672102155112,2.4382919692150242,21.57265287741557,0.5470355731225296,0.0,0.42450592885375493,1.0,,,,,,
R5_aA_m0,R5,0,10,A,exact,unknown,controls,,1414,1265,1265,0.5140233039855957,0.0,0,10.520506129130593,1.0260525205217546,2.1272584672581614,0.9936758893280633,0.2339920948616601,0.0,1.0,,,,,,
R5_aA_m0,R5,0,10,A,stochastic,known,controls,,1414,1265,1265,0.5098721981048584,-0.005,0,11.991036880629194,1.2775908908118943,2.7288407942377515,0.9478260869565217,0.0,0.034782608695652174,1.0,,,,,,
R5_aA_m0,R5,0,11,A,exact,unknown,controls,,1414,1265,1265,0.5170729160308838,0.0,0,6.27604673400573,0.6716991601020514,3.361327630801729,0.9612648221343874,0.17707509881422925,0.0,1.0,,,,,,
R5_aA_m0,R5,0,11,A,stochastic,known,controls,,1414,1265,1265,0.5104730129241943,0.005,0,7.873664176253213,0.8266636777033104,6.098736192487868,0.5794466403162055,0.06561264822134387,0.41027667984189725,1.0,,,,,,
R5_aA_m0,R5,0,12,A,exact,unknown,controls,,1414,1265,1265,0.508568286895752,0.0,0,10.097144477637624,0.9754640706824944,4.2689755974894785,0.8173913043478261,0.48774703557312254,0.16442687747035573,1.0,,,,,,
R5_aA_m0,R5,0,12,A,stochastic,known,controls,,1414,1265,1265,0.5042798519134521,0.005,0,9.868368127749726,0.9353935254538549,4.4058731732643475,0.8260869565217391,0.0,0.15731225296442689,1.0,,,,,,
R5_aA_m0,R5,0,13,A,exact,unknown,controls,,1414,1265,1265,0.4337270259857178,0.0,0,18.721909975150794,1.858728136407635,24.408254134001197,0.48221343873517786,0.1826086956521739,0.5011857707509881,1.0,,,,,,
R5_aA_m0,R5,0,13,A,stochastic,known,controls,,1414,1265,1265,0.4941093921661377,-0.005,0,16.180122821097246,1.6768243920809633,11.143722338053774,0.6173913043478261,0.0,0.36284584980237156,1.0,,,,,,
R5_aA_m0,R5,0,14,A,exact,unknown,controls,,1414,1265,1265,0.5448665618896484,0.0,0,3.947767706603718,0.3722414853133407,0.1542504718730292,1.0,0.7747035573122529,0.0,1.0,,,,,,
R5_aA_m0,R5,0,14,A,stochastic,known,controls,,1414,1265,1265,0.5448665618896484,-0.005,0,11.485970877567654,2.5063004054241014,11.12652168757471,0.003952569169960474,0.0,0.7818181818181819,0.9683794466403162,,,,,,
R5_aA_m0,R5,0,15,A,exact,unknown,controls,,1414,1265,1265,0.5169830322265625,0.0,0,1.9779647526768998,0.39063066372101035,0.4184649569412666,1.0,0.4608695652173913,0.0,1.0,,,,,,
R5_aA_m0,R5,0,15,A,stochastic,known,controls,,1414,1265,1265,0.5395748615264893,-0.005,0,7.063509721031238,1.6265026163557743,5.324488746495636,0.782608695652174,0.0,0.16521739130434782,1.0,,,,,,
R5_aA_m0,R5,0,16,A,exact,unknown,controls,,1414,1265,1265,0.5070438385009766,0.0,0,13.549304752612322,1.4693475274671406,38.69885315947506,0.3841897233201581,0.23873517786561266,0.6055335968379446,1.0,,,,,,
R5_aA_m0,R5,0,16,A,stochastic,known,controls,,1414,1265,1265,0.41259169578552246,-0.005,0,16.014936238175334,1.7388086792916342,50.07222935996149,0.4079051383399209,0.0,0.5818181818181818,1.0,,,,,,
R5_aA_m0,R5,0,17,A,exact,unknown,controls,,1414,1265,1265,0.5201873779296875,0.0,0,5.6789426769341915,0.7419889892180814,4.458054423769403,0.6221343873517786,0.37549407114624506,0.3525691699604743,1.0,,,,,,
R5_aA_m0,R5,0,17,A,stochastic,known,controls,,1414,1265,1265,0.5651371479034424,0.005,0,12.276032338358588,1.7207790119032496,27.90933244015945,0.45296442687747035,0.0,0.5335968379446641,1.0,,,,,,
R5_aA_m0,R5,0,18,A,exact,unknown,controls,,1414,1265,1265,0.5651371479034424,0.0,0,13.628077775465046,1.3413695174458076,3.7282740010783515,0.8237154150197629,0.09249011857707509,0.1367588932806324,1.0,,,,,,
R5_aA_m0,R5,0,18,A,stochastic,known,controls,,1414,1265,1265,0.5583755970001221,-0.005,0,11.450869794244374,1.2004079933478777,2.6175457271406093,0.9288537549407114,0.0,0.05849802371541502,1.0,,,,,,
R5_aA_m0,R5,0,19,A,exact,unknown,controls,,1414,1265,1265,0.558525800704956,0.0,0,15.649893556765461,1.4700468371559252,24.79376391625784,0.7138339920948616,0.23557312252964427,0.2766798418972332,1.0,,,,,,
R5_aA_m0,R5,0,19,A,stochastic,known,controls,,1414,1265,1265,0.513800859451294,0.005,0,13.825904514817495,1.4511417095432841,25.29575816105596,0.6656126482213439,0.0,0.3201581027667984,1.0,,,,,,
R5_aA_m0,R5,1,0,A,exact,unknown,controls,,1414,1265,1265,0.5218963623046875,0.0,0,7.119520239038021,0.7162335992760888,1.8637980456632044,1.0,0.28537549407114626,0.0,1.0,,,,,,
R5_aA_m0,R5,1,0,A,stochastic,known,controls,,1414,1265,1265,0.48755669593811035,-0.0075,0,5.423926576505429,0.5785817120586072,0.3691104152690301,1.0,0.2134387351778656,0.0,1.0,,,,,,
R5_aA_m0,R5,1,1,A,exact,unknown,controls,,1414,1265,1265,0.5179328918457031,0.0,0,12.785857960118316,1.2044193827800196,12.27394932530081,0.7462450592885376,0.32252964426877473,0.24110671936758893,1.0,,,,,,
R5_aA_m0,R5,1,1,A,stochastic,known,controls,,1414,1265,1265,0.5025835037231445,-0.0075,0,10.960151203113838,1.2134862033474114,7.08637369301556,0.7786561264822134,0.0071146245059288534,0.1984189723320158,1.0,,,,,,
R5_aA_m0,R5,1,2,A,exact,unknown,controls,,1414,1265,1265,0.529808521270752,0.0,0,9.938862679636827,0.9513548811367265,5.6564618636032,0.7857707509881423,0.23478260869565218,0.2015810276679842,1.0,,,,,,
R5_aA_m0,R5,1,2,A,stochastic,known,controls,,1414,1265,1265,0.5578498840332031,-0.0075,0,8.129465124174331,0.8618367647634152,2.170128107477442,0.9446640316205533,0.0,0.039525691699604744,1.0,,,,,,
R5_aA_m0,R5,1,3,A,exact,unknown,controls,,1414,1265,1265,0.6621794700622559,0.0,0,18.475008392262044,1.85627424044251,47.68285692102966,0.6616600790513834,0.0,0.32806324110671936,1.0,,,,,,
R5_aA_m0,R5,1,3,A,stochastic,known,controls,,1414,1265,1265,0.5565972328186035,0.0075,0,13.571110259384781,1.7928957327468076,18.42661189305747,0.6735177865612648,0.0,0.2909090909090909,1.0,,,,,,
R5_aA_m0,R5,1,4,A,exact,unknown,controls,,1414,1265,1265,0.5310261249542236,0.0,0,9.947794514994454,0.9678167645448584,4.414393573945098,0.8166007905138339,0.3683794466403162,0.16521739130434782,1.0,,,,,,
R5_aA_m0,R5,1,4,A,stochastic,known,controls,,1414,1265,1265,0.5123286247253418,0.0075,0,10.685109485942485,0.9881719110680868,3.52409978474293,0.8569169960474309,0.4758893280632411,0.13438735177865613,1.0,,,,,,
R5_aA_m0,R5,1,5,A,exact,unknown,controls,,1414,1265,1265,0.585005521774292,0.0,0,14.531498757364698,1.5230096329665967,5.348817155434337,0.7620553359683795,0.0,0.19683794466403162,1.0,,,,,,
R5_aA_m0,R5,1,5,A,stochastic,known,controls,,1414,1265,1265,0.5487394332885742,-0.0075,0,11.499401965155428,1.2533693344032366,2.736495754340128,0.9288537549407114,0.0,0.0031620553359683794,1.0,,,,,,
R5_aA_m0,R5,1,6,A,exact,unknown,controls,,1414,1265,1265,0.5489466190338135,0.0,0,14.01999831436177,1.3368716282709883,10.959878354542033,0.5754940711462451,0.2300395256916996,0.39446640316205533,1.0,,,,,,
R5_aA_m0,R5,1,6,A,stochastic,known,controls,,1414,1265,1265,0.5341436862945557,-0.0075,0,14.333975111876756,1.493356956704171,9.616993843561433,0.6347826086956522,0.0,0.33517786561264823,1.0,,,,,,
R5_aA_m0,R5,1,7,A,exact,unknown,controls,,1414,1265,1265,0.5378375053405762,0.0,0,4.939653970914909,0.5406739480800989,0.27167818589287374,1.0,0.49881422924901186,0.0,1.0,,,,,,
R5_aA_m0,R5,1,7,A,stochastic,known,controls,,1414,1265,1265,0.530214786529541,-0.0075,0,5.983496067229881,0.6663059211591573,0.3758256097295575,1.0,0.216600790513834,0.0,1.0,,,,,,
R5_aA_m0,R5,1,8,A,exact,unknown,controls,,1414,1265,1265,0.5299391746520996,0.0,0,12.562518249283627,1.3158573999090337,20.988106428501872,0.4300395256916996,0.2339920948616601,0.5604743083003952,1.0,,,,,,
R5_aA_m0,R5,1,8,A,stochastic,known,controls,,1414,1265,1265,0.5288171768188477,-0.0075,0,20.3336782071941,2.5292832549796986,69.79276972525562,0.31225296442687744,0.0,0.6173913043478261,0.9770750988142293,,,,,,
R5_aA_m0,R5,1,9,A,exact,unknown,controls,,1414,1265,1265,0.6017138957977295,0.0,0,16.524533356971947,1.6695526372114013,7.564232088824086,0.7201581027667984,0.23241106719367588,0.2482213438735178,1.0,,,,,,
R5_aA_m0,R5,1,9,A,stochastic,known,controls,,1414,1265,1265,0.4966461658477783,-0.0075,0,20.7041262177984,2.396788987747955,22.881930293303455,0.574703557312253,0.0,0.39367588932806324,1.0,,,,,,
R5_aA_m0,R5,1,10,A,exact,unknown,controls,,1414,1265,1265,0.5365545749664307,0.0,0,16.52345553901582,1.626896166080599,9.80045861644965,0.6150197628458498,0.0,0.3533596837944664,1.0,,,,,,
R5_aA_m0,R5,1,10,A,stochastic,known,controls,,1414,1265,1265,0.5592653751373291,-0.0075,0,17.642841544074866,1.8013429238587804,9.540228656885919,0.6387351778656126,0.0,0.33280632411067196,1.0,,,,,,
R5_aA_m0,R5,1,11,A,exact,unknown,controls,,1414,1265,1265,0.5592653751373291,0.0,0,5.179580974900848,0.590623140682834,1.6520201079704302,1.0,0.18498023715415018,0.0,1.0,,,,,,
R5_aA_m0,R5,1,11,A,stochastic,known,controls,,1414,1265,1265,0.5212960243225098,0.0075,0,7.0078494647557354,0.7305193131564609,3.7695433391255784,0.7905138339920948,0.16758893280632411,0.0,1.0,,,,,,
R5_aA_m0,R5,1,12,A,exact,unknown,controls,,1414,1265,1265,0.5306246280670166,0.0,0,14.674044998859662,1.432143575496742,21.971986648767633,0.6901185770750988,0.0,0.2940711462450593,1.0,,,,,,
R5_aA_m0,R5,1,12,A,stochastic,known,controls,,1414,1265,1265,0.594005823135376,0.0075,0,13.687491694954721,1.300159831647671,22.493339094601186,0.6814229249011857,0.0,0.3075098814229249,1.0,,,,,,
R5_aA_m0,R5,1,13,A,exact,unknown,controls,,1414,1265,1265,0.5697777271270752,0.0,0,19.564859432187973,1.9445298606578822,30.563792620340788,0.4450592885375494,0.20711462450592885,0.5375494071146245,1.0,,,,,,
R5_aA_m0,R5,1,13,A,stochastic,known,controls,,1414,1265,1265,0.35312318801879883,-0.0075,0,16.56690116354422,1.7204490221694706,13.183434197671296,0.5841897233201581,0.0,0.391304347826087,1.0,,,,,,
R5_aA_m0,R5,1,14,A,exact,unknown,controls,,1414,1265,1265,0.5882585048675537,0.0,0,4.819767951120742,0.4614184090431912,0.16026405018278927,1.0,0.8158102766798419,0.0,1.0,,,,,,
R5_aA_m0,R5,1,14,A,stochastic,known,controls,,1414,1265,1265,0.5037572383880615,-0.0075,0,11.94669821192097,2.529621149644384,12.658559118272503,0.0031620553359683794,0.0,0.8023715415019763,0.9612648221343874,,,,,,
R5_aA_m0,R5,1,15,A,exact,unknown,controls,,1414,1265,1265,0.65293288230896,0.0,0,5.544943843926745,0.6065507692678148,1.05942356272088,1.0,0.0,0.0,1.0,,,,,,
R5_aA_m0,R5,1,15,A,stochastic,known,controls,,1414,1265,1265,0.5089960098266602,-0.0075,0,2.1219692633788596,1.4797345400469308,5.205052248726817,0.71699604743083,0.0,0.05533596837944664,1.0,,,,,,
R5_aA_m0,R5,1,16,A,exact,unknown,controls,,1414,1265,1265,0.5232536792755127,0.0,0,14.324398535420375,1.5785969348150022,43.39719215359088,0.3652173913043478,0.23873517786561266,0.6213438735177865,1.0,,,,,,
R5_aA_m0,R5,1,16,A,stochastic,known,controls,,1414,1265,1265,0.5546813011169434,-0.0075,0,16.216973044787565,1.7622032295905024,54.716300208919826,0.4007905138339921,0.0,0.591304347826087,0.9976284584980237,,,,,,
R5_aA_m0,R5,1,17,A,exact,unknown,controls,,1414,1265,1265,0.559746503829956,0.0,0,10.688023018892938,1.2334684923924035,21.11942406590851,0.5043478260869565,0.003952569169960474,0.4853754940711462,1.0,,,,,,
R5_aA_m0,R5,1,17,A,stochastic,known,controls,,1414,1265,1265,0.5598881244659424,0.0075,0,18.452809364286217,2.2149495301063666,73.20642444566833,0.40632411067193674,0.0,0.5841897233201581,0.9865612648221344,,,,,,
R5_aA_m0,R5,1,18,A,exact,unknown,controls,,1414,1265,1265,0.5475001335144043,0.0,0,19.943870037419916,1.9712647771762999,14.877532850480268,0.5675889328063242,0.0,0.40632411067193674,1.0,,,,,,
R5_aA_m0,R5,1,18,A,stochastic,known,controls,,1414,1265,1265,0.48798704147338867,-0.0075,0,17.305942851458973,1.7532977005147101,8.868867503474652,0.6632411067193675,0.0,0.3067193675889328,1.0,,,,,,
R5_aA_m0,R5,1,19,A,exact,unknown,controls,,1414,1265,1265,0.5844595432281494,0.0,0,21.02803404374693,2.011119136587498,46.74378427944633,0.7051383399209487,0.0,0.28221343873517785,0.9976284584980237,,,,,,
R5_aA_m0,R5,1,19,A,stochastic,known,controls,,1414,1265,1265,0.6373648643493652,0.0075,0,18.56526493158121,1.8738221248375,50.409578943059,0.6656126482213439,0.0,0.3241106719367589,1.0,,,,,,
R5_aA_m0,R5,2,0,A,exact,unknown,controls,,1414,1265,1265,0.5901310443878174,0.0,0,3.5173975836309057,0.4049631941375468,0.15101112411494363,1.0,0.7723320158102767,0.0,1.0,,,,,,
R5_aA_m0,R5,2,0,A,stochastic,known,controls,,1414,1265,1265,0.3877525329589844,-0.01,0,2.822569243651206,0.43133945884090763,0.3918726068892038,1.0,0.0616600790513834,0.0,1.0,,,,,,
R5_aA_m0,R5,2,1,A,exact,unknown,controls,,1414,1265,1265,0.5115554332733154,0.0,0,9.648712373154904,0.9495875784677426,1.3952237412761141,0.9509881422924901,0.16126482213438736,0.03241106719367589,1.0,,,,,,
R5_aA_m0,R5,2,1,A,stochastic,known,controls,,1414,1265,1265,0.5863063335418701,-0.01,0,8.169930919417078,1.013851429384696,1.5455259273897721,1.0,0.0,0.0,1.0,,,,,,
R5_aA_m0,R5,2,2,A,exact,unknown,controls,,1414,1265,1265,0.6395778656005859,0.0,0,24.01037320658334,2.3046593894220155,65.60919591061108,0.491699604743083,0.0,0.433201581027668,0.7928853754940711,,,,,,
R5_aA_m0,R5,2,2,A,stochastic,known,controls,,1414,1265,1265,0.5175237655639648,-0.01,0,22.46704092245777,2.182740585910377,30.527427345972086,0.5596837944664032,0.0,0.40869565217391307,1.0,,,,,,
R5_aA_m0,R5,2,3,A,exact,unknown,controls,,1414,1265,1265,0.5331993103027344,0.0,0,33.655082193356165,3.3431004651566183,132.27972481170724,0.19446640316205532,0.0,0.7660079051383399,0.5130434782608696,,,,,,
R5_aA_m0,R5,2,3,A,stochastic,known,controls,,1414,1265,1265,0.4462442398071289,0.01,0,27.08098771942711,2.8904400195206232,99.27823410399087,0.4790513833992095,0.0,0.4679841897233202,0.6237154150197628,,,,,,
R5_aA_m0,R5,2,4,A,exact,unknown,controls,,1414,1265,1265,0.5287802219390869,0.0,0,8.648515827705669,0.9833574091695664,4.739537828310672,0.6687747035573123,0.02292490118577075,0.24347826086956523,1.0,,,,,,
R5_aA_m0,R5,2,4,A,stochastic,known,controls,,1414,1265,1265,0.501584529876709,0.01,0,10.462573190173504,1.1333149204206252,9.56351864388934,0.5059288537549407,0.037944664031620556,0.48142292490118577,1.0,,,,,,
R5_aA_m0,R5,2,5,A,exact,unknown,controls,,1414,1265,1265,0.5242302417755127,0.0,0,30.842878808419265,3.145658729245106,71.15542934945526,0.18735177865612648,0.0,0.7557312252964427,0.2656126482213439,,,,,,
R5_aA_m0,R5,2,5,A,stochastic,known,controls,,1414,1265,1265,0.5287306308746338,-0.01,0,27.06727638217977,2.7862786145832605,42.36959600532498,0.31225296442687744,0.0,0.6237154150197628,0.71699604743083,,,,,,
R5_aA_m0,R5,2,6,A,exact,unknown,controls,,1414,1265,1265,0.5405964851379395,0.0,0,21.925595495251567,2.153215835354699,54.62008979452792,0.3683794466403162,0.0,0.6126482213438735,0.9067193675889328,,,,,,
R5_aA_m0,R5,2,6,A,stochastic,known,controls,,1414,1265,1265,0.562605619430542,-0.01,0,21.65023130135458,2.193818236594783,44.292201680436094,0.4442687747035573,0.0,0.5391304347826087,1.0,,,,,,
R5_aA_m0,R5,2,7,A,exact,unknown,controls,,1414,1265,1265,0.5251941680908203,0.0,0,17.725695687575488,1.8417481613227624,31.250664353476154,0.29960474308300394,0.0,0.6616600790513834,0.9976284584980237,,,,,,
R5_aA_m0,R5,2,7,A,stochastic,known,controls,,1414,1265,1265,0.5727152824401855,-0.01,0,19.416745502670945,2.041549186457305,45.94640931175493,0.2616600790513834,0.0,0.7051383399209487,0.9343873517786562,,,,,,
R5_aA_m0,R5,2,8,A,exact,unknown,controls,,1414,1265,1265,0.5304992198944092,0.0,0,8.63282251191042,0.9397122701393557,4.206568701417818,0.9067193675889328,0.0,0.07984189723320158,1.0,,,,,,
R5_aA_m0,R5,2,8,A,stochastic,known,controls,,1414,1265,1265,0.45445942878723145,-0.01,0,14.477955777820895,2.074849409948898,36.54641720157884,0.3841897233201581,0.0,0.5984189723320158,1.0,,,,,,
R5_aA_m0,R5,2,9,A,exact,unknown,controls,,1414,1265,1265,0.5213286876678467,0.0,0,11.173549468040765,1.1477760792024407,3.1300701953682024,0.88300395256917,0.21739130434782608,0.10592885375494071,1.0,,,,,,
R5_aA_m0,R5,2,9,A,stochastic,known,controls,,1414,1265,1265,0.6017389297485352,-0.01,0,14.643403764019075,1.9061853760014325,12.907463613633,0.7739130434782608,0.0,0.2150197628458498,1.0,,,,,,
R5_aA_m0,R5,2,10,A,exact,unknown,controls,,1414,1265,1265,0.5252342224121094,0.0,0,33.09962553765618,3.2743215700260224,92.06406640365093,0.15968379446640316,0.0,0.7723320158102767,0.17312252964426877,,,,,,
R5_aA_m0,R5,2,10,A,stochastic,known,controls,,1414,1265,1265,0.5249061584472656,-0.01,0,33.65262465532793,3.3362466196026443,84.38867859969127,0.13438735177865613,0.0,0.8094861660079051,0.04110671936758893,,,,,,
R5_aA_m0,R5,2,11,A,exact,unknown,controls,,1414,1265,1265,0.49678826332092285,0.0,0,8.702108905684565,0.9146987845953553,2.5546909720098037,0.8940711462450592,0.0007905138339920949,0.08458498023715415,1.0,,,,,,
R5_aA_m0,R5,2,11,A,stochastic,known,controls,,1414,1265,1265,0.548882246017456,0.01,0,7.013306096135697,0.6705349390972484,1.3542949855691744,0.9588932806324111,0.37707509881422924,0.017391304347826087,1.0,,,,,,
R5_aA_m0,R5,2,12,A,exact,unknown,controls,,1414,1265,1265,0.5264129638671875,0.0,0,29.962678660573157,2.938231891661009,106.56656402100135,0.291699604743083,0.0,0.6632411067193675,0.5731225296442688,,,,,,
R5_aA_m0,R5,2,12,A,stochastic,known,controls,,1414,1265,1265,0.41631126403808594,0.01,0,28.3740778931183,2.736544649782078,140.87075928275465,0.3541501976284585,0.0,0.5928853754940712,0.6015810276679842,,,,,,
R5_aA_m0,R5,2,13,A,exact,unknown,controls,,1414,1265,1265,0.5523710250854492,0.0,0,14.242549742170327,1.4290900718834125,9.505862383961956,0.5794466403162055,0.0,0.3897233201581028,1.0,,,,,,
R5_aA_m0,R5,2,13,A,stochastic,known,controls,,1414,1265,1265,0.5560305118560791,-0.01,0,11.15321211212584,1.2547497261887381,2.9296383514774513,1.0,0.0,0.0,1.0,,,,,,
R5_aA_m0,R5,2,14,A,exact,unknown,controls,,1414,1265,1265,0.5552854537963867,0.0,0,8.695713468389185,0.8923884846808472,8.48168229469471,0.4901185770750988,0.16521739130434782,0.4932806324110672,1.0,,,,,,
R5_aA_m0,R5,2,14,A,stochastic,known,controls,,1414,1265,1265,0.555614709854126,-0.01,0,18.702892027522093,2.9087465819459015,36.31359674746336,0.0,0.0,0.9438735177865613,0.867193675889328,,,,,,
R5_aA_m0,R5,2,15,A,exact,unknown,controls,,1414,1265,1265,0.5297117233276367,0.0,0,21.273011232693232,2.120460124175904,15.864631924179475,0.37549407114624506,0.0,0.5675889328063242,0.8814229249011858,,,,,,
R5_aA_m0,R5,2,15,A,stochastic,known,controls,,1414,1265,1265,0.35886287689208984,-0.01,0,15.052431363088871,2.082297963306441,10.505968960528307,0.29881422924901185,0.0,0.4442687747035573,1.0,,,,,,
R5_aA_m0,R5,2,16,A,exact,unknown,controls,,1414,1265,1265,0.5286445617675781,0.0,0,10.473377969107746,1.2076781390054323,12.528979248825259,0.4624505928853755,0.022134387351778657,0.5272727272727272,1.0,,,,,,
R5_aA_m0,R5,2,16,A,stochastic,known,controls,,1414,1265,1265,0.5207796096801758,-0.01,0,10.85026157420765,1.269957515999536,21.57668016950641,0.4727272727272727,0.0,0.51699604743083,1.0,,,,,,
R5_aA_m0,R5,2,17,A,exact,unknown,controls,,1414,1265,1265,0.47069835662841797,0.0,0,26.29108626598253,2.77038946460695,140.69183925299117,0.2490118577075099,0.0,0.7201581027667984,0.7130434782608696,,,,,,
R5_aA_m0,R5,2,17,A,stochastic,known,controls,,1414,1265,1265,0.5217642784118652,0.01,0,35.137885909828185,3.7345108702058334,298.05035562438314,0.06719367588932806,0.0,0.8885375494071146,0.3565217391304348,,,,,,
R5_aA_m0,R5,2,18,A,exact,unknown,controls,,1414,1265,1265,0.508385181427002,0.0,0,36.035227105481354,3.5566463274235547,106.80583938783495,0.13043478260869565,0.0,0.8015810276679842,0.14940711462450593,,,,,,
R5_aA_m0,R5,2,18,A,stochastic,known,controls,,1414,1265,1265,0.5201911926269531,-0.01,0,32.75621311624476,3.250270223899281,72.10548229316473,0.1857707509881423,0.0,0.7549407114624506,0.31225296442687744,,,,,,
R5_aA_m0,R5,2,19,A,exact,unknown,controls,,1414,1265,1265,0.529118537902832,0.0,0,37.37168520310972,3.593236445034104,114.19482400926631,0.183399209486166,0.0,0.7747035573122529,0.21027667984189724,,,,,,
R5_aA_m0,R5,2,19,A,stochastic,known,controls,,1414,1265,1265,0.5144462585449219,0.01,0,34.25723814465812,3.327174857080292,117.57610293416997,0.07351778656126483,0.0,0.7849802371541502,0.6229249011857707,,,,,,
